Workbook

Sheet Parent
A1: BRIEF-2 Parent
A3: Directions: Enter all information in the green boxes.
A4: Use the following code: | J4: Age: | K4: 5-7
B5: 1 = Never | F5: 3 = Often | J5: Gender: | K5: Boys
B6: 2 = Sometimes | F6: ? = (Skipped)
C8: Raw Score | F8: Raw Score | H8: Total Missing Items: | N8: Raw Score Calculation:
A9: Item | B9: 1 | D9: Item | E9: 33 | H9: Total: | I9: Limit: | K9: Classification: | N9: Scale/Index/Comp | P9: Raw Score | Q9: # Missing
A10: Item | B10: =B9+1 -> 2 | D10: Item | E10: =E9+1 -> 34 | H10: =SUM(IF(C9="?",1,0),IF(C10="?",1,0),IF(C11="?",1,0),IF(C12="?",1,0),IF(C13="?",1,0),IF(C14="?",1,0),IF(C15="?",1,0),IF(C16="?",1,0),IF(C17="?",1,0),IF(C18="?",1,0),IF(C19="?",1,0),IF(C20="?",1,0),IF(C21="?",1,0),IF(C22="?",1,0),IF(C23="?",1,0),IF(C24="?",1,0),IF(C25="?",1,0),IF(C26="?",1,0),IF(C27="?",1,0),IF(C28="?",1,0),IF(C29="?",1,0),IF(C30="?",1,0),IF(C31="?",1,0),IF(C32="?",1,0),IF(C33="?",1,0),IF(C34="?",1,0),IF(C35="?",1,0),IF(C36="?",1,0),IF(C37="?",1,0),IF(C38="?",1,0),IF(C39="?",1,0),IF(C40="?",1,0),IF(F9="?",1,0),IF(F10="?",1,0),IF(F11="?",1,0),IF(F12="?",1,0),IF(F13="?",1,0),IF(F14="?",1,0),IF(F15="?",1,0),IF(F16="?",1,0),IF(F17="?",1,0),IF(F18="?",1,0),IF(F19="?",1,0),IF(F20="?",1,0),IF(F21="?",1,0),IF(F22="?",1,0),IF(F23="?",1,0),IF(F24="?",1,0),IF(F25="?",1,0),IF(F26="?",1,0),IF(F27="?",1,0),IF(F28="?",1,0),IF(F29="?",1,0),IF(F30="?",1,0),IF(F31="?",1,0),IF(F32="?",1,0),IF(F33="?",1,0),IF(F34="?",1,0),IF(F35="?",1,0),IF(F36="?",1,0),IF(F37="?",1,0),IF(F38="?",1,0),IF(F39="?",1,0)) -> 0 | I10: 12 | K10: =IF(H10>I10,"Invalid","Acceptable") -> Acceptable | N10: Inhibit | P10: =IF(Q10<2,SUM(C9,C18,C24,C32,C38,F15,F24,F38,Q10),"INVALID") -> 0 | Q10: =SUM(IF(C9="?",1,0),IF(C18="?",1,0),IF(C24="?",1,0),IF(C32="?",1,0),IF(C38="?",1,0),IF(F15="?",1,0),IF(F24="?",1,0),IF(F38="?",1,0)) -> 0
A11: Item | B11: =B10+1 -> 3 | D11: Item | E11: =E10+1 -> 35 | N11: Self-Monitor | P11: =IF(Q11<2,SUM(C12,C21,C28,C34,Q11),"INVALID") -> 0 | Q11: =SUM(IF(C12="?",1,0),IF(C21="?",1,0),IF(C28="?",1,0),IF(C34="?",1,0)) -> 0
A12: Item | B12: =B11+1 -> 4 | D12: Item | E12: =E11+1 -> 36 | H12: Negativity Scale: | N12: BRI | P12: =IF(AND(Q10<2,Q11<2),SUM(P10:P11),"INVALID") -> 0 | Q12: =SUM(Q10:Q11) -> 0
A13: Item | B13: =B12+1 -> 5 | D13: Item | E13: =E12+1 -> 37 | H13: Score: | I13: Percentile: | K13: Classification: | N13: Shift | P13: =IF(Q13<2,SUM(C10,C19,C25,C39,F16,F25,F34,F36,Q13),"INVALID") -> 0 | Q13: =SUM(IF(C10="?",1,0),IF(C19="?",1,0),IF(C25="?",1,0),IF(C39="?",1,0),IF(F16="?",1,0),IF(F25="?",1,0),IF(F34="?",1,0),IF(F36="?",1,0)) -> 0
A14: Item | B14: =B13+1 -> 6 | D14: Item | E14: =E13+1 -> 38 | H14: =SUM(IF(C22="?",0,TRUNC(C22/3)),IF(C36="?",0,TRUNC(C36/3)),IF(C38="?",0,TRUNC(C38/3)),IF(F10="?",0,TRUNC(F10/3)),IF(F15="?",0,TRUNC(F15/3)),IF(F17="?",0,TRUNC(F17/3)),IF(F34="?",0,TRUNC(F34/3)),IF(F36="?",0,TRUNC(F36/3))) -> 0 | I14: =IF(H14>7,">99",IF(H14=7,"99","≤98")) -> ≤98 | K14: =IF(H14>7,"Highly Elevated",IF(H14=7,"Elevated","Acceptable")) -> Acceptable | N14: Emotional Control | P14: =IF(Q14<2,SUM(C14,C22,C30,C35,F10,F19,F27,F32,Q14),"INVALID") -> 0 | Q14: =SUM(IF(C14="?",1,0),IF(C22="?",1,0),IF(C30="?",1,0),IF(C35="?",1,0),IF(F10="?",1,0),IF(F19="?",1,0),IF(F27="?",1,0),IF(F32="?",1,0)) -> 0
A15: Item | B15: =B14+1 -> 7 | D15: Item | E15: =E14+1 -> 39 | N15: ERI | P15: =IF(AND(Q13<2,Q14<2),SUM(P13:P14),"INVALID") -> 0 | Q15: =SUM(Q13:Q14) -> 0
A16: Item | B16: =B15+1 -> 8 | D16: Item | E16: =E15+1 -> 40 | H16: Infrequency Scale: | N16: Initiate | P16: =IF(Q16<2,SUM(C17,F14,F26,F31,F37,Q16),"INVALID") -> 0 | Q16: =SUM(IF(C17="?",1,0),IF(F14="?",1,0),IF(F26="?",1,0),IF(F31="?",1,0),IF(F37="?",1,0)) -> 0
A17: Item | B17: =B16+1 -> 9 | D17: Item | E17: =E16+1 -> 41 | H17: Score: | I17: Percentile: | K17: Classification: | N17: Working Memory | P17: =IF(Q17<2,SUM(C11,C20,C27,C33,C36,C40,F17,F22,Q17),"INVALID") -> 0 | Q17: =SUM(IF(C11="?",1,0),IF(C20="?",1,0),IF(C27="?",1,0),IF(C33="?",1,0),IF(C36="?",1,0),IF(C40="?",1,0),IF(F17="?",1,0),IF(F22="?",1,0)) -> 0
A18: Item | B18: =B17+1 -> 10 | D18: Item | E18: =E17+1 -> 42 | H18: =SUM(IF(C26="?",0,ROUND(C26/3,0)),IF(F12="?",0,ROUND(F12/3,0)),IF(F30="?",0,ROUND(F30/3,0))) -> 0 | I18: =IF(H18=0,"99",">99") -> 99 | K18: =IF(H18=0,"Acceptable","Questionable") -> Acceptable | N18: Plan/Organize | P18: =IF(Q18<2,SUM(C15,C23,C31,F11,F20,F28,F33,F35,Q18),"INVALID") -> 0 | Q18: =SUM(IF(C15="?",1,0),IF(C23="?",1,0),IF(C31="?",1,0),IF(F11="?",1,0),IF(F20="?",1,0),IF(F28="?",1,0),IF(F33="?",1,0),IF(F35="?",1,0)) -> 0
A19: Item | B19: =B18+1 -> 11 | D19: Item | E19: =E18+1 -> 43 | N19: Task-Monitor | P19: =IF(Q19<2,SUM(C13,C29,C37,F9,F18,Q19),"INVALID") -> 0 | Q19: =SUM(IF(C13="?",1,0),IF(C29="?",1,0),IF(C37="?",1,0),IF(F9="?",1,0),IF(F18="?",1,0)) -> 0
A20: Item | B20: =B19+1 -> 12 | D20: Item | E20: =E19+1 -> 44 | H20: Inconsistency Scale: | N20: Org. of Materials | P20: =IF(Q20<2,SUM(C16,F13,F21,F23,F29,F39,Q20),"INVALID") -> 0 | Q20: =SUM(IF(C16="?",1,0),IF(F13="?",1,0),IF(F21="?",1,0),IF(F23="?",1,0),IF(F29="?",1,0),IF(F39="?",1,0)) -> 0
A21: Item | B21: =B20+1 -> 13 | D21: Item | E21: =E20+1 -> 45 | H21: Score: | I21: Percentile: | K21: Classification: | N21: CRI | P21: =IF(AND(Q16<2,Q17<2,Q18<2,Q19<2,Q20<2),SUM(P16:P20),"INVALID") -> 0 | Q21: =SUM(Q16:Q20) -> 0
A22: Item | B22: =B21+1 -> 14 | D22: Item | E22: =E21+1 -> 46 | H22: =SUM(L25:L32) -> 0 | I22: =IF(H22>10,">99",IF(H22<7,"≤98","99")) -> ≤98 | K22: =IF(H22>10,"Inconsistent",IF(H22<7,"Acceptable","Questionable")) -> Acceptable | N22: GEC | P22: =IF(P12="INVALID","INVALID",IF(P15="INVALID","INVALID",IF(P21="INVALID","INVALID",SUM(P12,P15,P21)))) -> 0 | Q22: =SUM(Q12,Q15,Q21) -> 0
A23: Item | B23: =B22+1 -> 15 | D23: Item | E23: =E22+1 -> 47
A24: Item | B24: =B23+1 -> 16 | D24: Item | E24: =E23+1 -> 48 | H24: Item no. | I24: Score | J24: Item no. | K24: Score | L24: Difference | N24: Scoring Summary Table
A25: Item | B25: =B24+1 -> 17 | D25: Item | E25: =E24+1 -> 49 | H25: 5 | I25: =IF(C13="?",1,C13) -> 0 | J25: 21 | K25: =IF(C29="?",1,C29) -> 0 | L25: =ABS(I25-K25) -> 0 | N25: Scale/Index/Comp | P25: Raw Score | Q25: T-Score | R25: %ile | S25: 90% CI
A26: Item | B26: =B25+1 -> 18 | D26: Item | E26: =E25+1 -> 50 | H26: 9 | I26: =IF(C17="?",1,C17) -> 0 | J26: 55 | K26: =IF(F31="?",1,F31) -> 0 | L26: =ABS(I26-K26) -> 0 | N26: Inhibit | P26: =P10 -> 0 | Q26: ='Calc - Parent'!D7 | R26: ='Calc - Parent'!E7 | S26: ='Calc - Parent'!F7 -> #VALUE! | T26: - | U26: ='Calc - Parent'!G7 -> #VALUE!
A27: Item | B27: =B26+1 -> 19 | D27: Item | E27: =E26+1 -> 51 | H27: 10 | I27: =IF(C18="?",1,C18) -> 0 | J27: 48 | K27: =IF(F24="?",1,F24) -> 0 | L27: =ABS(I27-K27) -> 0 | N27: Self-Monitor | P27: =P11 -> 0 | Q27: ='Calc - Parent'!D8 | R27: ='Calc - Parent'!E8 | S27: ='Calc - Parent'!F8 -> #VALUE! | T27: - | U27: ='Calc - Parent'!G8 -> #VALUE!
A28: Item | B28: =B27+1 -> 20 | D28: Item | E28: =E27+1 -> 52 | H28: 17 | I28: =IF(C25="?",1,C25) -> 0 | J28: 40 | K28: =IF(F16="?",1,F16) -> 0 | L28: =ABS(I28-K28) -> 0 | N28: BRI | P28: =P12 -> 0 | Q28: ='Calc - Parent'!D9 | R28: ='Calc - Parent'!E9 | S28: ='Calc - Parent'!F9 -> #VALUE! | T28: - | U28: ='Calc - Parent'!G9 -> #VALUE!
A29: Item | B29: =B28+1 -> 21 | D29: Item | E29: =E28+1 -> 53 | H29: 20 | I29: =IF(C28="?",1,C28) -> 0 | J29: 26 | K29: =IF(C34="?",1,C34) -> 0 | L29: =ABS(I29-K29) -> 0 | N29: Shift | P29: =P13 -> 0 | Q29: ='Calc - Parent'!D10 | R29: ='Calc - Parent'!E10 | S29: ='Calc - Parent'!F10 -> #VALUE! | T29: - | U29: ='Calc - Parent'!G10 -> #VALUE!
A30: Item | B30: =B29+1 -> 22 | D30: Item | E30: =E29+1 -> 54 | H30: 22 | I30: =IF(C30="?",1,C30) -> 0 | J30: 56 | K30: =IF(F32="?",1,F32) -> 0 | L30: =ABS(I30-K30) -> 0 | N30: Emotional Control | P30: =P14 -> 0 | Q30: ='Calc - Parent'!D11 | R30: ='Calc - Parent'!E11 | S30: ='Calc - Parent'!F11 -> #VALUE! | T30: - | U30: ='Calc - Parent'!G11 -> #VALUE!
A31: Item | B31: =B30+1 -> 23 | D31: Item | E31: =E30+1 -> 55 | H31: 25 | I31: =IF(C33="?",1,C33) -> 0 | J31: 50 | K31: =IF(F26="?",1,F26) -> 0 | L31: =ABS(I31-K31) -> 0 | N31: ERI | P31: =P15 -> 0 | Q31: ='Calc - Parent'!D12 | R31: ='Calc - Parent'!E12 | S31: ='Calc - Parent'!F12 -> #VALUE! | T31: - | U31: ='Calc - Parent'!G12 -> #VALUE!
A32: Item | B32: =B31+1 -> 24 | D32: Item | E32: =E31+1 -> 56 | H32: 37 | I32: =IF(F13="?",1,F13) -> 0 | J32: 63 | K32: =IF(F39="?",1,F39) -> 0 | L32: =ABS(I32-K32) -> 0 | N32: Initiate | P32: =P16 -> 0 | Q32: ='Calc - Parent'!D13 | R32: ='Calc - Parent'!E13 | S32: ='Calc - Parent'!F13 -> #VALUE! | T32: - | U32: ='Calc - Parent'!G13 -> #VALUE!
A33: Item | B33: =B32+1 -> 25 | D33: Item | E33: =E32+1 -> 57 | N33: Working Memory | P33: =P17 -> 0 | Q33: ='Calc - Parent'!D14 | R33: ='Calc - Parent'!E14 | S33: ='Calc - Parent'!F14 -> #VALUE! | T33: - | U33: ='Calc - Parent'!G14 -> #VALUE!
A34: Item | B34: 26 | D34: Item | E34: =E33+1 -> 58 | N34: Plan/Organize | P34: =P18 -> 0 | Q34: ='Calc - Parent'!D15 | R34: ='Calc - Parent'!E15 | S34: ='Calc - Parent'!F15 -> #VALUE! | T34: - | U34: ='Calc - Parent'!G15 -> #VALUE!
A35: Item | B35: 27 | D35: Item | E35: =E34+1 -> 59 | N35: Task-Monitor | P35: =P19 -> 0 | Q35: ='Calc - Parent'!D16 | R35: ='Calc - Parent'!E16 | S35: ='Calc - Parent'!F16 -> #VALUE! | T35: - | U35: ='Calc - Parent'!G16 -> #VALUE!
A36: Item | B36: 28 | D36: Item | E36: =E35+1 -> 60 | N36: Org. of Materials | P36: =P20 -> 0 | Q36: ='Calc - Parent'!D17 | R36: ='Calc - Parent'!E17 | S36: ='Calc - Parent'!F17 -> #VALUE! | T36: - | U36: ='Calc - Parent'!G17 -> #VALUE!
A37: Item | B37: =B36+1 -> 29 | D37: Item | E37: =E36+1 -> 61 | N37: CRI | P37: =P21 -> 0 | Q37: ='Calc - Parent'!D18 | R37: ='Calc - Parent'!E18 | S37: ='Calc - Parent'!F18 -> #VALUE! | T37: - | U37: ='Calc - Parent'!G18 -> #VALUE!
A38: Item | B38: =B37+1 -> 30 | D38: Item | E38: =E37+1 -> 62 | N38: GEC | P38: =P22 -> 0 | Q38: ='Calc - Parent'!D19 | R38: ='Calc - Parent'!E19 | S38: ='Calc - Parent'!F19 -> #VALUE! | T38: - | U38: ='Calc - Parent'!G19 -> #VALUE!
A39: Item | B39: =B38+1 -> 31 | D39: Item | E39: =E38+1 -> 63
A40: Item | B40: =B39+1 -> 32

Sheet Teacher
A1: BRIEF-2 Teacher
A3: Directions: Enter all information in the green boxes.
A4: Use the following code: | J4: Age: | K4: Select:
B5: 1 = Never | F5: 3 = Often | J5: Gender: | K5: Select:
B6: 2 = Sometimes | F6: ? = (Skipped)
C8: Raw Score | F8: Raw Score | H8: Total Missing Items: | N8: Raw Scores Calculation:
A9: Item | B9: 1 | D9: Item | E9: 33 | H9: Total: | I9: Limit: | K9: Classification: | N9: Scale/Index/Comp | P9: Raw Score | Q9: # Missing
A10: Item | B10: =B9+1 -> 2 | D10: Item | E10: =E9+1 -> 34 | H10: =SUM(IF(C9="?",1,0),IF(C10="?",1,0),IF(C11="?",1,0),IF(C12="?",1,0),IF(C13="?",1,0),IF(C14="?",1,0),IF(C15="?",1,0),IF(C16="?",1,0),IF(C17="?",1,0),IF(C18="?",1,0),IF(C19="?",1,0),IF(C20="?",1,0),IF(C21="?",1,0),IF(C22="?",1,0),IF(C23="?",1,0),IF(C24="?",1,0),IF(C25="?",1,0),IF(C26="?",1,0),IF(C27="?",1,0),IF(C28="?",1,0),IF(C29="?",1,0),IF(C30="?",1,0),IF(C31="?",1,0),IF(C32="?",1,0),IF(C33="?",1,0),IF(C34="?",1,0),IF(C35="?",1,0),IF(C36="?",1,0),IF(C37="?",1,0),IF(C38="?",1,0),IF(C39="?",1,0),IF(C40="?",1,0),IF(F9="?",1,0),IF(F10="?",1,0),IF(F11="?",1,0),IF(F12="?",1,0),IF(F13="?",1,0),IF(F14="?",1,0),IF(F15="?",1,0),IF(F16="?",1,0),IF(F17="?",1,0),IF(F18="?",1,0),IF(F19="?",1,0),IF(F20="?",1,0),IF(F21="?",1,0),IF(F22="?",1,0),IF(F23="?",1,0),IF(F24="?",1,0),IF(F25="?",1,0),IF(F26="?",1,0),IF(F27="?",1,0),IF(F28="?",1,0),IF(F29="?",1,0),IF(F30="?",1,0),IF(F31="?",1,0),IF(F32="?",1,0),IF(F33="?",1,0),IF(F34="?",1,0),IF(F35="?",1,0),IF(F36="?",1,0),IF(F37="?",1,0),IF(F38="?",1,0),IF(F39="?",1,0)) -> 0 | I10: 12 | K10: =IF(H10>I10,"Invalid","Acceptable") -> Acceptable | N10: Inhibit | P10: =IF(Q10<2,SUM(C9,C18,C24,C32,C38,F15,F24,F34),"INVALID") -> 0 | Q10: =SUM(IF(C9="?",1,0),IF(C18="?",1,0),IF(C24="?",1,0),IF(C32="?",1,0),IF(C38="?",1,0),IF(F15="?",1,0),IF(F24="?",1,0),IF(F34="?",1,0)) -> 0
A11: Item | B11: =B10+1 -> 3 | D11: Item | E11: =E10+1 -> 35 | N11: Self-Monitor | P11: =IF(Q11<2,SUM(C12,C21,C28,C34,F35),"INVALID") -> 0 | Q11: =SUM(IF(C12="?",1,0),IF(C21="?",1,0),IF(C28="?",1,0),IF(C34="?",1,0),IF(F35="?",1,0)) -> 0
A12: Item | B12: =B11+1 -> 4 | D12: Item | E12: =E11+1 -> 36 | H12: Negativity Scale: | N12: BRI | P12: =IF(AND(Q10<2,Q11<2),SUM(P10:P11),"INVALID") -> 0 | Q12: =SUM(Q10:Q11) -> 0
A13: Item | B13: =B12+1 -> 5 | D13: Item | E13: =E12+1 -> 37 | H13: Score: | I13: Percentile: | K13: Classification: | N13: Shift | P13: =IF(Q13<2,SUM(C10,C19,C25,C39,F16,F25,F36,F39),"INVALID") -> 0 | Q13: =SUM(IF(C10="?",1,0),IF(C19="?",1,0),IF(C25="?",1,0),IF(C39="?",1,0),IF(F16="?",1,0),IF(F25="?",1,0),IF(F36="?",1,0),IF(F39="?",1,0)) -> 0
A14: Item | B14: =B13+1 -> 6 | D14: Item | E14: =E13+1 -> 38 | H14: =SUM(IF(C10="?",0,TRUNC(C10/3)),IF(C19="?",0,TRUNC(C19/3)),IF(C39="?",0,TRUNC(C39/3)),IF(F10="?",0,TRUNC(F10/3)),IF(F13="?",0,TRUNC(F13/3)),IF(F19="?",0,TRUNC(F19/3)),IF(F21="?",0,TRUNC(F21/3)),IF(F25="?",0,TRUNC(F25/3))) -> 0 | I14: =IF(H14>7,">99",IF(H14=7,"99","≤98")) -> ≤98 | K14: =IF(H14>7,"Highly Elevated",IF(H14=7,"Elevated","Acceptable")) -> Acceptable | N14: Emotional Control | P14: =IF(Q14<2,SUM(C14,C22,C30,C35,F10,F19,F27,F32),"INVALID") -> 0 | Q14: =SUM(IF(C14="?",1,0),IF(C22="?",1,0),IF(C30="?",1,0),IF(C35="?",1,0),IF(F10="?",1,0),IF(F19="?",1,0),IF(F27="?",1,0),IF(F32="?",1,0)) -> 0
A15: Item | B15: =B14+1 -> 7 | D15: Item | E15: =E14+1 -> 39 | N15: ERI | P15: =IF(AND(Q13<2,Q14<2),SUM(P13:P14),"INVALID") -> 0 | Q15: =SUM(Q13:Q14) -> 0
A16: Item | B16: =B15+1 -> 8 | D16: Item | E16: =E15+1 -> 40 | H16: Infrequency Scale: | N16: Initiate | P16: =IF(Q16<2,SUM(C17,F14,F26,F31),"INVALID") -> 0 | Q16: =SUM(IF(C17="?",1,0),IF(F14="?",1,0),IF(F26="?",1,0),IF(F31="?",1,0)) -> 0
A17: Item | B17: =B16+1 -> 9 | D17: Item | E17: =E16+1 -> 41 | H17: Score: | I17: Percentile: | K17: Classification: | N17: Working Memory | P17: =IF(Q17<2,SUM(C11,C20,C27,C33,C36,C40,F17,F22),"INVALID") -> 0 | Q17: =SUM(IF(C11="?",1,0),IF(C20="?",1,0),IF(C27="?",1,0),IF(C33="?",1,0),IF(C36="?",1,0),IF(C40="?",1,0),IF(F17="?",1,0),IF(F22="?",1,0)) -> 0
A18: Item | B18: =B17+1 -> 10 | D18: Item | E18: =E17+1 -> 42 | H18: =SUM(IF(C26="?",0,ROUND(C26/3,0)),IF(F12="?",0,ROUND(F12/3,0)),IF(F30="?",0,ROUND(F30/3,0))) -> 0 | I18: =IF(H18=0,"99",">99") -> 99 | K18: =IF(H18=0,"Acceptable","Questionable") -> Acceptable | N18: Plan/Organize | P18: =IF(Q18<2,SUM(C15,C23,C31,F11,F20,F28,F33,F37),"INVALID") -> 0 | Q18: =SUM(IF(C15="?",1,0),IF(C23="?",1,0),IF(C31="?",1,0),IF(F11="?",1,0),IF(F20="?",1,0),IF(F28="?",1,0),IF(F33="?",1,0),IF(F37="?",1,0)) -> 0
A19: Item | B19: =B18+1 -> 11 | D19: Item | E19: =E18+1 -> 43 | N19: Task-Monitor | P19: =IF(Q19<2,SUM(C13,C29,C37,F9,F18,F38),"INVALID") -> 0 | Q19: =SUM(IF(C13="?",1,0),IF(C29="?",1,0),IF(C37="?",1,0),IF(F9="?",1,0),IF(F18="?",1,0),IF(C38="?",1,0)) -> 0
A20: Item | B20: =B19+1 -> 12 | D20: Item | E20: =E19+1 -> 44 | H20: Inconsistency Scale: | N20: Org. of Materials | P20: =IF(Q20<2,SUM(C16,F13,F21,F23,F29),"INVALID") -> 0 | Q20: =SUM(IF(C16="?",1,0),IF(F13="?",1,0),IF(F21="?",1,0),IF(F23="?",1,0),IF(F29="?",1,0)) -> 0
A21: Item | B21: =B20+1 -> 13 | D21: Item | E21: =E20+1 -> 45 | H21: Score: | I21: Percentile: | K21: Classification: | N21: CRI | P21: =IF(AND(Q16<2,Q17<2,Q18<2,Q19<2,Q20<2),SUM(P16:P20),"INVALID") -> 0 | Q21: =SUM(Q16:Q20) -> 0
A22: Item | B22: =B21+1 -> 14 | D22: Item | E22: =E21+1 -> 46 | H22: =SUM(L25:L32) -> 0 | I22: =IF(H22>10,">99",IF(H22<7,"≤98","99")) -> ≤98 | K22: =IF(H22>10,"Inconsistent",IF(H22<7,"Acceptable","Questionable")) -> Acceptable | N22: GEC | P22: =IF(P12="INVALID","INVALID",IF(P15="INVALID","INVALID",IF(P21="INVALID","INVALID",SUM(P12,P15,P21)))) -> 0 | Q22: =SUM(Q12,Q15,Q21) -> 0
A23: Item | B23: =B22+1 -> 15 | D23: Item | E23: =E22+1 -> 47
A24: Item | B24: =B23+1 -> 16 | D24: Item | E24: =E23+1 -> 48 | H24: Item no. | I24: Score | J24: Item no. | K24: Score | L24: Difference | N24: Scoring Summary Table
A25: Item | B25: =B24+1 -> 17 | D25: Item | E25: =E24+1 -> 49 | H25: 3 | I25: =IF(C11="?",1,C11) -> 0 | J25: 19 | K25: =IF(C27="?",1,C27) -> 0 | L25: =ABS(I25-K25) -> 0 | N25: Scale/Index/Comp | P25: Raw Score | Q25: T-Score | R25: %ile | S25: 90% CI
A26: Item | B26: =B25+1 -> 18 | D26: Item | E26: =E25+1 -> 50 | H26: 4 | I26: =IF(C12="?",1,C12) -> 0 | J26: 20 | K26: =IF(C28="?",1,C28) -> 0 | L26: =ABS(I26-K26) -> 0 | N26: Inhibit | P26: =P10 -> 0 | T26: -
A27: Item | B27: =B26+1 -> 19 | D27: Item | E27: =E26+1 -> 51 | H27: 5 | I27: =IF(C13="?",1,C13) -> 0 | J27: 33 | K27: =IF(F9="?",1,F9) -> 0 | L27: =ABS(I27-K27) -> 0 | N27: Self-Monitor | P27: =P11 -> 0 | T27: -
A28: Item | B28: =B27+1 -> 20 | D28: Item | E28: =E27+1 -> 52 | H28: 6 | I28: =IF(C14="?",1,C14) -> 0 | J28: 14 | K28: =IF(C22="?",1,C22) -> 0 | L28: =ABS(I28-K28) -> 0 | N28: BRI | P28: =P12 -> 0 | T28: -
A29: Item | B29: =B28+1 -> 21 | D29: Item | E29: =E28+1 -> 53 | H29: 12 | I29: =IF(C20="?",1,C20) -> 0 | J29: 32 | K29: =IF(C40="?",1,C40) -> 0 | L29: =ABS(I29-K29) -> 0 | N29: Shift | P29: =P13 -> 0 | T29: -
A30: Item | B30: =B29+1 -> 22 | D30: Item | E30: =E29+1 -> 54 | H30: 16 | I30: =IF(C24="?",1,C24) -> 0 | J30: 39 | K30: =IF(F15="?",1,F15) -> 0 | L30: =ABS(I30-K30) -> 0 | N30: Emotional Control | P30: =P14 -> 0 | T30: -
A31: Item | B31: =B30+1 -> 23 | D31: Item | E31: =E30+1 -> 55 | H31: 22 | I31: =IF(C30="?",1,C30) -> 0 | J31: 56 | K31: =IF(F32="?",1,F32) -> 0 | L31: =ABS(I31-K31) -> 0 | N31: ERI | P31: =P15 -> 0 | T31: -
A32: Item | B32: =B31+1 -> 24 | D32: Item | E32: =E31+1 -> 56 | H32: 60 | I32: =IF(F36="?",1,F36) -> 0 | J32: 63 | K32: =IF(F39="?",1,F39) -> 0 | L32: =ABS(I32-K32) -> 0 | N32: Initiate | P32: =P16 -> 0 | T32: -
A33: Item | B33: =B32+1 -> 25 | D33: Item | E33: =E32+1 -> 57 | N33: Working Memory | P33: =P17 -> 0 | T33: -
A34: Item | B34: 26 | D34: Item | E34: =E33+1 -> 58 | H34: TEACHER T-SCORES, %ILES AND CIs NOT YET AVAILABLE | N34: Plan/Organize | P34: =P18 -> 0 | T34: -
A35: Item | B35: 27 | D35: Item | E35: =E34+1 -> 59 | N35: Task-Monitor | P35: =P19 -> 0 | T35: -
A36: Item | B36: 28 | D36: Item | E36: =E35+1 -> 60 | N36: Org. of Materials | P36: =P20 -> 0 | T36: -
A37: Item | B37: =B36+1 -> 29 | D37: Item | E37: =E36+1 -> 61 | N37: CRI | P37: =P21 -> 0 | T37: -
A38: Item | B38: =B37+1 -> 30 | D38: Item | E38: =E37+1 -> 62 | N38: GEC | P38: =P22 -> 0 | T38: -
A39: Item | B39: =B38+1 -> 31 | D39: Item | E39: =E38+1 -> 63
A40: Item | B40: =B39+1 -> 32

Sheet Self
A1: BRIEF-2 Self
A3: Directions: Enter all information in the green boxes.
A4: Use the following code: | J4: Age: | K4: 14-18
B5: 1 = Never | F5: 3 = Often | J5: Gender: | K5: Boys
B6: 2 = Sometimes | F6: ? = (Skipped)
C8: Raw Score | F8: Raw Score | H8: Total Missing Items: | N8: Raw Scores Calculation:
A9: Item | B9: 1 | D9: Item | E9: 31 | H9: Total: | I9: Limit: | K9: Classification: | N9: Scale/Index/Comp | P9: Raw Score | Q9: # Missing
A10: Item | B10: =B9+1 -> 2 | D10: Item | E10: =E9+1 -> 32 | H10: =SUM(IF(C9="?",1,0),IF(C10="?",1,0),IF(C11="?",1,0),IF(C12="?",1,0),IF(C13="?",1,0),IF(C14="?",1,0),IF(C15="?",1,0),IF(C16="?",1,0),IF(C17="?",1,0),IF(C18="?",1,0),IF(C19="?",1,0),IF(C20="?",1,0),IF(C21="?",1,0),IF(C22="?",1,0),IF(C23="?",1,0),IF(C24="?",1,0),IF(C25="?",1,0),IF(C26="?",1,0),IF(C27="?",1,0),IF(C28="?",1,0),IF(C29="?",1,0),IF(C30="?",1,0),IF(C31="?",1,0),IF(C32="?",1,0),IF(C33="?",1,0),IF(C34="?",1,0),IF(C35="?",1,0),IF(C36="?",1,0),IF(C37="?",1,0),IF(C38="?",1,0),IF(F9="?",1,0),IF(F10="?",1,0),IF(F11="?",1,0),IF(F12="?",1,0),IF(F13="?",1,0),IF(F14="?",1,0),IF(F15="?",1,0),IF(F16="?",1,0),IF(F17="?",1,0),IF(F18="?",1,0),IF(F19="?",1,0),IF(F20="?",1,0),IF(F21="?",1,0),IF(F22="?",1,0),IF(F23="?",1,0),IF(F24="?",1,0),IF(F25="?",1,0),IF(F26="?",1,0),IF(F27="?",1,0),IF(F28="?",1,0),IF(F29="?",1,0),IF(F30="?",1,0),IF(F31="?",1,0),IF(F32="?",1,0),IF(F33="?",1,0)) -> 0 | I10: 10 | K10: =IF(H10>I10,"Invalid","Acceptable") -> Acceptable | N10: Inhibit | P10: =IF(Q10<2,SUM(C9,C18,C24,C32,C38,F17,F26,F27),"INVALID") -> 0 | Q10: =SUM(IF(C9="?",1,0),IF(C18="?",1,0),IF(C24="?",1,0),IF(C32="?",1,0),IF(C38="?",1,0),IF(F17="?",1,0),IF(F26="?",1,0),IF(F27="?",1,0)) -> 0
A11: Item | B11: =B10+1 -> 3 | D11: Item | E11: =E10+1 -> 33 | N11: Self-Monitor | P11: =IF(Q11<2,SUM(C12,C21,C28,C34,F28),"INVALID") -> 0 | Q11: =SUM(IF(C12="?",1,0),IF(C21="?",1,0),IF(C28="?",1,0),IF(C34="?",1,0),IF(F28="?",1,0)) -> 0
A12: Item | B12: =B11+1 -> 4 | D12: Item | E12: =E11+1 -> 34 | H12: Negativity Scale: | N12: BRI | P12: =IF(AND(Q10<2,Q11<2),SUM(P10:P11),"INVALID") -> 0 | Q12: =SUM(Q10:Q11) -> 0
A13: Item | B13: =B12+1 -> 5 | D13: Item | E13: =E12+1 -> 35 | H13: Score: | I13: Percentile: | K13: Classification: | N13: Shift | P13: =IF(Q13<2,SUM(C10,C19,C25,F9,F18,F23,F29,F31),"INVALID") -> 0 | Q13: =SUM(IF(C10="?",1,0),IF(C19="?",1,0),IF(C25="?",1,0),IF(F9="?",1,0),IF(F18="?",1,0),IF(F23="?",1,0),IF(F29="?",1,0),IF(F31="?",1,0)) -> 0
A14: Item | B14: =B13+1 -> 6 | D14: Item | E14: =E13+1 -> 36 | H14: =SUM(IF(C24="?",0,TRUNC(C24/3)),IF(C27="?",0,TRUNC(C27/3)),IF(C28="?",0,TRUNC(C28/3)),IF(C32="?",0,TRUNC(C32/3)),IF(C38="?",0,TRUNC(C38/3)),IF(F21="?",0,TRUNC(F21/3)),IF(F28="?",0,TRUNC(F28/3)),IF(F29="?",0,TRUNC(F29/3))) -> 0 | I14: =IF(H14>7,">99",IF(H14=7,"99","≤98")) -> ≤98 | K14: =IF(H14>4,"Highly Elevated",IF(H14=4,"Elevated","Acceptable")) -> Acceptable | N14: Emotional Control | P14: =IF(Q14<2,SUM(C14,C22,C30,C35,F12,F21),"INVALID") -> 0 | Q14: =SUM(IF(C14="?",1,0),IF(C22="?",1,0),IF(C30="?",1,0),IF(C35="?",1,0),IF(F12="?",1,0),IF(F21="?",1,0)) -> 0
A15: Item | B15: =B14+1 -> 7 | D15: Item | E15: =E14+1 -> 37 | N15: ERI | P15: =IF(AND(Q13<2,Q14<2),SUM(P13:P14),"INVALID") -> 0 | Q15: =SUM(Q13:Q14) -> 0
A16: Item | B16: =B15+1 -> 8 | D16: Item | E16: =E15+1 -> 38 | H16: Infrequency Scale: | N16: Task Completion | P16: =IF(Q16<2,SUM(C31,C33,F11,F16,F20,F22,F33),"INVALID") -> 0 | Q16: =SUM(IF(C31="?",1,0),IF(C33="?",1,0),IF(F11="?",1,0),IF(F16="?",1,0),IF(F20="?",1,0),IF(F22="?",1,0),IF(F33="?",1,0)) -> 0
A17: Item | B17: =B16+1 -> 9 | D17: Item | E17: =E16+1 -> 39 | H17: Score: | I17: Percentile: | K17: Classification: | N17: Working Memory | P17: =IF(Q17<2,SUM(C11,C20,C27,C36,C37,F10,F19,F24),"INVALID") -> 0 | Q17: =SUM(IF(C11="?",1,0),IF(C20="?",1,0),IF(C27="?",1,0),IF(C36="?",1,0),IF(C37="?",1,0),IF(F10="?",1,0),IF(F19="?",1,0),IF(F24="?",1,0)) -> 0
A18: Item | B18: =B17+1 -> 10 | D18: Item | E18: =E17+1 -> 40 | H18: =SUM(IF(C26="?",0,ROUND(C26/3,0)),IF(F14="?",0,ROUND(F14/3,0)),IF(F32="?",0,ROUND(F32/3,0))) -> 0 | I18: =IF(H18=0,"99",">99") -> 99 | K18: =IF(H18=0,"Acceptable","Questionable") -> Acceptable | N18: Plan/Organize | P18: =IF(Q18<2,SUM(C13,C15,C16,C17,C23,C29,F13,F15,F25,F30),"INVALID") -> 0 | Q18: =SUM(IF(C13="?",1,0),IF(C15="?",1,0),IF(C16="?",1,0),IF(C17="?",1,0),IF(C23="?",1,0),IF(C29="?",1,0),IF(F13="?",1,0),IF(F15="?",1,0),IF(F25="?",1,0),IF(F30="?",1,0)) -> 0
A19: Item | B19: =B18+1 -> 11 | D19: Item | E19: =E18+1 -> 41 | N19: CRI | P19: =IF(AND(Q16<2,Q17<2,Q18<2),SUM(P16:P18),"INVALID") -> 0 | Q19: =SUM(Q14:Q16) -> 0
A20: Item | B20: =B19+1 -> 12 | D20: Item | E20: =E19+1 -> 42 | H20: Inconsistency Scale: | N20: GEC | P20: =IF(P12="INVALID","INVALID",IF(P15="INVALID","INVALID",IF(P19="INVALID","INVALID",SUM(P12,P15,P19)))) -> 0 | Q20: =SUM(Q12,Q15,Q19) -> 0
A21: Item | B21: =B20+1 -> 13 | D21: Item | E21: =E20+1 -> 43 | H21: Score: | I21: Percentile: | K21: Classification:
A22: Item | B22: =B21+1 -> 14 | D22: Item | E22: =E21+1 -> 44 | H22: =SUM(L25:L32) -> 0 | I22: =IF(H22>10,">99",IF(H22<7,"≤98","99")) -> ≤98 | K22: =IF(H22>10,"Inconsistent",IF(H22<6,"Acceptable","Questionable")) -> Acceptable | N22: Scoring Summary Table
A23: Item | B23: =B22+1 -> 15 | D23: Item | E23: =E22+1 -> 45 | N23: Scale/Index/Comp | P23: Raw Score | Q23: T-Score | R23: %ile | S23: 90% CI
A24: Item | B24: =B23+1 -> 16 | D24: Item | E24: =E23+1 -> 46 | H24: Item no. | I24: Score | J24: Item no. | K24: Score | L24: Difference | N24: Inhibit | P24: =P10 -> 0 | Q24: ='Calc - Self'!D7 | R24: ='Calc - Self'!E7 | S24: ='Calc - Self'!F7 -> #VALUE! | T24: - | U24: ='Calc - Self'!G7 -> #VALUE!
A25: Item | B25: =B24+1 -> 17 | D25: Item | E25: =E24+1 -> 47 | H25: 1 | I25: =IF(C9="?",1,C9) -> 0 | J25: 12 | K25: =IF(C20="?",1,C20) -> 0 | L25: =ABS(I25-K25) -> 0 | N25: Self-Monitor | P25: =P11 -> 0 | Q25: ='Calc - Self'!D8 | R25: ='Calc - Self'!E8 | S25: ='Calc - Self'!F8 -> #VALUE! | T25: - | U25: ='Calc - Self'!G8 -> #VALUE!
A26: Item | B26: =B25+1 -> 18 | D26: Item | E26: =E25+1 -> 48 | H26: 6 | I26: =IF(C14="?",1,C14) -> 0 | J26: 14 | K26: =IF(C22="?",1,C22) -> 0 | L26: =ABS(I26-K26) -> 0 | N26: BRI | P26: =P12 -> 0 | Q26: ='Calc - Self'!D9 | R26: ='Calc - Self'!E9 | S26: ='Calc - Self'!F9 -> #VALUE! | T26: - | U26: ='Calc - Self'!G9 -> #VALUE!
A27: Item | B27: =B26+1 -> 19 | D27: Item | E27: =E26+1 -> 49 | H27: 22 | I27: =IF(C30="?",1,C30) -> 0 | J27: 27 | K27: =IF(C35="?",1,C35) -> 0 | L27: =ABS(I27-K27) -> 0 | N27: Shift | P27: =P13 -> 0 | Q27: ='Calc - Self'!D10 | R27: ='Calc - Self'!E10 | S27: ='Calc - Self'!F10 -> #VALUE! | T27: - | U27: ='Calc - Self'!G10 -> #VALUE!
A28: Item | B28: =B27+1 -> 20 | D28: Item | E28: =E27+1 -> 50 | H28: 23 | I28: =IF(C31="?",1,C31) -> 0 | J28: 52 | K28: =IF(F30="?",1,F30) -> 0 | L28: =ABS(I28-K28) -> 0 | N28: Emotional Control | P28: =P14 -> 0 | Q28: ='Calc - Self'!D11 | R28: ='Calc - Self'!E11 | S28: ='Calc - Self'!F11 -> #VALUE! | T28: - | U28: ='Calc - Self'!G11 -> #VALUE!
A29: Item | B29: =B28+1 -> 21 | D29: Item | E29: =E28+1 -> 51 | H29: 28 | I29: =IF(C36="?",1,C36) -> 0 | J29: 41 | K29: =IF(F19="?",1,F19) -> 0 | L29: =ABS(I29-K29) -> 0 | N29: ERI | P29: =P15 -> 0 | Q29: ='Calc - Self'!D12 | R29: ='Calc - Self'!E12 | S29: ='Calc - Self'!F12 -> #VALUE! | T29: - | U29: ='Calc - Self'!G12 -> #VALUE!
A30: Item | B30: =B29+1 -> 22 | D30: Item | E30: =E29+1 -> 52 | H30: 33 | I30: =IF(F11="?",1,F11) -> 0 | J30: 42 | K30: =IF(F20="?",1,F20) -> 0 | L30: =ABS(I30-K30) -> 0 | N30: Task Completion | P30: =P16 -> 0 | Q30: ='Calc - Self'!D13 | R30: ='Calc - Self'!E13 | S30: ='Calc - Self'!F13 -> #VALUE! | T30: - | U30: ='Calc - Self'!G13 -> #VALUE!
A31: Item | B31: =B30+1 -> 23 | D31: Item | E31: =E30+1 -> 53 | H31: 44 | I31: =IF(F22="?",1,F22) -> 0 | J31: 55 | K31: =IF(F33="?",1,F33) -> 0 | L31: =ABS(I31-K31) -> 0 | N31: Working Memory | P31: =P17 -> 0 | Q31: ='Calc - Self'!D14 | R31: ='Calc - Self'!E14 | S31: ='Calc - Self'!F14 -> #VALUE! | T31: - | U31: ='Calc - Self'!G14 -> #VALUE!
A32: Item | B32: =B31+1 -> 24 | D32: Item | E32: =E31+1 -> 54 | H32: 45 | I32: =IF(F23="?",1,F23) -> 0 | J32: 53 | K32: =IF(F31="?",1,F31) -> 0 | L32: =ABS(I32-K32) -> 0 | N32: Plan/Organize | P32: =P18 -> 0 | Q32: ='Calc - Self'!D15 | R32: ='Calc - Self'!E15 | S32: ='Calc - Self'!F15 -> #VALUE! | T32: - | U32: ='Calc - Self'!G15 -> #VALUE!
A33: Item | B33: =B32+1 -> 25 | D33: Item | E33: =E32+1 -> 55 | N33: CRI | P33: =P19 -> 0 | Q33: ='Calc - Self'!D16 | R33: ='Calc - Self'!E16 | S33: ='Calc - Self'!F16 -> #VALUE! | T33: - | U33: ='Calc - Self'!G16 -> #VALUE!
A34: Item | B34: 26 | N34: GEC | P34: =P20 -> 0 | Q34: ='Calc - Self'!D17 | R34: ='Calc - Self'!E17 | S34: ='Calc - Self'!F17 -> #VALUE! | T34: - | U34: ='Calc - Self'!G17 -> #VALUE!
A35: Item | B35: 27
A36: Item | B36: 28
A37: Item | B37: =B36+1 -> 29
A38: Item | B38: =B37+1 -> 30

Sheet Calc - Parent
B3: Age: | C3: =IF(Parent!K4="Select:","",Parent!K4) -> 5-7
B4: Gender: | C4: =IF(Parent!K5="Select:","",Parent!K5) -> Boys | D4: Column Adjust: | F4: =IF(C4="Girls",4,0) -> 0 | J4: Inhibition - T-Scores | R4: Self-Montor - T-Scores | Z4: Shift - T-Scores | AJ4: Inhibition - Percentiles | AR4: Self-Montor - Percentiles | AZ4: Shift - Percentiles
J5: Boys | N5: Girls | R5: Boys | V5: Girls | Z5: Boys | AD5: Girls | AJ5: Boys | AN5: Girls | AR5: Boys | AV5: Girls | AZ5: Boys | BD5: Girls
B6: Scale | C6: Raw | D6: T Score | E6: %ile | F6: 90% CI | I6: Raw | J6: 5-7 | K6: 8-10 | L6: 11-13 | M6: 14-18 | N6: 5-7 | O6: 8-10 | P6: 11-13 | Q6: 14-18 | R6: 5-7 | S6: 8-10 | T6: 11-13 | U6: 14-18 | V6: 5-7 | W6: 8-10 | X6: 11-13 | Y6: 14-18 | Z6: 5-7 | AA6: 8-10 | AB6: 11-13 | AC6: 14-18 | AD6: 5-7 | AE6: 8-10 | AF6: 11-13 | AG6: 14-18 | AI6: Raw | AJ6: 5-7 | AK6: 8-10 | AL6: 11-13 | AM6: 14-18 | AN6: 5-7 | AO6: 8-10 | AP6: 11-13 | AQ6: 14-18 | AR6: 5-7 | AS6: 8-10 | AT6: 11-13 | AU6: 14-18 | AV6: 5-7 | AW6: 8-10 | AX6: 11-13 | AY6: 14-18 | AZ6: 5-7 | BA6: 8-10 | BB6: 11-13 | BC6: 14-18 | BD6: 5-7 | BE6: 8-10 | BF6: 11-13 | BG6: 14-18
B7: Inhibit | C7: =Parent!P26 -> 0 | D7: =IFERROR(VLOOKUP(C7,I6:AG27,C25,FALSE),"") | E7: =IFERROR(VLOOKUP(C7,AI6:BG27,C25,FALSE),"") | F7: =D7-(VLOOKUP("CI",I28:AG28,C25,FALSE)) -> #VALUE! | G7: =D7+(VLOOKUP("CI",I28:AG28,C25,FALSE)) -> #VALUE! | I7: 24 | J7: 79 | K7: 79 | L7: 87 | M7: 88 | N7: 87 | O7: >90 | P7: >90 | Q7: >90 | Z7: 89 | AA7: >90 | AB7: >90 | AC7: >90 | AD7: >90 | AE7: >90 | AF7: >90 | AG7: >90 | AI7: 24 | AJ7: >99 | AK7: >99 | AL7: >99 | AM7: >99 | AN7: >99 | AO7: >99 | AP7: >99 | AQ7: >99 | AZ7: >99 | BA7: >99 | BB7: >99 | BC7: >99 | BD7: >99 | BE7: >99 | BF7: >99 | BG7: >99
B8: Self-Mon. | C8: =Parent!P27 -> 0 | D8: =IFERROR(VLOOKUP(C8,I6:AG27,C25+8,FALSE),"") | E8: =IFERROR(VLOOKUP(C8,AI6:BG27,C25+8,FALSE),"") | F8: =D8-(VLOOKUP("CI",I28:AG28,C25+8,FALSE)) -> #VALUE! | G8: =D8+(VLOOKUP("CI",I28:AG28,C25+8,FALSE)) -> #VALUE! | I8: 23 | J8: 77 | K8: 77 | L8: 84 | M8: 85 | N8: 84 | O8: 89 | P8: 89 | Q8: 89 | Z8: 86 | AA8: 88 | AB8: 88 | AC8: 88 | AD8: 90 | AE8: 90 | AF8: >90 | AG8: >90 | AI8: 23 | AJ8: 99 | AK8: >99 | AL8: >99 | AM8: >99 | AN8: 99 | AO8: >99 | AP8: >99 | AQ8: >99 | AZ8: >99 | BA8: >99 | BB8: >99 | BC8: >99 | BD8: >99 | BE8: >99 | BF8: >99 | BG8: >99
B9: BRI | C9: =Parent!P28 -> 0 | D9: =IFERROR(VLOOKUP(C9,I81:AG166,C25,FALSE),"") | E9: =IFERROR(VLOOKUP(C9,AI81:BG166,C25,FALSE),"") | F9: =D9-(VLOOKUP("CI",I167:AG167,C25,FALSE)) -> #VALUE! | G9: =D9+(VLOOKUP("CI",I167:AG167,C25,FALSE)) -> #VALUE! | I9: 22 | J9: 75 | K9: 75 | L9: 81 | M9: 82 | N9: 81 | O9: 85 | P9: 85 | Q9: 85 | Z9: 82 | AA9: 85 | AB9: 85 | AC9: 85 | AD9: 87 | AE9: 87 | AF9: 90 | AG9: 90 | AI9: 22 | AJ9: 99 | AK9: 99 | AL9: >99 | AM9: 99 | AN9: 99 | AO9: >99 | AP9: 99 | AQ9: 99 | AZ9: >99 | BA9: >99 | BB9: >99 | BC9: >99 | BD9: >99 | BE9: 99 | BF9: >99 | BG9: >99
B10: Shift | C10: =Parent!P29 -> 0 | D10: =IFERROR(VLOOKUP(C10,I6:AG27,C25+16,FALSE),"") | E10: =IFERROR(VLOOKUP(C10,AI6:BG27,C25+16,FALSE),"") | F10: =D10-(VLOOKUP("CI",I28:AG28,C25+16,FALSE)) -> #VALUE! | G10: =D10+(VLOOKUP("CI",I28:AG28,C25+16,FALSE)) -> #VALUE! | I10: 21 | J10: 72 | K10: 72 | L10: 78 | M10: 79 | N10: 78 | O10: 82 | P10: 82 | Q10: 82 | Z10: 79 | AA10: 82 | AB10: 82 | AC10: 82 | AD10: 84 | AE10: 84 | AF10: 86 | AG10: 86 | AI10: 21 | AJ10: 99 | AK10: 96 | AL10: 98 | AM10: 99 | AN10: 99 | AO10: >99 | AP10: 99 | AQ10: 98 | AZ10: 99 | BA10: 99 | BB10: >99 | BC10: >99 | BD10: 99 | BE10: 99 | BF10: >99 | BG10: 99
B11: Emo Ctrl. | C11: =Parent!P30 -> 0 | D11: =IFERROR(VLOOKUP(C11,I31:AG52,C25,FALSE),"") | E11: =IFERROR(VLOOKUP(C11,AI31:BG52,C25,FALSE),"") | F11: =D11-(VLOOKUP("CI",I53:AG53,C25,FALSE)) -> #VALUE! | G11: =D11+(VLOOKUP("CI",I53:AG53,C25,FALSE)) -> #VALUE! | I11: 20 | J11: 69 | K11: 69 | L11: 75 | M11: 76 | N11: 74 | O11: 79 | P11: 79 | Q11: 79 | Z11: 76 | AA11: 79 | AB11: 79 | AC11: 79 | AD11: 80 | AE11: 80 | AF11: 83 | AG11: 83 | AI11: 20 | AJ11: 96 | AK11: 94 | AL11: 97 | AM11: 99 | AN11: 99 | AO11: 99 | AP11: 99 | AQ11: 98 | AZ11: 99 | BA11: 99 | BB11: 99 | BC11: 99 | BD11: 99 | BE11: 99 | BF11: 99 | BG11: 99
B12: ERI | C12: =Parent!P31 -> 0 | D12: =IFERROR(VLOOKUP(C12,I81:AG166,C25+8,FALSE),"") | E12: =IFERROR(VLOOKUP(C12,AI81:BG166,C25+8,FALSE),"") | F12: =D12-(VLOOKUP("CI",I167:AG167,C25+8,FALSE)) -> #VALUE! | G12: =D12+(VLOOKUP("CI",I167:AG167,C25+8,FALSE)) -> #VALUE! | I12: 19 | J12: 66 | K12: 66 | L12: 72 | M12: 73 | N12: 71 | O12: 75 | P12: 75 | Q12: 76 | Z12: 73 | AA12: 76 | AB12: 76 | AC12: 76 | AD12: 77 | AE12: 77 | AF12: 79 | AG12: 79 | AI12: 19 | AJ12: 94 | AK12: 93 | AL12: 97 | AM12: 97 | AN12: 97 | AO12: 97 | AP12: 98 | AQ12: 98 | AZ12: 98 | BA12: 98 | BB12: 98 | BC12: 98 | BD12: 98 | BE12: 97 | BF12: 99 | BG12: 98
B13: Initiate | C13: =Parent!P32 -> 0 | D13: =IFERROR(VLOOKUP(C13,I31:AG52,C25+8,FALSE),"") | E13: =IFERROR(VLOOKUP(C13,AI31:BG52,C25+8,FALSE),"") | F13: =D13-(VLOOKUP("CI",I53:AG53,C25+8,FALSE)) -> #VALUE! | G13: =D13+(VLOOKUP("CI",I53:AG53,C25+8,FALSE)) -> #VALUE! | I13: 18 | J13: 63 | K13: 64 | L13: 69 | M13: 70 | N13: 68 | O13: 72 | P13: 72 | Q13: 73 | Z13: 70 | AA13: 72 | AB13: 72 | AC13: 72 | AD13: 72 | AE13: 72 | AF13: 76 | AG13: 76 | AI13: 18 | AJ13: 90 | AK13: 91 | AL13: 97 | AM13: 94 | AN13: 95 | AO13: 95 | AP13: 97 | AQ13: 97 | AZ13: 95 | BA13: 97 | BB13: 96 | BC13: 96 | BD13: 97 | BE13: 97 | BF13: 99 | BG13: 98
B14: Work Mem. | C14: =Parent!P33 -> 0 | D14: =IFERROR(VLOOKUP(C14,I31:AG52,C25+16,FALSE),"") | E14: =IFERROR(VLOOKUP(C14,AI31:BG52,C25+16,FALSE),"") | F14: =D14-(VLOOKUP("CI",I53:AG53,C25+16,FALSE)) -> #VALUE! | G14: =D14+(VLOOKUP("CI",I53:AG53,C25+16,FALSE)) -> #VALUE! | I14: 17 | J14: 61 | K14: 61 | L14: 66 | M14: 67 | N14: 65 | O14: 68 | P14: 68 | Q14: 69 | Z14: 67 | AA14: 69 | AB14: 69 | AC14: 69 | AD14: 71 | AE14: 71 | AF14: 72 | AG14: 72 | AI14: 17 | AJ14: 88 | AK14: 88 | AL14: 94 | AM14: 94 | AN14: 94 | AO14: 95 | AP14: 95 | AQ14: 95 | AZ14: 93 | BA14: 97 | BB14: 95 | BC14: 95 | BD14: 97 | BE14: 96 | BF14: 99 | BG14: 97
B15: Plan/Org. | C15: =Parent!P34 -> 0 | D15: =IFERROR(VLOOKUP(C15,I56:AG77,C25,FALSE),"") | E15: =IFERROR(VLOOKUP(C15,AI56:BG77,C25,FALSE),"") | F15: =D15-(VLOOKUP("CI",I78:AG78,C25,FALSE)) -> #VALUE! | G15: =D15+(VLOOKUP("CI",I78:AG78,C25,FALSE)) -> #VALUE! | I15: 16 | J15: 58 | K15: 59 | L15: 63 | M15: 64 | N15: 62 | O15: 65 | P15: 65 | Q15: 66 | Z15: 64 | AA15: 66 | AB15: 66 | AC15: 66 | AD15: 67 | AE15: 67 | AF15: 68 | AG15: 68 | AI15: 16 | AJ15: 85 | AK15: 84 | AL15: 93 | AM15: 92 | AN15: 90 | AO15: 93 | AP15: 94 | AQ15: 93 | AZ15: 91 | BA15: 94 | BB15: 93 | BC15: 94 | BD15: 97 | BE15: 95 | BF15: 97 | BG15: 94
B16: Task-Mon. | C16: =Parent!P35 -> 0 | D16: =IFERROR(VLOOKUP(C16,I56:AG77,C25+8,FALSE),"") | E16: =IFERROR(VLOOKUP(C16,AI56:BG77,C25+8,FALSE),"") | F16: =D16-(VLOOKUP("CI",I78:AG78,C25+8,FALSE)) -> #VALUE! | G16: =D16+(VLOOKUP("CI",I78:AG78,C25+8,FALSE)) -> #VALUE! | I16: 15 | J16: 55 | K16: 56 | L16: 60 | M16: 61 | N16: 59 | O16: 61 | P16: 62 | Q16: 63 | Z16: 61 | AA16: 62 | AB16: 62 | AC16: 63 | AD16: 62 | AE16: 62 | AF16: 65 | AG16: 65 | AI16: 15 | AJ16: 77 | AK16: 79 | AL16: 87 | AM16: 87 | AN16: 86 | AO16: 90 | AP16: 89 | AQ16: 91 | AZ16: 87 | BA16: 90 | BB16: 88 | BC16: 91 | BD16: 95 | BE16: 90 | BF16: 92 | BG16: 91
B17: Org. Mat. | C17: =Parent!P36 -> 0 | D17: =IFERROR(VLOOKUP(C17,I56:AG77,C25+16,FALSE),"") | E17: =IFERROR(VLOOKUP(C17,AI56:BG77,C25+16,FALSE),"") | F17: =D17-(VLOOKUP("CI",I78:AG78,C25+16,FALSE)) -> #VALUE! | G17: =D17+(VLOOKUP("CI",I78:AG78,C25+16,FALSE)) -> #VALUE! | I17: 14 | J17: 52 | K17: 53 | L17: 57 | M17: 58 | N17: 55 | O17: 58 | P17: 58 | Q17: 60 | Z17: 58 | AA17: 59 | AB17: 59 | AC17: 60 | AD17: 61 | AE17: 61 | AF17: 61 | AG17: 61 | AI17: 14 | AJ17: 67 | AK17: 71 | AL17: 81 | AM17: 83 | AN17: 77 | AO17: 86 | AP17: 85 | AQ17: 86 | AZ17: 85 | BA17: 85 | BB17: 82 | BC17: 86 | BD17: 91 | BE17: 84 | BF17: 88 | BG17: 88
B18: CRI | C18: =Parent!P37 -> 0 | D18: =IFERROR(VLOOKUP(C18,I81:AG166,C25+16,FALSE),"") | E18: =IFERROR(VLOOKUP(C18,AI81:BG166,C25+16,FALSE),"") | F18: =D18-(VLOOKUP("CI",I167:AG167,C25+16,FALSE)) -> #VALUE! | G18: =D18+(VLOOKUP("CI",I167:AG167,C25+16,FALSE)) -> #VALUE! | I18: 13 | J18: 50 | K18: 51 | L18: 54 | M18: 55 | N18: 52 | O18: 54 | P18: 55 | Q18: 57 | Z18: 55 | AA18: 56 | AB18: 56 | AC18: 57 | AD18: 56 | AE18: 56 | AF18: 58 | AG18: 58 | AI18: 13 | AJ18: 55 | AK18: 63 | AL18: 71 | AM18: 78 | AN18: 69 | AO18: 76 | AP18: 79 | AQ18: 83 | AZ18: 77 | BA18: 77 | BB18: 78 | BC18: 79 | BD18: 81 | BE18: 78 | BF18: 82 | BG18: 83
B19: GEC | C19: =Parent!P38 -> 0 | D19: =IFERROR(VLOOKUP(C19,I170:Q291,C25,FALSE),"") | E19: =IFERROR(VLOOKUP(C19,AI170:AQ291,C25,FALSE),"") | F19: =D19-(VLOOKUP("CI",I292:Q292,C25,FALSE)) -> #VALUE! | G19: =D19+(VLOOKUP("CI",I292:Q292,C25,FALSE)) -> #VALUE! | I19: 12 | J19: 47 | K19: 48 | L19: 51 | M19: 52 | N19: 49 | O19: 51 | P19: 51 | Q19: 54 | R19: 78 | S19: 78 | T19: 78 | U19: 78 | V19: 79 | W19: 79 | X19: 80 | Y19: 80 | Z19: 52 | AA19: 52 | AB19: 53 | AC19: 54 | AD19: 53 | AE19: 53 | AF19: 54 | AG19: 54 | AI19: 12 | AJ19: 45 | AK19: 53 | AL19: 61 | AM19: 74 | AN19: 58 | AO19: 69 | AP19: 69 | AQ19: 78 | AR19: >99 | AS19: >99 | AT19: >99 | AU19: >99 | AV19: >99 | AW19: >99 | AX19: >99 | AY19: >99 | AZ19: 68 | BA19: 69 | BB19: 76 | BC19: 73 | BD19: 75 | BE19: 71 | BF19: 73 | BG19: 78
I20: 11 | J20: 44 | K20: 45 | L20: 48 | M20: 49 | N20: 46 | O20: 48 | P20: 48 | Q20: 51 | R20: 74 | S20: 74 | T20: 74 | U20: 74 | V20: 74 | W20: 74 | X20: 75 | Y20: 75 | Z20: 49 | AA20: 49 | AB20: 50 | AC20: 50 | AD20: 49 | AE20: 49 | AF20: 50 | AG20: 51 | AI20: 11 | AJ20: 34 | AK20: 43 | AL20: 57 | AM20: 64 | AN20: 44 | AO20: 54 | AP20: 55 | AQ20: 70 | AR20: 98 | AS20: 97 | AT20: 99 | AU20: 99 | AV20: >99 | AW20: 99 | AX20: 99 | AY20: 99 | AZ20: 60 | BA20: 62 | BB20: 65 | BC20: 69 | BD20: 60 | BE20: 62 | BF20: 64 | BG20: 68
C21: 5-7 | D21: 8-10 | E21: 11-13 | F21: 14-18 | I21: 10 | J21: 41 | K21: 43 | L21: 45 | M21: 46 | N21: 43 | O21: 44 | P21: 45 | Q21: 47 | R21: 68 | S21: 68 | T21: 69 | U21: 69 | V21: 69 | W21: 69 | X21: 70 | Y21: 70 | Z21: 45 | AA21: 46 | AB21: 47 | AC21: 47 | AD21: 46 | AE21: 46 | AF21: 47 | AG21: 47 | AI21: 10 | AJ21: 27 | AK21: 35 | AL21: 45 | AM21: 56 | AN21: 33 | AO21: 39 | AP21: 39 | AQ21: 58 | AR21: 96 | AS21: 97 | AT21: 97 | AU21: 97 | AV21: 99 | AW21: 97 | AX21: 98 | AY21: 96 | AZ21: 47 | BA21: 51 | BB21: 54 | BC21: 58 | BD21: 49 | BE21: 51 | BF21: 52 | BG21: 58
B22: Boys | C22: 2 | D22: 3 | E22: 4 | F22: 5 | I22: 9 | J22: 38 | K22: 40 | L22: 42 | M22: 43 | N22: 40 | O22: 41 | P22: 41 | Q22: 44 | R22: 63 | S22: 63 | T22: 63 | U22: 63 | V22: 64 | W22: 64 | X22: 65 | Y22: 65 | Z22: 42 | AA22: 43 | AB22: 44 | AC22: 44 | AD22: 43 | AE22: 43 | AF22: 43 | AG22: 44 | AI22: 9 | AJ22: 19 | AK22: 24 | AL22: 35 | AM22: 42 | AN22: 20 | AO22: 24 | AP22: 30 | AQ22: 48 | AR22: 95 | AS22: 90 | AT22: 94 | AU22: 93 | AV22: 96 | AW22: 91 | AX22: 96 | AY22: 93 | AZ22: 34 | BA22: 36 | BB22: 42 | BC22: 48 | BD22: 36 | BE22: 37 | BF22: 39 | BG22: 43
B23: Girls | C23: 6 | D23: 7 | E23: 8 | F23: 9 | I23: 8 | J23: 36 | K23: 38 | L23: 39 | M23: 40 | N23: 36 | O23: 37 | P23: 38 | Q23: 41 | R23: 58 | S23: 58 | T23: 59 | U23: 59 | V23: 59 | W23: 59 | X23: 60 | Y23: 60 | Z23: 39 | AA23: 39 | AB23: 41 | AC23: 41 | AD23: 39 | AE23: 39 | AF23: 40 | AG23: 40 | AI23: 8 | AJ23: 10 | AK23: 12 | AL23: 14 | AM23: 23 | AN23: 12 | AO23: 12 | AP23: 15 | AQ23: 28 | AR23: 90 | AS23: 87 | AT23: 87 | AU23: 84 | AV23: 91 | AW23: 89 | AX23: 87 | AY23: 89 | AZ23: 21 | BA23: 20 | BB23: 31 | BC23: 31 | BD23: 22 | BE23: 20 | BF23: 26 | BG23: 26
I24: 7 | R24: 53 | S24: 54 | T24: 54 | U24: 54 | V24: 54 | W24: 54 | X24: 54 | Y24: 55 | AI24: 7 | AR24: 71 | AS24: 75 | AT24: 71 | AU24: 70 | AV24: 78 | AW24: 72 | AX24: 74 | AY24: 79
B25: Final Column: | C25: =IFERROR(INDEX(B21:F23,MATCH(C4,B21:B23,0),MATCH(C3,B21:F21,0)),"") -> 2 | I25: 6 | R25: 48 | S25: 49 | T25: 49 | U25: 49 | V25: 49 | W25: 49 | X25: 49 | Y25: 50 | AI25: 6 | AR25: 50 | AS25: 60 | AT25: 61 | AU25: 57 | AV25: 62 | AW25: 61 | AX25: 58 | AY25: 64
I26: 5 | R26: 43 | S26: 44 | T26: 44 | U26: 44 | V26: 44 | W26: 44 | X26: 44 | Y26: 45 | AI26: 5 | AR26: 37 | AS26: 45 | AT26: 46 | AU26: 46 | AV26: 48 | AW26: 47 | AX26: 45 | AY26: 50
I27: 4 | R27: 38 | S27: 39 | T27: 39 | U27: 39 | V27: 39 | W27: 39 | X27: 39 | Y27: 40 | AI27: 4 | AR27: 23 | AS27: 25 | AT27: 22 | AU27: 28 | AV27: 26 | AW27: 28 | AX27: 26 | AY27: 29
I28: CI | J28: 6 | K28: 6 | L28: 6 | M28: 6 | N28: 7 | O28: 7 | P28: 7 | Q28: 6 | R28: 7 | S28: 7 | T28: 8 | U28: 7 | V28: 9 | W28: 7 | X28: 8 | Y28: 8 | Z28: 6 | AA28: 7 | AB28: 6 | AC28: 6 | AD28: 7 | AE28: 7 | AF28: 7 | AG28: 7
J29: Emotional Control - T-Scores | R29: Initiate - T-Scores | Z29: Working Memory - T-Scores | AJ29: Emotional Control - Percentiles | AR29: Initiate - Percentiles | AZ29: Working Memory - Percentiles
J30: Boys | N30: Girls | R30: Boys | V30: Girls | Z30: Boys | AD30: Girls | AJ30: Boys | AN30: Girls | AR30: Boys | AV30: Girls | AZ30: Boys | BD30: Girls
I31: Raw | J31: 5-7 | K31: 8-10 | L31: 11-13 | M31: 14-18 | N31: 5-7 | O31: 8-10 | P31: 11-13 | Q31: 14-18 | R31: 5-7 | S31: 8-10 | T31: 11-13 | U31: 14-18 | V31: 5-7 | W31: 8-10 | X31: 11-13 | Y31: 14-18 | Z31: 5-7 | AA31: 8-10 | AB31: 11-13 | AC31: 14-18 | AD31: 5-7 | AE31: 8-10 | AF31: 11-13 | AG31: 14-18 | AI31: Raw | AJ31: 5-7 | AK31: 8-10 | AL31: 11-13 | AM31: 14-18 | AN31: 5-7 | AO31: 8-10 | AP31: 11-13 | AQ31: 14-18 | AR31: 5-7 | AS31: 8-10 | AT31: 11-13 | AU31: 14-18 | AV31: 5-7 | AW31: 8-10 | AX31: 11-13 | AY31: 14-18 | AZ31: 5-7 | BA31: 8-10 | BB31: 11-13 | BC31: 14-18 | BD31: 5-7 | BE31: 8-10 | BF31: 11-13 | BG31: 14-18
I32: 24 | J32: 82 | K32: 84 | L32: 84 | M32: 84 | N32: 83 | O32: 83 | P32: 83 | Q32: 83 | Z32: 80 | AA32: 80 | AB32: 85 | AC32: 85 | AD32: 83 | AE32: 83 | AF32: 83 | AG32: 87 | AI32: 24 | AJ32: >99 | AK32: >99 | AL32: >99 | AM32: >99 | AN32: >99 | AO32: >99 | AP32: >99 | AQ32: >99 | AZ32: >99 | BA32: >99 | BB32: >99 | BC32: >99 | BD32: >99 | BE32: >99 | BF32: >99 | BG32: >99
I33: 23 | J33: 79 | K33: 81 | L33: 82 | M33: 82 | N33: 80 | O33: 80 | P33: 80 | Q33: 80 | Z33: 77 | AA33: 77 | AB33: 82 | AC33: 82 | AD33: 80 | AE33: 80 | AF33: 80 | AG33: 84 | AI33: 23 | AJ33: 99 | AK33: >99 | AL33: 99 | AM33: >99 | AN33: >99 | AO33: >99 | AP33: >99 | AQ33: 99 | AZ33: >99 | BA33: >99 | BB33: >99 | BC33: >99 | BD33: >99 | BE33: 99 | BF33: 99 | BG33: >99
I34: 22 | J34: 77 | K34: 78 | L34: 80 | M34: 80 | N34: 77 | O34: 77 | P34: 78 | Q34: 78 | Z34: 74 | AA34: 74 | AB34: 77 | AC34: 77 | AD34: 77 | AE34: 77 | AF34: 78 | AG34: 82 | AI34: 22 | AJ34: 99 | AK34: >99 | AL34: 99 | AM34: 99 | AN34: 99 | AO34: >99 | AP34: 99 | AQ34: 98 | AZ34: >99 | BA34: 99 | BB34: 99 | BC34: 99 | BD34: >99 | BE34: 99 | BF34: 99 | BG34: >99
I35: 21 | J35: 74 | K35: 76 | L35: 76 | M35: 76 | N35: 75 | O35: 75 | P35: 75 | Q35: 75 | Z35: 72 | AA35: 72 | AB35: 76 | AC35: 76 | AD35: 75 | AE35: 75 | AF35: 75 | AG35: 79 | AI35: 21 | AJ35: 98 | AK35: 97 | AL35: 97 | AM35: 98 | AN35: 99 | AO35: 98 | AP35: 99 | AQ35: 97 | AZ35: >99 | BA35: 97 | BB35: 99 | BC35: 98 | BD35: 99 | BE35: 99 | BF35: 99 | BG35: 99
I36: 20 | J36: 71 | K36: 73 | L36: 74 | M36: 74 | N36: 72 | O36: 72 | P36: 74 | Q36: 74 | Z36: 69 | AA36: 69 | AB36: 72 | AC36: 72 | AD36: 72 | AE36: 72 | AF36: 72 | AG36: 76 | AI36: 20 | AJ36: 97 | AK36: 96 | AL36: 96 | AM36: 96 | AN36: 98 | AO36: 97 | AP36: 99 | AQ36: 96 | AZ36: 99 | BA36: 94 | BB36: 97 | BC36: 98 | BD36: 97 | BE36: 98 | BF36: 99 | BG36: 98
I37: 19 | J37: 69 | K37: 70 | L37: 72 | M37: 72 | N37: 70 | O37: 70 | P37: 71 | Q37: 71 | Z37: 66 | AA37: 66 | AB37: 71 | AC37: 71 | AD37: 69 | AE37: 69 | AF37: 70 | AG37: 73 | AI37: 19 | AJ37: 95 | AK37: 96 | AL37: 95 | AM37: 96 | AN37: 96 | AO37: 94 | AP37: 99 | AQ37: 94 | AZ37: 96 | BA37: 90 | BB37: 96 | BC37: 96 | BD37: 97 | BE37: 96 | BF37: 97 | BG37: 97
I38: 18 | J38: 66 | K38: 67 | L38: 68 | M38: 68 | N38: 67 | O38: 67 | P38: 68 | Q38: 68 | Z38: 64 | AA38: 64 | AB38: 67 | AC38: 67 | AD38: 66 | AE38: 66 | AF38: 67 | AG38: 70 | AI38: 18 | AJ38: 94 | AK38: 93 | AL38: 94 | AM38: 94 | AN38: 95 | AO38: 93 | AP38: 95 | AQ38: 92 | AZ38: 93 | BA38: 86 | BB38: 95 | BC38: 94 | BD38: 94 | BE38: 92 | BF38: 95 | BG38: 95
I39: 17 | J39: 64 | K39: 65 | L39: 66 | M39: 66 | N39: 64 | O39: 64 | P39: 65 | Q39: 65 | Z39: 63 | AA39: 63 | AB39: 65 | AC39: 65 | AD39: 64 | AE39: 64 | AF39: 64 | AG39: 67 | AI39: 17 | AJ39: 91 | AK39: 93 | AL39: 94 | AM39: 94 | AN39: 92 | AO39: 92 | AP39: 93 | AQ39: 89 | AZ39: 92 | BA39: 84 | BB39: 94 | BC39: 92 | BD39: 94 | BE39: 89 | BF39: 92 | BG39: 92
I40: 16 | J40: 61 | K40: 62 | L40: 64 | M40: 64 | N40: 62 | O40: 62 | P40: 62 | Q40: 62 | Z40: 59 | AA40: 59 | AB40: 61 | AC40: 61 | AD40: 61 | AE40: 61 | AF40: 61 | AG40: 64 | AI40: 16 | AJ40: 89 | AK40: 88 | AL40: 92 | AM40: 90 | AN40: 91 | AO40: 88 | AP40: 90 | AQ40: 86 | AZ40: 88 | BA40: 78 | BB40: 92 | BC40: 88 | BD40: 92 | BE40: 84 | BF40: 88 | BG40: 90
I41: 15 | J41: 59 | K41: 59 | L41: 60 | M41: 60 | N41: 59 | O41: 59 | P41: 60 | Q41: 60 | R41: 79 | S41: 79 | T41: 79 | U41: 79 | V41: 84 | W41: 84 | X41: 84 | Y41: 84 | Z41: 55 | AA41: 55 | AB41: 59 | AC41: 59 | AD41: 58 | AE41: 58 | AF41: 59 | AG41: 62 | AI41: 15 | AJ41: 86 | AK41: 84 | AL41: 86 | AM41: 84 | AN41: 85 | AO41: 83 | AP41: 82 | AQ41: 81 | AR41: >99 | AS41: >99 | AT41: >99 | AU41: >99 | AV41: >99 | AW41: >99 | AX41: >99 | AY41: >99 | AZ41: 80 | BA41: 74 | BB41: 85 | BC41: 81 | BD41: 90 | BE41: 84 | BF41: 85 | BG41: 88
I42: 14 | J42: 56 | K42: 57 | L42: 58 | M42: 58 | N42: 56 | O42: 56 | P42: 56 | Q42: 56 | R42: 75 | S42: 75 | T42: 75 | U42: 75 | V42: 79 | W42: 79 | X42: 79 | Y42: 79 | Z42: 52 | AA42: 52 | AB42: 56 | AC42: 56 | AD42: 55 | AE42: 55 | AF42: 56 | AG42: 59 | AI42: 14 | AJ42: 75 | AK42: 79 | AL42: 81 | AM42: 80 | AN42: 80 | AO42: 79 | AP42: 75 | AQ42: 76 | AR42: >99 | AS42: >99 | AT42: 99 | AU42: >99 | AV42: >99 | AW42: 99 | AX42: 99 | AY42: 99 | AZ42: 76 | BA42: 68 | BB42: 78 | BC42: 74 | BD42: 86 | BE42: 77 | BF42: 78 | BG42: 85
I43: 13 | J43: 53 | K43: 54 | L43: 55 | M43: 55 | N43: 54 | O43: 54 | P43: 54 | Q43: 54 | R43: 71 | S43: 71 | T43: 71 | U43: 71 | V43: 75 | W43: 75 | X43: 75 | Y43: 75 | Z43: 50 | AA43: 50 | AB43: 53 | AC43: 53 | AD43: 53 | AE43: 53 | AF43: 53 | AG43: 56 | AI43: 13 | AJ43: 66 | AK43: 74 | AL43: 80 | AM43: 75 | AN43: 74 | AO43: 72 | AP43: 71 | AQ43: 74 | AR43: 99 | AS43: 99 | AT43: 98 | AU43: 97 | AV43: 99 | AW43: 99 | AX43: 99 | AY43: 98 | AZ43: 66 | BA43: 57 | BB43: 72 | BC43: 69 | BD43: 79 | BE43: 71 | BF43: 69 | BG43: 80
I44: 12 | J44: 51 | K44: 51 | L44: 53 | M44: 53 | N44: 51 | O44: 51 | P44: 51 | Q44: 51 | R44: 67 | S44: 67 | T44: 67 | U44: 67 | V44: 70 | W44: 70 | X44: 70 | Y44: 70 | Z44: 49 | AA44: 49 | AB44: 51 | AC44: 51 | AD44: 50 | AE44: 50 | AF44: 51 | AG44: 53 | AI44: 12 | AJ44: 62 | AK44: 67 | AL44: 76 | AM44: 71 | AN44: 67 | AO44: 63 | AP44: 63 | AQ44: 68 | AR44: 98 | AS44: 96 | AT44: 97 | AU44: 93 | AV44: 99 | AW44: 99 | AX44: 97 | AY44: 97 | AZ44: 51 | BA44: 51 | BB44: 63 | BC44: 64 | BD44: 70 | BE44: 65 | BF44: 63 | BG44: 74
I45: 11 | J45: 48 | K45: 48 | L45: 49 | M45: 49 | N45: 48 | O45: 48 | P45: 48 | Q45: 48 | R45: 63 | S45: 63 | T45: 63 | U45: 63 | V45: 66 | W45: 66 | X45: 66 | Y45: 66 | Z45: 45 | AA45: 45 | AB45: 48 | AC45: 48 | AD45: 47 | AE45: 47 | AF45: 48 | AG45: 50 | AI45: 11 | AJ45: 55 | AK45: 60 | AL45: 72 | AM45: 65 | AN45: 59 | AO45: 58 | AP45: 57 | AQ45: 57 | AR45: 97 | AS45: 90 | AT45: 94 | AU45: 90 | AV45: 99 | AW45: 95 | AX45: 95 | AY45: 93 | AZ45: 43 | BA45: 44 | BB45: 52 | BC45: 58 | BD45: 60 | BE45: 50 | BF45: 56 | BG45: 66
I46: 10 | J46: 46 | K46: 46 | L46: 47 | M46: 47 | N46: 46 | O46: 46 | P46: 46 | Q46: 46 | R46: 59 | S46: 59 | T46: 59 | U46: 59 | V46: 61 | W46: 61 | X46: 61 | Y46: 61 | Z46: 43 | AA46: 43 | AB46: 45 | AC46: 46 | AD46: 44 | AE46: 44 | AF46: 45 | AG46: 47 | AI46: 10 | AJ46: 49 | AK46: 52 | AL46: 57 | AM46: 58 | AN46: 52 | AO46: 51 | AP46: 52 | AQ46: 50 | AR46: 93 | AS46: 87 | AT46: 88 | AU46: 85 | AV46: 93 | AW46: 88 | AX46: 90 | AY46: 89 | AZ46: 35 | BA46: 36 | BB46: 47 | BC46: 50 | BD46: 47 | BE46: 41 | BF46: 47 | BG46: 57
I47: 9 | J47: 43 | K47: 43 | L47: 45 | M47: 45 | N47: 43 | O47: 43 | P47: 43 | Q47: 43 | R47: 55 | S47: 55 | T47: 55 | U47: 55 | V47: 57 | W47: 57 | X47: 57 | Y47: 57 | Z47: 40 | AA47: 41 | AB47: 42 | AC47: 43 | AD47: 42 | AE47: 42 | AF47: 43 | AG47: 44 | AI47: 9 | AJ47: 43 | AK47: 38 | AL47: 50 | AM47: 48 | AN47: 41 | AO47: 39 | AP47: 33 | AQ47: 40 | AR47: 81 | AS47: 71 | AT47: 79 | AU47: 71 | AV47: 86 | AW47: 80 | AX47: 80 | AY47: 82 | AZ47: 22 | BA47: 31 | BB47: 33 | BC47: 41 | BD47: 33 | BE47: 29 | BF47: 38 | BG47: 50
I48: 8 | J48: 40 | K48: 40 | L48: 41 | M48: 41 | N48: 40 | O48: 40 | P48: 40 | Q48: 41 | R48: 50 | S48: 50 | T48: 50 | U48: 51 | V48: 52 | W48: 52 | X48: 52 | Y48: 53 | Z48: 37 | AA48: 38 | AB48: 39 | AC48: 40 | AD48: 39 | AE48: 39 | AF48: 40 | AG48: 41 | AI48: 8 | AJ48: 32 | AK48: 26 | AL48: 35 | AM48: 33 | AN48: 29 | AO48: 27 | AP48: 26 | AQ48: 26 | AR48: 71 | AS48: 61 | AT48: 63 | AU48: 63 | AV48: 78 | AW48: 69 | AX48: 72 | AY48: 69 | AZ48: 14 | BA48: 18 | BB48: 21 | BC48: 29 | BD48: 20 | BE48: 20 | BF48: 24 | BG48: 33
I49: 7 | R49: 46 | S49: 46 | T49: 47 | U49: 47 | V49: 48 | W49: 48 | X49: 48 | Y49: 49 | AI49: 7 | AR49: 55 | AS49: 47 | AT49: 54 | AU49: 52 | AV49: 67 | AW49: 53 | AX49: 56 | AY49: 60
I50: 6 | R50: 42 | S50: 42 | T50: 43 | U50: 43 | V50: 43 | W50: 43 | X50: 44 | Y50: 44 | AI50: 6 | AR50: 47 | AS50: 36 | AT50: 41 | AU50: 44 | AV50: 50 | AW50: 44 | AX50: 43 | AY50: 48
I51: 5 | R51: 38 | S51: 38 | T51: 39 | U51: 40 | V51: 39 | W51: 39 | X51: 39 | Y51: 40 | AI51: 5 | AR51: 24 | AS51: 23 | AT51: 25 | AU51: 29 | AV51: 29 | AW51: 24 | AX51: 25 | AY51: 32
I52: 4 | AI52: 4
I53: CI | J53: 5 | K53: 5 | L53: 5 | M53: 5 | N53: 5 | O53: 5 | P53: 5 | Q53: 5 | R53: 7 | S53: 7 | T53: 7 | U53: 6 | V53: 8 | W53: 7 | X53: 7 | Y53: 7 | Z53: 6 | AA53: 5 | AB53: 5 | AC53: 5 | AD53: 6 | AE53: 6 | AF53: 5 | AG53: 5
J54: Plan/Organize - T-Scores | R54: Task-Monitor T-Scores | Z54: Organization of Materials - T-Scores | AJ54: Plan/Organize - Percentiles | AR54: Task-Monitor - Percentiles | AZ54: Organization of Materials - Percentiles
J55: Boys | N55: Girls | R55: Boys | V55: Girls | Z55: Boys | AD55: Girls | AJ55: Boys | AN55: Girls | AR55: Boys | AV55: Girls | AZ55: Boys | BD55: Girls
I56: Raw | J56: 5-7 | K56: 8-10 | L56: 11-13 | M56: 14-18 | N56: 5-7 | O56: 8-10 | P56: 11-13 | Q56: 14-18 | R56: 5-7 | S56: 8-10 | T56: 11-13 | U56: 14-18 | V56: 5-7 | W56: 8-10 | X56: 11-13 | Y56: 14-18 | Z56: 5-7 | AA56: 8-10 | AB56: 11-13 | AC56: 14-18 | AD56: 5-7 | AE56: 8-10 | AF56: 11-13 | AG56: 14-18 | AI56: Raw | AJ56: 5-7 | AK56: 8-10 | AL56: 11-13 | AM56: 14-18 | AN56: 5-7 | AO56: 8-10 | AP56: 11-13 | AQ56: 14-18 | AR56: 5-7 | AS56: 8-10 | AT56: 11-13 | AU56: 14-18 | AV56: 5-7 | AW56: 8-10 | AX56: 11-13 | AY56: 14-18 | AZ56: 5-7 | BA56: 8-10 | BB56: 11-13 | BC56: 14-18 | BD56: 5-7 | BE56: 8-10 | BF56: 11-13 | BG56: 14-18
I57: 24 | J57: 79 | K57: 79 | L57: 80 | M57: 80 | N57: 79 | O57: 79 | P57: 79 | Q57: 79 | AI57: 24 | AJ57: >99 | AK57: >99 | AL57: >99 | AM57: >99 | AN57: >99 | AO57: >99 | AP57: >99 | AQ57: >99
I58: 23 | J58: 76 | K58: 76 | L58: 77 | M58: 77 | N58: 77 | O58: 77 | P58: 77 | Q58: 77 | AI58: 23 | AJ58: >99 | AK58: >99 | AL58: >99 | AM58: 99 | AN58: >99 | AO58: >99 | AP58: >99 | AQ58: >99
I59: 22 | J59: 73 | K59: 73 | L59: 74 | M59: 74 | N59: 74 | O59: 74 | P59: 74 | Q59: 74 | AI59: 22 | AJ59: 99 | AK59: 99 | AL59: 99 | AM59: 98 | AN59: >99 | AO59: >99 | AP59: 99 | AQ59: 98
I60: 21 | J60: 71 | K60: 71 | L60: 72 | M60: 72 | N60: 71 | O60: 71 | P60: 71 | Q60: 71 | AI60: 21 | AJ60: 99 | AK60: 98 | AL60: 97 | AM60: 95 | AN60: >99 | AO60: 99 | AP60: 97 | AQ60: 97
I61: 20 | J61: 68 | K61: 68 | L61: 69 | M61: 69 | N61: 69 | O61: 69 | P61: 69 | Q61: 69 | AI61: 20 | AJ61: 99 | AK61: 96 | AL61: 96 | AM61: 92 | AN61: 99 | AO61: 97 | AP61: 94 | AQ61: 95
I62: 19 | J62: 66 | K62: 66 | L62: 67 | M62: 67 | N62: 66 | O62: 66 | P62: 66 | Q62: 66 | AI62: 19 | AJ62: 99 | AK62: 94 | AL62: 94 | AM62: 90 | AN62: 99 | AO62: 97 | AP62: 91 | AQ62: 91
I63: 18 | J63: 63 | K63: 63 | L63: 64 | M63: 64 | N63: 63 | O63: 63 | P63: 63 | Q63: 63 | Z63: 76 | AA63: 76 | AB63: 76 | AC63: 76 | AD63: 77 | AE63: 77 | AF63: 77 | AG63: 81 | AI63: 18 | AJ63: 97 | AK63: 88 | AL63: 92 | AM63: 88 | AN63: 97 | AO63: 95 | AP63: 90 | AQ63: 90 | AZ63: >99 | BA63: >99 | BB63: >99 | BC63: >99 | BD63: >99 | BE63: >99 | BF63: >99 | BG63: >99
I64: 17 | J64: 60 | K64: 60 | L64: 61 | M64: 61 | N64: 61 | O64: 61 | P64: 61 | Q64: 61 | Z64: 73 | AA64: 73 | AB64: 73 | AC64: 73 | AD64: 74 | AE64: 74 | AF64: 74 | AG64: 78 | AI64: 17 | AJ64: 93 | AK64: 86 | AL64: 89 | AM64: 84 | AN64: 95 | AO64: 89 | AP64: 88 | AQ64: 87 | AZ64: 99 | BA64: 98 | BB64: 99 | BC64: 98 | BD64: >99 | BE64: 98 | BF64: 97 | BG64: 99
I65: 16 | J65: 58 | K65: 58 | L65: 59 | M65: 59 | N65: 58 | O65: 58 | P65: 58 | Q65: 58 | Z65: 70 | AA65: 70 | AB65: 70 | AC65: 70 | AD65: 71 | AE65: 71 | AF65: 71 | AG65: 74 | AI65: 16 | AJ65: 89 | AK65: 82 | AL65: 86 | AM65: 75 | AN65: 94 | AO65: 88 | AP65: 85 | AQ65: 83 | AZ65: 99 | BA65: 97 | BB65: 97 | BC65: 95 | BD65: >99 | BE65: 98 | BF65: 96 | BG65: 98
I66: 15 | J66: 55 | K66: 55 | L66: 56 | M66: 56 | N66: 56 | O66: 56 | P66: 56 | Q66: 56 | R66: 73 | S66: 73 | T66: 73 | U66: 73 | V66: 77 | W66: 77 | X66: 77 | Y66: 82 | Z66: 67 | AA66: 67 | AB66: 67 | AC66: 67 | AD66: 67 | AE66: 67 | AF66: 67 | AG66: 71 | AI66: 15 | AJ66: 83 | AK66: 73 | AL66: 76 | AM66: 70 | AN66: 91 | AO66: 80 | AP66: 80 | AQ66: 78 | AR66: >99 | AS66: >99 | AT66: >99 | AU66: >99 | AV66: >99 | AW66: >99 | AX66: >99 | AY66: >99 | AZ66: 99 | BA66: 93 | BB66: 94 | BC66: 93 | BD66: >99 | BE66: 97 | BF66: 94 | BG66: 97
I67: 14 | J67: 52 | K67: 52 | L67: 53 | M67: 53 | N67: 53 | O67: 53 | P67: 53 | Q67: 53 | R67: 69 | S67: 69 | T67: 69 | U67: 69 | V67: 73 | W67: 73 | X67: 73 | Y67: 78 | Z67: 63 | AA67: 63 | AB67: 63 | AC67: 63 | AD67: 64 | AE67: 64 | AF67: 64 | AG67: 67 | AI67: 14 | AJ67: 75 | AK67: 66 | AL67: 66 | AM67: 61 | AN67: 88 | AO67: 74 | AP67: 69 | AQ67: 69 | AR67: 98 | AS67: 97 | AT67: 99 | AU67: 96 | AV67: 99 | AW67: 99 | AX67: 99 | AY67: 99 | AZ67: 97 | BA67: 90 | BB67: 90 | BC67: 90 | BD67: 99 | BE67: 95 | BF67: 92 | BG67: 94
I68: 13 | J68: 50 | K68: 50 | L68: 50 | M68: 50 | N68: 50 | O68: 50 | P68: 50 | Q68: 51 | R68: 66 | S68: 66 | T68: 66 | U68: 66 | V68: 69 | W68: 69 | X68: 69 | Y68: 74 | Z68: 60 | AA68: 60 | AB68: 60 | AC68: 60 | AD68: 61 | AE68: 61 | AF68: 61 | AG68: 64 | AI68: 13 | AJ68: 66 | AK68: 57 | AL68: 61 | AM68: 55 | AN68: 78 | AO68: 69 | AP68: 60 | AQ68: 61 | AR68: 97 | AS68: 94 | AT68: 96 | AU68: 94 | AV68: 99 | AW68: 97 | AX68: 96 | AY68: 97 | AZ68: 95 | BA68: 86 | BB68: 86 | BC68: 86 | BD68: 97 | BE68: 92 | BF68: 88 | BG68: 91
I69: 12 | J69: 47 | K69: 47 | L69: 48 | M69: 48 | N69: 48 | O69: 48 | P69: 48 | Q69: 48 | R69: 62 | S69: 62 | T69: 62 | U69: 62 | V69: 65 | W69: 65 | X69: 65 | Y69: 70 | Z69: 57 | AA69: 57 | AB69: 57 | AC69: 58 | AD69: 58 | AE69: 58 | AF69: 58 | AG69: 60 | AI69: 12 | AJ69: 60 | AK69: 50 | AL69: 53 | AM69: 49 | AN69: 72 | AO69: 54 | AP69: 50 | AQ69: 54 | AR69: 96 | AS69: 91 | AT69: 95 | AU69: 90 | AV69: 97 | AW69: 93 | AX69: 94 | AY69: 95 | AZ69: 88 | BA69: 82 | BB69: 83 | BC69: 82 | BD69: 93 | BE69: 88 | BF69: 82 | BG69: 88
I70: 11 | J70: 45 | K70: 45 | L70: 45 | M70: 45 | N70: 46 | O70: 46 | P70: 46 | Q70: 46 | R70: 58 | S70: 58 | T70: 58 | U70: 59 | V70: 61 | W70: 61 | X70: 61 | Y70: 65 | Z70: 54 | AA70: 54 | AB70: 54 | AC70: 55 | AD70: 57 | AE70: 57 | AF70: 57 | AG70: 57 | AI70: 11 | AJ70: 49 | AK70: 40 | AL70: 42 | AM70: 42 | AN70: 64 | AO70: 47 | AP70: 41 | AQ70: 46 | AR70: 90 | AS70: 84 | AT70: 89 | AU70: 86 | AV70: 95 | AW70: 90 | AX70: 92 | AY70: 93 | AZ70: 79 | BA70: 74 | BB70: 68 | BC70: 72 | BD70: 91 | BE70: 84 | BF70: 76 | BG70: 82
I71: 10 | J71: 42 | K71: 42 | L71: 43 | M71: 43 | N71: 43 | O71: 43 | P71: 43 | Q71: 43 | R71: 54 | S71: 54 | T71: 54 | U71: 56 | V71: 57 | W71: 57 | X71: 57 | Y71: 61 | Z71: 50 | AA71: 50 | AB71: 51 | AC71: 52 | AD71: 53 | AE71: 53 | AF71: 53 | AG71: 53 | AI71: 10 | AJ71: 43 | AK71: 32 | AL71: 35 | AM71: 35 | AN71: 49 | AO71: 35 | AP71: 33 | AQ71: 37 | AR71: 80 | AS71: 75 | AT71: 82 | AU71: 77 | AV71: 91 | AW71: 85 | AX71: 89 | AY71: 89 | AZ71: 69 | BA71: 63 | BB71: 62 | BC71: 65 | BD71: 83 | BE71: 77 | BF71: 67 | BG71: 73
I72: 9 | J72: 39 | K72: 39 | L72: 40 | M72: 40 | N72: 40 | O72: 40 | P72: 40 | Q72: 41 | R72: 50 | S72: 50 | T72: 50 | U72: 52 | V72: 53 | W72: 53 | X72: 53 | Y72: 57 | Z72: 47 | AA72: 47 | AB72: 48 | AC72: 49 | AD72: 49 | AE72: 49 | AF72: 49 | AG72: 50 | AI72: 9 | AJ72: 28 | AK72: 21 | AL72: 27 | AM72: 29 | AN72: 40 | AO72: 27 | AP72: 21 | AQ72: 27 | AR72: 62 | AS72: 56 | AT72: 62 | AU72: 62 | AV72: 84 | AW72: 65 | AX72: 77 | AY72: 82 | AZ72: 59 | BA72: 53 | BB72: 54 | BC72: 58 | BD72: 73 | BE72: 65 | BF72: 54 | BG72: 63
I73: 8 | J73: 37 | K73: 37 | L73: 38 | M73: 38 | N73: 37 | O73: 37 | P73: 37 | Q73: 38 | R73: 46 | S73: 46 | T73: 46 | U73: 49 | V73: 49 | W73: 49 | X73: 49 | Y73: 53 | Z73: 45 | AA73: 45 | AB73: 45 | AC73: 46 | AD73: 46 | AE73: 46 | AF73: 46 | AG73: 46 | AI73: 8 | AJ73: 14 | AK73: 12 | AL73: 16 | AM73: 19 | AN73: 18 | AO73: 10 | AP73: 11 | AQ73: 13 | AR73: 45 | AS73: 47 | AT73: 44 | AU73: 51 | AV73: 71 | AW73: 58 | AX73: 63 | AY73: 76 | AZ73: 43 | BA73: 37 | BB73: 44 | BC73: 49 | BD73: 50 | BE73: 48 | BF73: 45 | BG73: 50
I74: 7 | R74: 44 | S74: 44 | T74: 44 | U74: 45 | V74: 47 | W74: 47 | X74: 47 | Y74: 49 | Z74: 42 | AA74: 42 | AB74: 42 | AC74: 43 | AD74: 42 | AE74: 42 | AF74: 42 | AG74: 43 | AI74: 7 | AR74: 37 | AS74: 36 | AT74: 37 | AU74: 44 | AV74: 55 | AW74: 46 | AX74: 52 | AY74: 64 | AZ74: 33 | BA74: 25 | BB74: 32 | BC74: 38 | BD74: 28 | BE74: 28 | BF74: 35 | BG74: 36
I75: 6 | R75: 39 | S75: 39 | T75: 40 | U75: 42 | V75: 41 | W75: 41 | X75: 42 | Y75: 44 | Z75: 38 | AA75: 38 | AB75: 39 | AC75: 40 | AD75: 37 | AE75: 38 | AF75: 39 | AG75: 39 | AI75: 6 | AR75: 25 | AS75: 19 | AT75: 27 | AU75: 36 | AV75: 35 | AW75: 29 | AX75: 36 | AY75: 45 | AZ75: 19 | BA75: 17 | BB75: 23 | BC75: 27 | BD75: 19 | BE75: 15 | BF75: 18 | BG75: 24
I76: 5 | R76: 35 | S76: 35 | T76: 36 | U76: 38 | V76: 38 | W76: 38 | X76: 38 | Y76: 40 | AI76: 5 | AR76: 14 | AS76: 10 | AT76: 17 | AU76: 26 | AV76: 20 | AW76: 14 | AX76: 19 | AY76: 28
I77: 4 | AI77: 4
I78: CI | J78: 7 | K78: 6 | L78: 6 | M78: 5 | N78: 7 | O78: 6 | P78: 6 | Q78: 5 | R78: 7 | S78: 7 | T78: 7 | U78: 5 | V78: 7 | W78: 6 | X78: 6 | Y78: 6 | Z78: 8 | AA78: 6 | AB78: 6 | AC78: 5 | AD78: 9 | AE78: 7 | AF78: 6 | AG78: 7
J79: Behavior Regulation | R79: Emotion Regulation | Z79: Cognitive Regulation | AJ79: Behavior Regulation | AR79: Emotion Regulation | AZ79: Cognitive Regulation
J80: Boys | N80: Girls | R80: Boys | V80: Girls | Z80: Boys | AD80: Girls | AJ80: Boys | AN80: Girls | AR80: Boys | AV80: Girls | AZ80: Boys | BD80: Girls
I81: Raw | J81: 5-7 | K81: 8-10 | L81: 11-13 | M81: 14-18 | N81: 5-7 | O81: 8-10 | P81: 11-13 | Q81: 14-18 | R81: 5-7 | S81: 8-10 | T81: 11-13 | U81: 14-18 | V81: 5-7 | W81: 8-10 | X81: 11-13 | Y81: 14-18 | Z81: 5-7 | AA81: 8-10 | AB81: 11-13 | AC81: 14-18 | AD81: 5-7 | AE81: 8-10 | AF81: 11-13 | AG81: 14-18 | AI81: Raw | AJ81: 5-7 | AK81: 8-10 | AL81: 11-13 | AM81: 14-18 | AN81: 5-7 | AO81: 8-10 | AP81: 11-13 | AQ81: 14-18 | AR81: 5-7 | AS81: 8-10 | AT81: 11-13 | AU81: 14-18 | AV81: 5-7 | AW81: 8-10 | AX81: 11-13 | AY81: 14-18 | AZ81: 5-7 | BA81: 8-10 | BB81: 11-13 | BC81: 14-18 | BD81: 5-7 | BE81: 8-10 | BF81: 11-13 | BG81: 14-18
I82: 96 | Z82: 80 | AA82: 80 | AB82: 82 | AC82: 82 | AD82: 87 | AE82: 87 | AF82: 87 | AG82: 87 | AI82: 96 | AZ82: >99 | BA82: >99 | BB82: >99 | BC82: >99 | BD82: >99 | BE82: >99 | BF82: >99 | BG82: >99
I83: =I82-1 -> 95 | Z83: 79 | AA83: 79 | AB83: 82 | AC83: 82 | AD83: 86 | AE83: 86 | AF83: 86 | AG83: 86 | AI83: =AI82-1 -> 95 | AZ83: >99 | BA83: >99 | BB83: >99 | BC83: >99 | BD83: >99 | BE83: >99 | BF83: >99 | BG83: >99
I84: =I83-1 -> 94 | Z84: 78 | AA84: 78 | AB84: 81 | AC84: 81 | AD84: 85 | AE84: 85 | AF84: 85 | AG84: 85 | AI84: =AI83-1 -> 94 | AZ84: >99 | BA84: >99 | BB84: >99 | BC84: >99 | BD84: >99 | BE84: >99 | BF84: >99 | BG84: >99
I85: =I84-1 -> 93 | Z85: 77 | AA85: 77 | AB85: 80 | AC85: 80 | AD85: 85 | AE85: 85 | AF85: 85 | AG85: 85 | AI85: =AI84-1 -> 93 | AZ85: >99 | BA85: >99 | BB85: >99 | BC85: >99 | BD85: >99 | BE85: >99 | BF85: >99 | BG85: >99
I86: =I85-1 -> 92 | Z86: 77 | AA86: 77 | AB86: 80 | AC86: 80 | AD86: 84 | AE86: 84 | AF86: 84 | AG86: 84 | AI86: =AI85-1 -> 92 | AZ86: >99 | BA86: >99 | BB86: 99 | BC86: >99 | BD86: >99 | BE86: >99 | BF86: >99 | BG86: >99
I87: =I86-1 -> 91 | Z87: 76 | AA87: 76 | AB87: 79 | AC87: 79 | AD87: 83 | AE87: 83 | AF87: 83 | AG87: 83 | AI87: =AI86-1 -> 91 | AZ87: >99 | BA87: 99 | BB87: 99 | BC87: >99 | BD87: >99 | BE87: 99 | BF87: >99 | BG87: >99
I88: =I87-1 -> 90 | Z88: 75 | AA88: 75 | AB88: 78 | AC88: 78 | AD88: 82 | AE88: 82 | AF88: 82 | AG88: 82 | AI88: =AI87-1 -> 90 | AZ88: >99 | BA88: 99 | BB88: 99 | BC88: >99 | BD88: >99 | BE88: 99 | BF88: >99 | BG88: >99
I89: =I88-1 -> 89 | Z89: 75 | AA89: 75 | AB89: 77 | AC89: 77 | AD89: 81 | AE89: 81 | AF89: 81 | AG89: 81 | AI89: =AI88-1 -> 89 | AZ89: >99 | BA89: 99 | BB89: 99 | BC89: 99 | BD89: >99 | BE89: 99 | BF89: >99 | BG89: >99
I90: =I89-1 -> 88 | Z90: 74 | AA90: 74 | AB90: 77 | AC90: 77 | AD90: 81 | AE90: 81 | AF90: 81 | AG90: 81 | AI90: =AI89-1 -> 88 | AZ90: >99 | BA90: 99 | BB90: 99 | BC90: 99 | BD90: >99 | BE90: 99 | BF90: >99 | BG90: 99
I91: =I90-1 -> 87 | Z91: 73 | AA91: 73 | AB91: 76 | AC91: 76 | AD91: 80 | AE91: 80 | AF91: 80 | AG91: 80 | AI91: =AI90-1 -> 87 | AZ91: >99 | BA91: 99 | BB91: 99 | BC91: 99 | BD91: >99 | BE91: 99 | BF91: >99 | BG91: 99
I92: =I91-1 -> 86 | Z92: 73 | AA92: 73 | AB92: 75 | AC92: 75 | AD92: 79 | AE92: 79 | AF92: 79 | AG92: 79 | AI92: =AI91-1 -> 86 | AZ92: >99 | BA92: 99 | BB92: 99 | BC92: 99 | BD92: >99 | BE92: 99 | BF92: 99 | BG92: 99
I93: =I92-1 -> 85 | Z93: 72 | AA93: 72 | AB93: 75 | AC93: 75 | AD93: 78 | AE93: 78 | AF93: 78 | AG93: 78 | AI93: =AI92-1 -> 85 | AZ93: >99 | BA93: 99 | BB93: 99 | BC93: 99 | BD93: >99 | BE93: 99 | BF93: 99 | BG93: 98
I94: =I93-1 -> 84 | Z94: 71 | AA94: 71 | AB94: 74 | AC94: 74 | AD94: 77 | AE94: 77 | AF94: 77 | AG94: 77 | AI94: =AI93-1 -> 84 | AZ94: >99 | BA94: 99 | BB94: 99 | BC94: 98 | BD94: >99 | BE94: 99 | BF94: 99 | BG94: 98
I95: =I94-1 -> 83 | Z95: 71 | AA95: 71 | AB95: 73 | AC95: 73 | AD95: 77 | AE95: 77 | AF95: 77 | AG95: 77 | AI95: =AI94-1 -> 83 | AZ95: 99 | BA95: 99 | BB95: 99 | BC95: 96 | BD95: >99 | BE95: 99 | BF95: 99 | BG95: 98
I96: =I95-1 -> 82 | Z96: 70 | AA96: 70 | AB96: 72 | AC96: 72 | AD96: 76 | AE96: 76 | AF96: 76 | AG96: 76 | AI96: =AI95-1 -> 82 | AZ96: 99 | BA96: 96 | BB96: 98 | BC96: 96 | BD96: >99 | BE96: 99 | BF96: 97 | BG96: 97
I97: =I96-1 -> 81 | Z97: 69 | AA97: 69 | AB97: 72 | AC97: 72 | AD97: 75 | AE97: 75 | AF97: 75 | AG97: 75 | AI97: =AI96-1 -> 81 | AZ97: 99 | BA97: 96 | BB97: 98 | BC97: 96 | BD97: 99 | BE97: 98 | BF97: 96 | BG97: 97
I98: =I97-1 -> 80 | Z98: 69 | AA98: 69 | AB98: 71 | AC98: 71 | AD98: 74 | AE98: 74 | AF98: 74 | AG98: 74 | AI98: =AI97-1 -> 80 | AZ98: 99 | BA98: 96 | BB98: 97 | BC98: 94 | BD98: 99 | BE98: 98 | BF98: 95 | BG98: 97
I99: =I98-1 -> 79 | Z99: 68 | AA99: 68 | AB99: 70 | AC99: 70 | AD99: 74 | AE99: 74 | AF99: 74 | AG99: 74 | AI99: =AI98-1 -> 79 | AZ99: 99 | BA99: 95 | BB99: 97 | BC99: 92 | BD99: 99 | BE99: 98 | BF99: 95 | BG99: 97
I100: =I99-1 -> 78 | Z100: 67 | AA100: 67 | AB100: 70 | AC100: 70 | AD100: 73 | AE100: 73 | AF100: 73 | AG100: 73 | AI100: =AI99-1 -> 78 | AZ100: 99 | BA100: 93 | BB100: 97 | BC100: 92 | BD100: 99 | BE100: 97 | BF100: 94 | BG100: 96
I101: =I100-1 -> 77 | Z101: 67 | AA101: 67 | AB101: 69 | AC101: 69 | AD101: 72 | AE101: 72 | AF101: 72 | AG101: 72 | AI101: =AI100-1 -> 77 | AZ101: 99 | BA101: 93 | BB101: 95 | BC101: 92 | BD101: 99 | BE101: 97 | BF101: 94 | BG101: 96
I102: =I101-1 -> 76 | Z102: 66 | AA102: 66 | AB102: 68 | AC102: 68 | AD102: 71 | AE102: 71 | AF102: 71 | AG102: 71 | AI102: =AI101-1 -> 76 | AZ102: 99 | BA102: 90 | BB102: 95 | BC102: 92 | BD102: 99 | BE102: 97 | BF102: 94 | BG102: 96
...

Sheet Calc - Teacher
B3: Age: | C3: =IF(Parent!K4="Select:","",Parent!K4) -> 5-7
B4: Gender: | C4: =IF(Parent!K5="Select:","",Parent!K5) -> Boys | D4: Column Adjust: | F4: =IF(C4="Girls",4,0) -> 0 | J4: Inhibition - T-Scores | R4: Self-Montor - T-Scores | Z4: Shift - T-Scores | AJ4: Inhibition - Percentiles | AR4: Self-Montor - Percentiles | AZ4: Shift - Percentiles
J5: Boys | N5: Girls | R5: Boys | V5: Girls | Z5: Boys | AD5: Girls | AJ5: Boys | AN5: Girls | AR5: Boys | AV5: Girls | AZ5: Boys | BD5: Girls
B6: Scale | C6: Raw | D6: T Score | E6: %ile | F6: 90% CI | I6: Raw | J6: 5-7 | K6: 8-10 | L6: 11-13 | M6: 14-18 | N6: 5-7 | O6: 8-10 | P6: 11-13 | Q6: 14-18 | R6: 5-7 | S6: 8-10 | T6: 11-13 | U6: 14-18 | V6: 5-7 | W6: 8-10 | X6: 11-13 | Y6: 14-18 | Z6: 5-7 | AA6: 8-10 | AB6: 11-13 | AC6: 14-18 | AD6: 5-7 | AE6: 8-10 | AF6: 11-13 | AG6: 14-18 | AI6: Raw | AJ6: 5-7 | AK6: 8-10 | AL6: 11-13 | AM6: 14-18 | AN6: 5-7 | AO6: 8-10 | AP6: 11-13 | AQ6: 14-18 | AR6: 5-7 | AS6: 8-10 | AT6: 11-13 | AU6: 14-18 | AV6: 5-7 | AW6: 8-10 | AX6: 11-13 | AY6: 14-18 | AZ6: 5-7 | BA6: 8-10 | BB6: 11-13 | BC6: 14-18 | BD6: 5-7 | BE6: 8-10 | BF6: 11-13 | BG6: 14-18
B7: Inhibit | C7: =Teacher!P10 -> 0 | D7: =IFERROR(VLOOKUP(C7,I6:AG27,C25,FALSE),"") | E7: =IFERROR(VLOOKUP(C7,AI6:BG27,C25,FALSE),"") | F7: =D7-(VLOOKUP("CI",I28:AG28,C25,FALSE)) -> #VALUE! | G7: =D7+(VLOOKUP("CI",I28:AG28,C25,FALSE)) -> #VALUE! | I7: 24 | AI7: 24
B8: Self-Mon. | C8: =Teacher!P11 -> 0 | D8: =IFERROR(VLOOKUP(C8,I6:AG27,C25+8,FALSE),"") | E8: =IFERROR(VLOOKUP(C8,AI6:BG27,C25+8,FALSE),"") | F8: =D8-(VLOOKUP("CI",I28:AG28,C25+8,FALSE)) -> #VALUE! | G8: =D8+(VLOOKUP("CI",I28:AG28,C25+8,FALSE)) -> #VALUE! | I8: 23 | AI8: 23
B9: BRI | C9: =Teacher!P12 -> 0 | D9: =IFERROR(VLOOKUP(C9,I81:AG166,C25,FALSE),"") | E9: =IFERROR(VLOOKUP(C9,AI81:BG166,C25,FALSE),"") | F9: =D9-(VLOOKUP("CI",I167:AG167,C25,FALSE)) -> #VALUE! | G9: =D9+(VLOOKUP("CI",I167:AG167,C25,FALSE)) -> #VALUE! | I9: 22 | AI9: 22
B10: Shift | C10: =Teacher!P13 -> 0 | D10: =IFERROR(VLOOKUP(C10,I6:AG27,C25+16,FALSE),"") | E10: =IFERROR(VLOOKUP(C10,AI6:BG27,C25+16,FALSE),"") | F10: =D10-(VLOOKUP("CI",I28:AG28,C25+16,FALSE)) -> #VALUE! | G10: =D10+(VLOOKUP("CI",I28:AG28,C25+16,FALSE)) -> #VALUE! | I10: 21 | AI10: 21
B11: Emo Ctrl. | C11: =Teacher!P14 -> 0 | D11: =IFERROR(VLOOKUP(C11,I31:AG52,C25,FALSE),"") | E11: =IFERROR(VLOOKUP(C11,AI31:BG52,C25,FALSE),"") | F11: =D11-(VLOOKUP("CI",I53:AG53,C25,FALSE)) -> #VALUE! | G11: =D11+(VLOOKUP("CI",I53:AG53,C25,FALSE)) -> #VALUE! | I11: 20 | AI11: 20
B12: ERI | C12: =Teacher!P15 -> 0 | D12: =IFERROR(VLOOKUP(C12,I81:AG166,C25+8,FALSE),"") | E12: =IFERROR(VLOOKUP(C12,AI81:BG166,C25+8,FALSE),"") | F12: =D12-(VLOOKUP("CI",I167:AG167,C25+8,FALSE)) -> #VALUE! | G12: =D12+(VLOOKUP("CI",I167:AG167,C25+8,FALSE)) -> #VALUE! | I12: 19 | AI12: 19
B13: Initiate | C13: =Teacher!P16 -> 0 | D13: =IFERROR(VLOOKUP(C13,I31:AG52,C25+8,FALSE),"") | E13: =IFERROR(VLOOKUP(C13,AI31:BG52,C25+8,FALSE),"") | F13: =D13-(VLOOKUP("CI",I53:AG53,C25+8,FALSE)) -> #VALUE! | G13: =D13+(VLOOKUP("CI",I53:AG53,C25+8,FALSE)) -> #VALUE! | I13: 18 | AI13: 18
B14: Work Mem. | C14: =Teacher!P17 -> 0 | D14: =IFERROR(VLOOKUP(C14,I31:AG52,C25+16,FALSE),"") | E14: =IFERROR(VLOOKUP(C14,AI31:BG52,C25+16,FALSE),"") | F14: =D14-(VLOOKUP("CI",I53:AG53,C25+16,FALSE)) -> #VALUE! | G14: =D14+(VLOOKUP("CI",I53:AG53,C25+16,FALSE)) -> #VALUE! | I14: 17 | AI14: 17
B15: Plan/Org. | C15: =Teacher!P18 -> 0 | D15: =IFERROR(VLOOKUP(C15,I56:AG77,C25,FALSE),"") | E15: =IFERROR(VLOOKUP(C15,AI56:BG77,C25,FALSE),"") | F15: =D15-(VLOOKUP("CI",I78:AG78,C25,FALSE)) -> #VALUE! | G15: =D15+(VLOOKUP("CI",I78:AG78,C25,FALSE)) -> #VALUE! | I15: 16 | AI15: 16
B16: Task-Mon. | C16: =Teacher!P19 -> 0 | D16: =IFERROR(VLOOKUP(C16,I56:AG77,C25+8,FALSE),"") | E16: =IFERROR(VLOOKUP(C16,AI56:BG77,C25+8,FALSE),"") | F16: =D16-(VLOOKUP("CI",I78:AG78,C25+8,FALSE)) -> #VALUE! | G16: =D16+(VLOOKUP("CI",I78:AG78,C25+8,FALSE)) -> #VALUE! | I16: 15 | AI16: 15
B17: Org. Mat. | C17: =Teacher!P20 -> 0 | D17: =IFERROR(VLOOKUP(C17,I56:AG77,C25+16,FALSE),"") | E17: =IFERROR(VLOOKUP(C17,AI56:BG77,C25+16,FALSE),"") | F17: =D17-(VLOOKUP("CI",I78:AG78,C25+16,FALSE)) -> #VALUE! | G17: =D17+(VLOOKUP("CI",I78:AG78,C25+16,FALSE)) -> #VALUE! | I17: 14 | AI17: 14
B18: CRI | C18: =Teacher!P21 -> 0 | D18: =IFERROR(VLOOKUP(C18,I81:AG166,C25+16,FALSE),"") | E18: =IFERROR(VLOOKUP(C18,AI81:BG166,C25+16,FALSE),"") | F18: =D18-(VLOOKUP("CI",I167:AG167,C25+16,FALSE)) -> #VALUE! | G18: =D18+(VLOOKUP("CI",I167:AG167,C25+16,FALSE)) -> #VALUE! | I18: 13 | AI18: 13
B19: GEC | C19: =Teacher!P22 -> 0 | D19: =IFERROR(VLOOKUP(C19,I170:Q291,C25,FALSE),"") | E19: =IFERROR(VLOOKUP(C19,AI170:AQ291,C25,FALSE),"") | F19: =D19-(VLOOKUP("CI",I292:Q292,C25,FALSE)) -> #VALUE! | G19: =D19+(VLOOKUP("CI",I292:Q292,C25,FALSE)) -> #VALUE! | I19: 12 | AI19: 12
I20: 11 | AI20: 11
C21: 5-7 | D21: 8-10 | E21: 11-13 | F21: 14-18 | I21: 10 | AI21: 10
B22: Boys | C22: 2 | D22: 3 | E22: 4 | F22: 5 | I22: 9 | AI22: 9
B23: Girls | C23: 6 | D23: 7 | E23: 8 | F23: 9 | I23: 8 | AI23: 8
I24: 7 | AI24: 7
B25: Final Column: | C25: =IFERROR(INDEX(B21:F23,MATCH(C4,B21:B23,0),MATCH(C3,B21:F21,0)),"") -> 2 | I25: 6 | AI25: 6
I26: 5 | AI26: 5
I27: 4 | AI27: 4
I28: CI
J29: Emotional Control - T-Scores | R29: Initiate - T-Scores | Z29: Working Memory - T-Scores | AJ29: Emotional Control - Percentiles | AR29: Initiate - Percentiles | AZ29: Working Memory - Percentiles
J30: Boys | N30: Girls | R30: Boys | V30: Girls | Z30: Boys | AD30: Girls | AJ30: Boys | AN30: Girls | AR30: Boys | AV30: Girls | AZ30: Boys | BD30: Girls
I31: Raw | J31: 5-7 | K31: 8-10 | L31: 11-13 | M31: 14-18 | N31: 5-7 | O31: 8-10 | P31: 11-13 | Q31: 14-18 | R31: 5-7 | S31: 8-10 | T31: 11-13 | U31: 14-18 | V31: 5-7 | W31: 8-10 | X31: 11-13 | Y31: 14-18 | Z31: 5-7 | AA31: 8-10 | AB31: 11-13 | AC31: 14-18 | AD31: 5-7 | AE31: 8-10 | AF31: 11-13 | AG31: 14-18 | AI31: Raw | AJ31: 5-7 | AK31: 8-10 | AL31: 11-13 | AM31: 14-18 | AN31: 5-7 | AO31: 8-10 | AP31: 11-13 | AQ31: 14-18 | AR31: 5-7 | AS31: 8-10 | AT31: 11-13 | AU31: 14-18 | AV31: 5-7 | AW31: 8-10 | AX31: 11-13 | AY31: 14-18 | AZ31: 5-7 | BA31: 8-10 | BB31: 11-13 | BC31: 14-18 | BD31: 5-7 | BE31: 8-10 | BF31: 11-13 | BG31: 14-18
I32: 24 | AI32: 24
I33: 23 | AI33: 23
I34: 22 | AI34: 22
I35: 21 | AI35: 21
I36: 20 | AI36: 20
I37: 19 | AI37: 19
I38: 18 | AI38: 18
I39: 17 | AI39: 17
I40: 16 | AI40: 16
I41: 15 | AI41: 15
I42: 14 | AI42: 14
I43: 13 | AI43: 13
... I52: 4 | AI52: 4
I53: CI
J54: Plan/Organize - T-Scores | R54: Task-Monitor T-Scores | Z54: Organization of Materials - T-Scores | AJ54: Plan/Organize - Percentiles | AR54: Task-Monitor - Percentiles | AZ54: Organization of Materials - Percentiles
J55: Boys | N55: Girls | R55: Boys | V55: Girls | Z55: Boys | AD55: Girls | AJ55: Boys | AN55: Girls | AR55: Boys | AV55: Girls | AZ55: Boys | BD55: Girls
I56: Raw | J56: 5-7 | K56: 8-10 | L56: 11-13 | M56: 14-18 | N56: 5-7 | O56: 8-10 | P56: 11-13 | Q56: 14-18 | R56: 5-7 | S56: 8-10 | T56: 11-13 | U56: 14-18 | V56: 5-7 | W56: 8-10 | X56: 11-13 | Y56: 14-18 | Z56: 5-7 | AA56: 8-10 | AB56: 11-13 | AC56: 14-18 | AD56: 5-7 | AE56: 8-10 | AF56: 11-13 | AG56: 14-18 | AI56: Raw | AJ56: 5-7 | AK56: 8-10 | AL56: 11-13 | AM56: 14-18 | AN56: 5-7 | AO56: 8-10 | AP56: 11-13 | AQ56: 14-18 | AR56: 5-7 | AS56: 8-10 | AT56: 11-13 | AU56: 14-18 | AV56: 5-7 | AW56: 8-10 | AX56: 11-13 | AY56: 14-18 | AZ56: 5-7 | BA56: 8-10 | BB56: 11-13 | BC56: 14-18 | BD56: 5-7 | BE56: 8-10 | BF56: 11-13 | BG56: 14-18
I57: 24 | AI57: 24
I58: 23 | AI58: 23
I59: 22 | AI59: 22
I60: 21 | AI60: 21
I61: 20 | AI61: 20
I62: 19 | AI62: 19
I63: 18 | AI63: 18
I64: 17 | AI64: 17
I65: 16 | AI65: 16
I66: 15 | AI66: 15
I67: 14 | AI67: 14
I68: 13 | AI68: 13
... I77: 4 | AI77: 4
I78: CI
J79: Behavior Regulation | R79: Emotion Regulation | Z79: Cognitive Regulation | AJ79: Behavior Regulation | AR79: Emotion Regulation | AZ79: Cognitive Regulation
J80: Boys | N80: Girls | R80: Boys | V80: Girls | Z80: Boys | AD80: Girls | AJ80: Boys | AN80: Girls | AR80: Boys | AV80: Girls | AZ80: Boys | BD80: Girls
I81: Raw | J81: 5-7 | K81: 8-10 | L81: 11-13 | M81: 14-18 | N81: 5-7 | O81: 8-10 | P81: 11-13 | Q81: 14-18 | R81: 5-7 | S81: 8-10 | T81: 11-13 | U81: 14-18 | V81: 5-7 | W81: 8-10 | X81: 11-13 | Y81: 14-18 | Z81: 5-7 | AA81: 8-10 | AB81: 11-13 | AC81: 14-18 | AD81: 5-7 | AE81: 8-10 | AF81: 11-13 | AG81: 14-18 | AI81: Raw | AJ81: 5-7 | AK81: 8-10 | AL81: 11-13 | AM81: 14-18 | AN81: 5-7 | AO81: 8-10 | AP81: 11-13 | AQ81: 14-18 | AR81: 5-7 | AS81: 8-10 | AT81: 11-13 | AU81: 14-18 | AV81: 5-7 | AW81: 8-10 | AX81: 11-13 | AY81: 14-18 | AZ81: 5-7 | BA81: 8-10 | BB81: 11-13 | BC81: 14-18 | BD81: 5-7 | BE81: 8-10 | BF81: 11-13 | BG81: 14-18
I82: 96 | AI82: 96
I83: =I82-1 -> 95 | AI83: =AI82-1 -> 95
I84: =I83-1 -> 94 | AI84: =AI83-1 -> 94
I85: =I84-1 -> 93 | AI85: =AI84-1 -> 93
I86: =I85-1 -> 92 | AI86: =AI85-1 -> 92
I87: =I86-1 -> 91 | AI87: =AI86-1 -> 91
I88: =I87-1 -> 90 | AI88: =AI87-1 -> 90
I89: =I88-1 -> 89 | AI89: =AI88-1 -> 89
I90: =I89-1 -> 88 | AI90: =AI89-1 -> 88
I91: =I90-1 -> 87 | AI91: =AI90-1 -> 87
I92: =I91-1 -> 86 | AI92: =AI91-1 -> 86
I93: =I92-1 -> 85 | AI93: =AI92-1 -> 85
I94: =I93-1 -> 84 | AI94: =AI93-1 -> 84
... I166: =I165-1 -> 12 | AI166: =AI165-1 -> 12
I167: CI
J168: Global Executive Composite | AJ168: Global Executive Composite
J169: Boys | N169: Girls | AJ169: Boys | AN169: Girls
I170: Raw | J170: 5-7 | K170: 8-10 | L170: 11-13 | M170: 14-18 | N170: 5-7 | O170: 8-10 | P170: 11-13 | Q170: 14-18 | AI170: Raw | AJ170: 5-7 | AK170: 8-10 | AL170: 11-13 | AM170: 14-18 | AN170: 5-7 | AO170: 8-10 | AP170: 11-13 | AQ170: 14-18
I171: 180 | AI171: 180
I172: =I171-1 -> 179 | AI172: =AI171-1 -> 179
I173: =I172-1 -> 178 | AI173: =AI172-1 -> 178
I174: =I173-1 -> 177 | AI174: =AI173-1 -> 177
I175: =I174-1 -> 176 | AI175: =AI174-1 -> 176
I176: =I175-1 -> 175 | AI176: =AI175-1 -> 175
I177: =I176-1 -> 174 | AI177: =AI176-1 -> 174
I178: =I177-1 -> 173 | AI178: =AI177-1 -> 173
I179: =I178-1 -> 172 | AI179: =AI178-1 -> 172
I180: =I179-1 -> 171 | AI180: =AI179-1 -> 171
I181: =I180-1 -> 170 | AI181: =AI180-1 -> 170
I182: =I181-1 -> 169 | AI182: =AI181-1 -> 169
I183: =I182-1 -> 168 | AI183: =AI182-1 -> 168
... I291: =I290-1 -> 60 | AI291: =AI290-1 -> 60
I292: CI

Sheet Calc - Self
B3: Age: | C3: =IF(Self!K4="Select:","",Self!K4) -> 14-18
B4: Gender: | C4: =IF(Self!K5="Select:","",Self!K5) -> Boys | D4: Column Adjust: | F4: =IF(C4="Girls",4,0) -> 0 | J4: Inhibition - T-Scores | R4: Self-Montor - T-Scores | Z4: Shift - T-Scores | AJ4: Inhibition - Percentiles | AR4: Self-Montor - Percentiles | AZ4: Shift - Percentiles
J5: Boys | N5: Girls | R5: Boys | V5: Girls | Z5: Boys | AD5: Girls | AJ5: Boys | AN5: Girls | AR5: Boys | AV5: Girls | AZ5: Boys | BD5: Girls
B6: Scale | C6: Raw | D6: T Score | E6: %ile | F6: 90% CI | I6: Raw | J6: 5-7 | K6: 8-10 | L6: 11-13 | M6: 14-18 | N6: 5-7 | O6: 8-10 | P6: 11-13 | Q6: 14-18 | R6: 5-7 | S6: 8-10 | T6: 11-13 | U6: 14-18 | V6: 5-7 | W6: 8-10 | X6: 11-13 | Y6: 14-18 | Z6: 5-7 | AA6: 8-10 | AB6: 11-13 | AC6: 14-18 | AD6: 5-7 | AE6: 8-10 | AF6: 11-13 | AG6: 14-18 | AI6: Raw | AJ6: 5-7 | AK6: 8-10 | AL6: 11-13 | AM6: 14-18 | AN6: 5-7 | AO6: 8-10 | AP6: 11-13 | AQ6: 14-18 | AR6: 5-7 | AS6: 8-10 | AT6: 11-13 | AU6: 14-18 | AV6: 5-7 | AW6: 8-10 | AX6: 11-13 | AY6: 14-18 | AZ6: 5-7 | BA6: 8-10 | BB6: 11-13 | BC6: 14-18 | BD6: 5-7 | BE6: 8-10 | BF6: 11-13 | BG6: 14-18
B7: Inhibit | C7: =Self!P24 -> 0 | D7: =IFERROR(VLOOKUP(C7,I6:AG26,C25,FALSE),"") | E7: =IFERROR(VLOOKUP(C7,AI6:BG26,C25,FALSE),"") | F7: =D7-(VLOOKUP("CI",I27:AG27,C25,FALSE)) -> #VALUE! | G7: =D7+(VLOOKUP("CI",I27:AG27,C25,FALSE)) -> #VALUE! | I7: 24 | L7: 84 | M7: >90 | P7: 85 | Q7: 90 | AB7: 88 | AC7: >90 | AF7: >90 | AG7: >90 | AI7: 24 | AL7: >99 | AM7: >99 | AP7: >99 | AQ7: >99 | BB7: >99 | BC7: >99 | BF7: >99 | BG7: >99
B8: Self-Mon. | C8: =Self!P25 -> 0 | D8: =IFERROR(VLOOKUP(C8,I6:AG26,C25+8,FALSE),"") | E8: =IFERROR(VLOOKUP(C8,AI6:BG26,C25+8,FALSE),"") | F8: =D8-(VLOOKUP("CI",I27:AG27,C25+8,FALSE)) -> #VALUE! | G8: =D8+(VLOOKUP("CI",I27:AG27,C25+8,FALSE)) -> #VALUE! | I8: 23 | L8: 81 | M8: 88 | P8: 82 | Q8: 86 | AB8: 84 | AC8: >90 | AF8: 85 | AG8: 85 | AI8: 23 | AL8: 99 | AM8: >99 | AP8: >99 | AQ8: >99 | BB8: >99 | BC8: >99 | BF8: >99 | BG8: >99
B9: BRI | C9: =Self!P26 -> 0 | D9: =IFERROR(VLOOKUP(C9,I78:AG141,C25,FALSE),"") | E9: =IFERROR(VLOOKUP(C9,AI78:BG141,C25,FALSE),"") | F9: =D9-(VLOOKUP("CI",I142:AG142,C25,FALSE)) -> #VALUE! | G9: =D9+(VLOOKUP("CI",I142:AG142,C25,FALSE)) -> #VALUE! | I9: 22 | L9: 78 | M9: 85 | P9: 79 | Q9: 83 | AB9: 81 | AC9: 89 | AF9: 84 | AG9: 84 | AI9: 22 | AL9: 99 | AM9: >99 | AP9: >99 | AQ9: >99 | BB9: >99 | BC9: >99 | BF9: >99 | BG9: >99
B10: Shift | C10: =Self!P27 -> 0 | D10: =IFERROR(VLOOKUP(C10,I6:AG26,C25+16,FALSE),"") | E10: =IFERROR(VLOOKUP(C10,AI6:BG26,C25+16,FALSE),"") | F10: =D10-(VLOOKUP("CI",I27:AG27,C25+16,FALSE)) -> #VALUE! | G10: =D10+(VLOOKUP("CI",I27:AG27,C25+16,FALSE)) -> #VALUE! | I10: 21 | L10: 75 | M10: 82 | P10: 76 | Q10: 80 | AB10: 78 | AC10: 86 | AF10: 79 | AG10: 79 | AI10: 21 | AL10: 99 | AM10: >99 | AP10: >99 | AQ10: >99 | BB10: >99 | BC10: >99 | BF10: >99 | BG10: 99
B11: Emo Ctrl. | C11: =Self!P28 -> 0 | D11: =IFERROR(VLOOKUP(C11,I30:AG49,C25,FALSE),"") | E11: =IFERROR(VLOOKUP(C11,AI30:BG49,C25,FALSE),"") | F11: =D11-(VLOOKUP("CI",I50:AG50,C25,FALSE)) -> #VALUE! | G11: =D11+(VLOOKUP("CI",I50:AG50,C25,FALSE)) -> #VALUE! | I11: 20 | L11: 72 | M11: 78 | P11: 73 | Q11: 77 | AB11: 75 | AC11: 83 | AF11: 78 | AG11: 78 | AI11: 20 | AL11: 99 | AM11: >99 | AP11: 99 | AQ11: 98 | BB11: >99 | BC11: >99 | BF11: >99 | BG11: 99
B12: ERI | C12: =Self!P29 -> 0 | D12: =IFERROR(VLOOKUP(C12,I78:AG141,C25+8,FALSE),"") | E12: =IFERROR(VLOOKUP(C12,AI78:BG141,C25+8,FALSE),"") | F12: =D12-(VLOOKUP("CI",I142:AG142,C25+8,FALSE)) -> #VALUE! | G12: =D12+(VLOOKUP("CI",I142:AG142,C25+8,FALSE)) -> #VALUE! | I12: 19 | L12: 69 | M12: 75 | P12: 70 | Q12: 74 | AB12: 72 | AC12: 79 | AF12: 73 | AG12: 73 | AI12: 19 | AL12: 97 | AM12: >99 | AP12: 97 | AQ12: 98 | BB12: 99 | BC12: >99 | BF12: >99 | BG12: 98
B13: Task Com. | C13: =Self!P30 -> 0 | D13: =IFERROR(VLOOKUP(C13,I30:AG49,C25+8,FALSE),"") | E13: =IFERROR(VLOOKUP(C13,AI30:BG49,C25+8,FALSE),"") | F13: =D13-(VLOOKUP("CI",I50:AG50,C25+8,FALSE)) -> #VALUE! | G13: =D13+(VLOOKUP("CI",I50:AG50,C25+8,FALSE)) -> #VALUE! | I13: 18 | L13: 67 | M13: 72 | P13: 67 | Q13: 70 | AB13: 69 | AC13: 76 | AF13: 71 | AG13: 71 | AI13: 18 | AL13: 94 | AM13: 98 | AP13: 95 | AQ13: 97 | BB13: 97 | BC13: >99 | BF13: 99 | BG13: 97
B14: Work Mem. | C14: =Self!P31 -> 0 | D14: =IFERROR(VLOOKUP(C14,I30:AG49,C25+16,FALSE),"") | E14: =IFERROR(VLOOKUP(C14,AI30:BG49,C25+16,FALSE),"") | F14: =D14-(VLOOKUP("CI",I50:AG50,C25+16,FALSE)) -> #VALUE! | G14: =D14+(VLOOKUP("CI",I50:AG50,C25+16,FALSE)) -> #VALUE! | I14: 17 | L14: 64 | M14: 69 | P14: 64 | Q14: 67 | AB14: 66 | AC14: 72 | AF14: 67 | AG14: 67 | AI14: 17 | AL14: 92 | AM14: 96 | AP14: 92 | AQ14: 96 | BB14: 93 | BC14: 98 | BF14: 97 | BG14: 94
B15: Plan/Org. | C15: =Self!P32 -> 0 | D15: =IFERROR(VLOOKUP(C15,I53:AG74,C25,FALSE),"") | E15: =IFERROR(VLOOKUP(C15,AI53:BG74,C25,FALSE),"") | F15: =D15-(VLOOKUP("CI",I75:AG75,C25,FALSE)) -> #VALUE! | G15: =D15+(VLOOKUP("CI",I75:AG75,C25,FALSE)) -> #VALUE! | I15: 16 | L15: 61 | M15: 66 | P15: 61 | Q15: 64 | AB15: 63 | AC15: 69 | AF15: 64 | AG15: 64 | AI15: 16 | AL15: 89 | AM15: 94 | AP15: 88 | AQ15: 93 | BB15: 90 | BC15: 96 | BF15: 95 | BG15: 92
B16: CRI | C16: =Self!P33 -> 0 | D16: =IFERROR(VLOOKUP(C16,I78:AG141,C25+16,FALSE),"") | E16: =IFERROR(VLOOKUP(C16,AI78:BG141,C25+16,FALSE),"") | F16: =D16-(VLOOKUP("CI",I142:AG142,C25+16,FALSE)) -> #VALUE! | G16: =D16+(VLOOKUP("CI",I142:AG142,C25+16,FALSE)) -> #VALUE! | I16: 15 | L16: 58 | M16: 62 | P16: 58 | Q16: 61 | T16: 85 | U16: 89 | X16: 85 | Y16: 88 | AB16: 60 | AC16: 65 | AF16: 61 | AG16: 61 | AI16: 15 | AL16: 85 | AM16: 85 | AP16: 83 | AQ16: 90 | AT16: >99 | AU16: >99 | AX16: >99 | AY16: >99 | BB16: 84 | BC16: 90 | BF16: 86 | BG16: 87
B17: GEC | C17: =Self!P34 -> 0 | D17: =IFERROR(VLOOKUP(C17,I145:Q250,C25,FALSE),"") | E17: =IFERROR(VLOOKUP(C17,AI145:AQ250,C25,FALSE),"") | F17: =D17-(VLOOKUP("CI",I251:Q251,C25,FALSE)) -> #VALUE! | G17: =D17+(VLOOKUP("CI",I251:Q251,C25,FALSE)) -> #VALUE! | I17: 14 | L17: 55 | M17: 59 | P17: 55 | Q17: 58 | T17: 81 | U17: 84 | X17: 81 | Y17: 84 | AB17: 57 | AC17: 62 | AF17: 57 | AG17: 58 | AI17: 14 | AL17: 74 | AM17: 80 | AP17: 73 | AQ17: 81 | AT17: >99 | AU17: >99 | AX17: 99 | AY17: 99 | BB17: 80 | BC17: 87 | BF17: 77 | BG17: 81
I18: 13 | L18: 52 | M18: 56 | P18: 52 | Q18: 55 | T18: 76 | U18: 79 | X18: 76 | Y18: 79 | AB18: 54 | AC18: 58 | AF18: 54 | AG18: 55 | AI18: 13 | AL18: 65 | AM18: 77 | AP18: 63 | AQ18: 73 | AT18: 99 | AU18: 99 | AX18: 99 | AY18: 98 | BB18: 72 | BC18: 82 | BF18: 69 | BG18: 74
I19: 12 | L19: 49 | M19: 53 | P19: 49 | Q19: 51 | T19: 72 | U19: 75 | X19: 72 | Y19: 74 | AB19: 51 | AC19: 55 | AF19: 51 | AG19: 52 | AI19: 12 | AL19: 56 | AM19: 71 | AP19: 54 | AQ19: 65 | AT19: 98 | AU19: 98 | AX19: 97 | AY19: 98 | BB19: 65 | BC19: 73 | BF19: 58 | BG19: 64
I20: 11 | L20: 46 | M20: 50 | P20: 46 | Q20: 48 | T20: 67 | U20: 70 | X20: 67 | Y20: 70 | AB20: 48 | AC20: 52 | AF20: 47 | AG20: 49 | AI20: 11 | AL20: 45 | AM20: 66 | AP20: 46 | AQ20: 55 | AT20: 95 | AU20: 96 | AX20: 96 | AY20: 97 | BB20: 55 | BC20: 67 | BF20: 48 | BG20: 58
C21: 5-7 | D21: 8-10 | E21: 11-13 | F21: 14-18 | I21: 10 | L21: 43 | M21: 46 | P21: 43 | Q21: 45 | T21: 63 | U21: 65 | X21: 63 | Y21: 65 | AB21: 45 | AC21: 48 | AF21: 44 | AG21: 46 | AI21: 10 | AL21: 37 | AM21: 55 | AP21: 35 | AQ21: 47 | AT21: 91 | AU21: 94 | AX21: 94 | AY21: 94 | BB21: 48 | BC21: 59 | BF21: 39 | BG21: 49
B22: Boys | C22: 2 | D22: 3 | E22: 4 | F22: 5 | I22: 9 | L22: 40 | M22: 43 | P22: 40 | Q22: 42 | T22: 58 | U22: 61 | X22: 58 | Y22: 60 | AB22: 42 | AC22: 45 | AF22: 41 | AG22: 43 | AI22: 9 | AL22: 28 | AM22: 40 | AP22: 22 | AQ22: 33 | AT22: 81 | AU22: 86 | AX22: 84 | AY22: 87 | BB22: 37 | BC22: 53 | BF22: 31 | BG22: 37
B23: Girls | C23: 6 | D23: 7 | E23: 8 | F23: 9 | I23: 8 | L23: 38 | M23: 40 | P23: 37 | Q23: 39 | T23: 54 | U23: 56 | X23: 54 | Y23: 55 | AB23: 39 | AC23: 41 | AF23: 37 | AG23: 39 | AI23: 8 | AL23: 14 | AM23: 24 | AP23: 12 | AQ23: 19 | AT23: 73 | AU23: 79 | AX23: 69 | AY23: 80 | BB23: 26 | BC23: 38 | BF23: 19 | BG23: 24
I24: 7 | T24: 49 | U24: 51 | X24: 49 | Y24: 51 | AI24: 7 | AT24: 60 | AU24: 71 | AX24: 61 | AY24: 69
B25: Final Column: | C25: =IFERROR(INDEX(B21:F23,MATCH(C4,B21:B23,0),MATCH(C3,B21:F21,0)),"") -> 5 | I25: 6 | T25: 45 | U25: 47 | X25: 45 | Y25: 46 | AI25: 6 | AT25: 51 | AU25: 63 | AX25: 54 | AY25: 54
I26: 5 | T26: 40 | U26: 42 | X26: 40 | Y26: 41 | AI26: 5 | AT26: 30 | AU26: 44 | AX26: 33 | AY26: 40
I27: CI | L27: 6 | M27: 6 | P27: 7 | Q27: 7 | T27: 8 | U27: 7 | X27: 7 | Y27: 7 | AB27: 6 | AC27: 6 | AF27: 7 | AG27: 6
J28: Emotional Control - T-Scores | R28: Task Completion - T-Scores | Z28: Working Memory - T-Scores | AJ28: Emotional Control - Percentiles | AR28: Task Completion - Percentiles | AZ28: Working Memory - Percentiles
J29: Boys | N29: Girls | R29: Boys | V29: Girls | Z29: Boys | AD29: Girls | AJ29: Boys | AN29: Girls | AR29: Boys | AV29: Girls | AZ29: Boys | BD29: Girls
I30: Raw | J30: 5-7 | K30: 8-10 | L30: 11-13 | M30: 14-18 | N30: 5-7 | O30: 8-10 | P30: 11-13 | Q30: 14-18 | R30: 5-7 | S30: 8-10 | T30: 11-13 | U30: 14-18 | V30: 5-7 | W30: 8-10 | X30: 11-13 | Y30: 14-18 | Z30: 5-7 | AA30: 8-10 | AB30: 11-13 | AC30: 14-18 | AD30: 5-7 | AE30: 8-10 | AF30: 11-13 | AG30: 14-18 | AI30: Raw | AJ30: 5-7 | AK30: 8-10 | AL30: 11-13 | AM30: 14-18 | AN30: 5-7 | AO30: 8-10 | AP30: 11-13 | AQ30: 14-18 | AR30: 5-7 | AS30: 8-10 | AT30: 11-13 | AU30: 14-18 | AV30: 5-7 | AW30: 8-10 | AX30: 11-13 | AY30: 14-18 | AZ30: 5-7 | BA30: 8-10 | BB30: 11-13 | BC30: 14-18 | BD30: 5-7 | BE30: 8-10 | BF30: 11-13 | BG30: 14-18
I31: 24 | AB31: 84 | AC31: >90 | AF31: 87 | AG31: >90 | AI31: 24 | BB31: >99 | BC31: >99 | BF31: >99 | BG31: >99
I32: 23 | AB32: 81 | AC32: 88 | AF32: 84 | AG32: 88 | AI32: 23 | BB32: >99 | BC32: >99 | BF32: >99 | BG32: >99
I33: 22 | AB33: 78 | AC33: 85 | AF33: 81 | AG33: 85 | AI33: 22 | BB33: 99 | BC33: >99 | BF33: >99 | BG33: >99
I34: 21 | T34: 80 | U34: 87 | X34: 89 | Y34: 89 | AB34: 75 | AC34: 82 | AF34: 78 | AG34: 82 | AI34: 21 | AT34: >99 | AU34: >99 | AX34: >99 | AY34: >99 | BB34: 99 | BC34: >99 | BF34: 99 | BG34: >99
I35: 20 | T35: 77 | U35: 84 | X35: 85 | Y35: 86 | AB35: 72 | AC35: 78 | AF35: 75 | AG35: 78 | AI35: 20 | AT35: 99 | AU35: >99 | AX35: >99 | AY35: >99 | BB35: 99 | BC35: 99 | BF35: 99 | BG35: 99
I36: 19 | T36: 74 | U36: 80 | X36: 82 | Y36: 82 | AB36: 69 | AC36: 75 | AF36: 72 | AG36: 75 | AI36: 19 | AT36: 99 | AU36: >99 | AX36: >99 | AY36: 99 | BB36: 98 | BC36: 98 | BF36: 97 | BG36: 99
I37: 18 | L37: 86 | M37: >90 | P37: 82 | Q37: 82 | T37: 72 | U37: 77 | X37: 78 | Y37: 79 | AB37: 67 | AC37: 72 | AF37: 69 | AG37: 72 | AI37: 18 | AL37: >99 | AM37: >99 | AP37: >99 | AQ37: >99 | AT37: 97 | AU37: 98 | AX37: >99 | AY37: 99 | BB37: 95 | BC37: 97 | BF37: 96 | BG37: 97
I38: 17 | L38: 82 | M38: >90 | P38: 79 | Q38: 79 | T38: 69 | U38: 74 | X38: 75 | Y38: 75 | AB38: 64 | AC38: 69 | AF38: 66 | AG38: 69 | AI38: 17 | AL38: 99 | AM38: >99 | AP38: >99 | AQ38: 99 | AT38: 95 | AU38: 98 | AX38: 99 | AY38: 99 | BB38: 91 | BC38: 96 | BF38: 94 | BG38: 96
I39: 16 | L39: 78 | M39: 87 | P39: 75 | Q39: 75 | T39: 66 | U39: 71 | X39: 71 | Y39: 72 | AB39: 61 | AC39: 66 | AF39: 63 | AG39: 65 | AI39: 16 | AL39: 99 | AM39: >99 | AP39: 98 | AQ39: 98 | AT39: 93 | AU39: 97 | AX39: 97 | AY39: 98 | BB39: 88 | BC39: 94 | BF39: 91 | BG39: 94
I40: 15 | L40: 75 | M40: 82 | P40: 71 | Q40: 71 | T40: 63 | U40: 68 | X40: 68 | Y40: 69 | AB40: 58 | AC40: 63 | AF40: 59 | AG40: 62 | AI40: 15 | AL40: 99 | AM40: 99 | AP40: 97 | AQ40: 96 | AT40: 91 | AU40: 96 | AX40: 96 | AY40: 95 | BB40: 78 | BC40: 89 | BF40: 83 | BG40: 90
I41: 14 | L41: 71 | M41: 78 | P41: 68 | Q41: 68 | T41: 60 | U41: 64 | X41: 64 | Y41: 65 | AB41: 55 | AC41: 59 | AF41: 56 | AG41: 59 | AI41: 14 | AL41: 97 | AM41: 99 | AP41: 96 | AQ41: 96 | AT41: 87 | AU41: 91 | AX41: 90 | AY41: 93 | BB41: 71 | BC41: 84 | BF41: 79 | BG41: 85
I42: 13 | L42: 67 | M42: 73 | P42: 64 | Q42: 64 | T42: 57 | U42: 61 | X42: 61 | Y42: 62 | AB42: 53 | AC42: 56 | AF42: 53 | AG42: 56 | AI42: 13 | AL42: 93 | AM42: 98 | AP42: 95 | AQ42: 93 | AT42: 79 | AU42: 84 | AX42: 84 | AY42: 85 | BB42: 66 | BC42: 79 | BF42: 72 | BG42: 78
I43: 12 | L43: 63 | M43: 68 | P43: 60 | Q43: 61 | T43: 55 | U43: 58 | X43: 57 | Y43: 58 | AB43: 50 | AC43: 53 | AF43: 50 | AG43: 52 | AI43: 12 | AL43: 91 | AM43: 97 | AP43: 90 | AQ43: 91 | AT43: 72 | AU43: 80 | AX43: 81 | AY43: 84 | BB43: 62 | BC43: 71 | BF43: 63 | BG43: 69
I44: 11 | L44: 60 | M44: 64 | P44: 57 | Q44: 57 | T44: 52 | U44: 55 | X44: 54 | Y44: 55 | AB44: 47 | AC44: 50 | AF44: 47 | AG44: 49 | AI44: 11 | AL44: 86 | AM44: 92 | AP44: 79 | AQ44: 80 | AT44: 64 | AU44: 75 | AX44: 71 | AY44: 79 | BB44: 51 | BC44: 66 | BF44: 52 | BG44: 58
I45: 10 | L45: 56 | M45: 59 | P45: 53 | Q45: 54 | T45: 49 | U45: 51 | X45: 50 | Y45: 52 | AB45: 44 | AC45: 47 | AF45: 44 | AG45: 46 | AI45: 10 | AL45: 76 | AM45: 85 | AP45: 67 | AQ45: 72 | AT45: 58 | AU45: 69 | AX45: 64 | AY45: 69 | BB45: 44 | BC45: 55 | BF45: 39 | BG45: 49
I46: 9 | L46: 52 | M46: 55 | P46: 49 | Q46: 50 | T46: 46 | U46: 48 | X46: 47 | Y46: 48 | AB46: 41 | AC46: 44 | AF46: 41 | AG46: 43 | AI46: 9 | AL46: 70 | AM46: 78 | AP46: 57 | AQ46: 62 | AT46: 51 | AU46: 63 | AX46: 51 | AY46: 59 | BB46: 33 | BC46: 46 | BF46: 28 | BG46: 38
I47: 8 | L47: 48 | M47: 50 | P47: 46 | Q47: 47 | T47: 43 | U47: 45 | X47: 43 | Y47: 45 | AB47: 39 | AC47: 41 | AF47: 38 | AG47: 39 | AI47: 8 | AL47: 60 | AM47: 68 | AP47: 47 | AQ47: 53 | AT47: 47 | AU47: 52 | AX47: 39 | AY47: 51 | BB47: 18 | BC47: 27 | BF47: 15 | BG47: 21
I48: 7 | L48: 44 | M48: 46 | P48: 42 | Q48: 43 | T48: 40 | U48: 42 | X48: 40 | Y48: 41 | AI48: 7 | AL48: 51 | AM48: 54 | AP48: 37 | AQ48: 41 | AT48: 30 | AU48: 40 | AX48: 28 | AY48: 35
I49: 6 | L49: 41 | M49: 41 | P49: 38 | Q49: 40 | AI49: 6 | AL49: 30 | AM49: 38 | AP49: 20 | AQ49: 27
I50: CI | L50: 7 | M50: 7 | P50: 7 | Q50: 6 | T50: 5 | U50: 6 | X50: 6 | Y50: 6 | AB50: 6 | AC50: 6 | AF50: 7 | AG50: 7
J51: Plan/Organize - T-Scores | AJ51: Plan/Organize - Percentiles
J52: Boys | N52: Girls | AJ52: Boys | AN52: Girls
I53: Raw | J53: 5-7 | K53: 8-10 | L53: 11-13 | M53: 14-18 | N53: 5-7 | O53: 8-10 | P53: 11-13 | Q53: 14-18 | AI53: Raw | AJ53: 5-7 | AK53: 8-10 | AL53: 11-13 | AM53: 14-18 | AN53: 5-7 | AO53: 8-10 | AP53: 11-13 | AQ53: 14-18
I54: 30 | L54: 81 | M54: 85 | P54: 88 | Q54: 88 | AI54: 30 | AL54: >99 | AM54: >99 | AP54: >99 | AQ54: >99
I55: =I54-1 -> 29 | L55: 79 | M55: 83 | P55: 86 | Q55: 86 | AI55: =AI54-1 -> 29 | AL55: >99 | AM55: >99 | AP55: >99 | AQ55: >99
I56: =I55-1 -> 28 | L56: 77 | M56: 80 | P56: 83 | Q56: 83 | AI56: =AI55-1 -> 28 | AL56: >99 | AM56: >99 | AP56: >99 | AQ56: >99
I57: =I56-1 -> 27 | L57: 75 | M57: 78 | P57: 80 | Q57: 81 | AI57: =AI56-1 -> 27 | AL57: >99 | AM57: 99 | AP57: >99 | AQ57: 99
I58: =I57-1 -> 26 | L58: 73 | M58: 76 | P58: 78 | Q58: 78 | AI58: =AI57-1 -> 26 | AL58: 99 | AM58: 99 | AP58: >99 | AQ58: 99
I59: =I58-1 -> 25 | L59: 70 | M59: 74 | P59: 75 | Q59: 76 | AI59: =AI58-1 -> 25 | AL59: 97 | AM59: 98 | AP59: >99 | AQ59: 99
I60: =I59-1 -> 24 | L60: 68 | M60: 71 | P60: 73 | Q60: 73 | AI60: =AI59-1 -> 24 | AL60: 95 | AM60: 97 | AP60: 99 | AQ60: 98
I61: =I60-1 -> 23 | L61: 66 | M61: 69 | P61: 70 | Q61: 71 | AI61: =AI60-1 -> 23 | AL61: 93 | AM61: 94 | AP61: 98 | AQ61: 96
I62: =I61-1 -> 22 | L62: 64 | M62: 67 | P62: 67 | Q62: 68 | AI62: =AI61-1 -> 22 | AL62: 92 | AM62: 93 | AP62: 97 | AQ62: 96
I63: =I62-1 -> 21 | L63: 61 | M63: 64 | P63: 65 | Q63: 66 | AI63: =AI62-1 -> 21 | AL63: 88 | AM63: 92 | AP63: 97 | AQ63: 95
I64: =I63-1 -> 20 | L64: 59 | M64: 62 | P64: 62 | Q64: 63 | AI64: =AI63-1 -> 20 | AL64: 84 | AM64: 88 | AP64: 90 | AQ64: 91
I65: =I64-1 -> 19 | L65: 57 | M65: 60 | P65: 60 | Q65: 60 | AI65: =AI64-1 -> 19 | AL65: 76 | AM65: 85 | AP65: 82 | AQ65: 84
I66: =I65-1 -> 18 | L66: 55 | M66: 58 | P66: 57 | Q66: 58 | AI66: =AI65-1 -> 18 | AL66: 70 | AM66: 79 | AP66: 76 | AQ66: 80
I67: =I66-1 -> 17 | L67: 53 | M67: 55 | P67: 54 | Q67: 55 | AI67: =AI66-1 -> 17 | AL67: 63 | AM67: 74 | AP67: 70 | AQ67: 76
I68: =I67-1 -> 16 | L68: 50 | M68: 53 | P68: 52 | Q68: 53 | AI68: =AI67-1 -> 16 | AL68: 59 | AM68: 72 | AP68: 60 | AQ68: 71
I69: =I68-1 -> 15 | L69: 48 | M69: 51 | P69: 49 | Q69: 50 | AI69: =AI68-1 -> 15 | AL69: 53 | AM69: 65 | AP69: 51 | AQ69: 61
I70: =I69-1 -> 14 | L70: 46 | M70: 49 | P70: 47 | Q70: 48 | AI70: =AI69-1 -> 14 | AL70: 45 | AM70: 56 | AP70: 45 | AQ70: 53
I71: =I70-1 -> 13 | L71: 44 | M71: 46 | P71: 44 | Q71: 45 | AI71: =AI70-1 -> 13 | AL71: 38 | AM71: 51 | AP71: 39 | AQ71: 46
I72: =I71-1 -> 12 | L72: 41 | M72: 44 | P72: 41 | Q72: 43 | AI72: =AI71-1 -> 12 | AL72: 29 | AM72: 43 | AP72: 30 | AQ72: 35
I73: 11 | L73: 39 | M73: 42 | P73: 39 | Q73: 40 | AI73: =AI72-1 -> 11 | AL73: 23 | AM73: 33 | AP73: 23 | AQ73: 21
I74: 10 | L74: 37 | M74: 40 | P74: 36 | Q74: 38 | AI74: =AI73-1 -> 10 | AL74: 11 | AM74: 21 | AP74: 11 | AQ74: 15
I75: CI | L75: 6 | M75: 5 | P75: 6 | Q75: 6
J76: Behavior Regulation | R76: Emotion Regulation | Z76: Cognitive Regulation | AJ76: Behavior Regulation | AR76: Emotion Regulation | AZ76: Cognitive Regulation
J77: Boys | N77: Girls | R77: Boys | V77: Girls | Z77: Boys | AD77: Girls | AJ77: Boys | AN77: Girls | AR77: Boys | AV77: Girls | AZ77: Boys | BD77: Girls
I78: Raw | J78: 5-7 | K78: 8-10 | L78: 11-13 | M78: 14-18 | N78: 5-7 | O78: 8-10 | P78: 11-13 | Q78: 14-18 | R78: 5-7 | S78: 8-10 | T78: 11-13 | U78: 14-18 | V78: 5-7 | W78: 8-10 | X78: 11-13 | Y78: 14-18 | Z78: 5-7 | AA78: 8-10 | AB78: 11-13 | AC78: 14-18 | AD78: 5-7 | AE78: 8-10 | AF78: 11-13 | AG78: 14-18 | AI78: Raw | AJ78: 5-7 | AK78: 8-10 | AL78: 11-13 | AM78: 14-18 | AN78: 5-7 | AO78: 8-10 | AP78: 11-13 | AQ78: 14-18 | AR78: 5-7 | AS78: 8-10 | AT78: 11-13 | AU78: 14-18 | AV78: 5-7 | AW78: 8-10 | AX78: 11-13 | AY78: 14-18 | AZ78: 5-7 | BA78: 8-10 | BB78: 11-13 | BC78: 14-18 | BD78: 5-7 | BE78: 8-10 | BF78: 11-13 | BG78: 14-18
I79: 75 | AB79: 84 | AC79: 89 | AF79: >90 | AG79: >90 | AI79: 75 | BB79: >99 | BC79: >99 | BF79: >99 | BG79: >99
I80: =I79-1 -> 74 | AB80: 83 | AC80: 88 | AF80: 90 | AG80: >90 | AI80: =AI79-1 -> 74 | BB80: >99 | BC80: >99 | BF80: >99 | BG80: >99
I81: =I80-1 -> 73 | AB81: 82 | AC81: 87 | AF81: 89 | AG81: >90 | AI81: =AI80-1 -> 73 | BB81: >99 | BC81: >99 | BF81: >99 | BG81: >99
I82: =I81-1 -> 72 | AB82: 81 | AC82: 86 | AF82: 88 | AG82: 89 | AI82: =AI81-1 -> 72 | BB82: >99 | BC82: >99 | BF82: >99 | BG82: >99
I83: =I82-1 -> 71 | AB83: 80 | AC83: 85 | AF83: 87 | AG83: 88 | AI83: =AI82-1 -> 71 | BB83: >99 | BC83: >99 | BF83: >99 | BG83: >99
I84: =I83-1 -> 70 | AB84: 79 | AC84: 84 | AF84: 86 | AG84: 87 | AI84: =AI83-1 -> 70 | BB84: >99 | BC84: >99 | BF84: >99 | BG84: >99
I85: =I84-1 -> 69 | AB85: 78 | AC85: 83 | AF85: 85 | AG85: 86 | AI85: =AI84-1 -> 69 | BB85: >99 | BC85: >99 | BF85: >99 | BG85: >99
I86: =I85-1 -> 68 | AB86: 77 | AC86: 82 | AF86: 84 | AG86: 85 | AI86: =AI85-1 -> 68 | BB86: >99 | BC86: >99 | BF86: >99 | BG86: 99
I87: =I86-1 -> 67 | AB87: 76 | AC87: 82 | AF87: 83 | AG87: 84 | AI87: =AI86-1 -> 67 | BB87: >99 | BC87: >99 | BF87: >99 | BG87: 99
I88: =I87-1 -> 66 | AB88: 75 | AC88: 81 | AF88: 82 | AG88: 83 | AI88: =AI87-1 -> 66 | BB88: 99 | BC88: >99 | BF88: >99 | BG88: 99
I89: =I88-1 -> 65 | AB89: 75 | AC89: 80 | AF89: 80 | AG89: 82 | AI89: =AI88-1 -> 65 | BB89: 99 | BC89: 99 | BF89: >99 | BG89: 99
I90: =I89-1 -> 64 | AB90: 74 | AC90: 79 | AF90: 79 | AG90: 81 | AI90: =AI89-1 -> 64 | BB90: 99 | BC90: 99 | BF90: >99 | BG90: 99
I91: =I90-1 -> 63 | AB91: 73 | AC91: 78 | AF91: 78 | AG91: 80 | AI91: =AI90-1 -> 63 | BB91: 98 | BC91: 98 | BF91: >99 | BG91: 99
I92: =I91-1 -> 62 | AB92: 72 | AC92: 77 | AF92: 77 | AG92: 79 | AI92: =AI91-1 -> 62 | BB92: 97 | BC92: 98 | BF92: 99 | BG92: 99
I93: =I92-1 -> 61 | AB93: 71 | AC93: 76 | AF93: 76 | AG93: 78 | AI93: =AI92-1 -> 61 | BB93: 96 | BC93: 98 | BF93: 99 | BG93: 99
I94: =I93-1 -> 60 | AB94: 70 | AC94: 75 | AF94: 75 | AG94: 76 | AI94: =AI93-1 -> 60 | BB94: 96 | BC94: 98 | BF94: 99 | BG94: 99
I95: =I94-1 -> 59 | AB95: 69 | AC95: 74 | AF95: 74 | AG95: 75 | AI95: =AI94-1 -> 59 | BB95: 95 | BC95: 97 | BF95: 99 | BG95: 98
I96: =I95-1 -> 58 | AB96: 68 | AC96: 73 | AF96: 73 | AG96: 74 | AI96: =AI95-1 -> 58 | BB96: 95 | BC96: 96 | BF96: 99 | BG96: 98
I97: =I96-1 -> 57 | AB97: 67 | AC97: 72 | AF97: 72 | AG97: 73 | AI97: =AI96-1 -> 57 | BB97: 95 | BC97: 96 | BF97: 97 | BG97: 98
I98: =I97-1 -> 56 | AB98: 66 | AC98: 71 | AF98: 71 | AG98: 72 | AI98: =AI97-1 -> 56 | BB98: 95 | BC98: 96 | BF98: 95 | BG98: 98
I99: =I98-1 -> 55 | AB99: 65 | AC99: 70 | AF99: 69 | AG99: 71 | AI99: =AI98-1 -> 55 | BB99: 94 | BC99: 95 | BF99: 95 | BG99: 97
I100: =I99-1 -> 54 | AB100: 64 | AC100: 69 | AF100: 68 | AG100: =AG99-1 -> 70 | AI100: =AI99-1 -> 54 | BB100: 93 | BC100: 95 | BF100: 95 | BG100: 97
I101: =I100-1 -> 53 | AB101: 64 | AC101: 68 | AF101: 67 | AG101: =AG100-1 -> 69 | AI101: =AI100-1 -> 53 | BB101: 91 | BC101: 94 | BF101: 95 | BG101: 96
I102: =I101-1 -> 52 | AB102: 63 | AC102: 67 | AF102: 66 | AG102: =AG101-1 -> 68 | AI102: =AI101-1 -> 52 | BB102: 90 | BC102: 93 | BF102: 94 | BG102: 96
...
