Workbook

Sheet Scores Summary
A2: Score Summaries
A5: Instructions: Enter in values in the light blue boxes.
A7: Name: | G7: DOB: | H7: 29722
A8: Date of Testing: | C8: 44704 | G8: Years of Ed: | H8: 18
B9: Race/Ethnic.: | G9: Gender Norms:
B10: Age: | C10: =IF(H7="","",IF(C8="","",DATEDIF(H7,C8,"y"))) -> 41 | D10: years | F10: Handedness Norms:
C11: =IF(H7="","",IF(C8="","",DATEDIF(H7,C8,"m")-(C10*12))) -> 0 | D11: months
B14: Stroop:
D15: Raw | E15: Predicted | F15: Residual | G15: T-Score | H15: Percentile
B16: Word Score (W) | D16: 88 | E16: ='Stroop Word Predicted'!I24 -> 112 | F16: =IF(D16="","",IF(E16="","",D16-E16)) -> -24 | G16: =IF(F16="","",IF(F16>50,">85",IF(F16<-50,"<15",VLOOKUP(F16,'Stroop T-Score Calc'!A1:G102,2,FALSE)))) -> 33 | H16: =IF(G16="<15","<1",IF(G16="","",IF(G16>76,">99",IF(G16<25,"<1",ROUND(NORMDIST(G16,50,10,TRUE)*100,0))))) -> 4
B17: Color Score (C) | D17: 80 | E17: ='Stroop Color Predicted'!I24 -> 82 | F17: =IF(D17="","",IF(E17="","",D17-E17)) -> -2 | G17: =IF(F17="","",IF(F17>50,">92",IF(F17<-50,"<8",VLOOKUP(F17,'Stroop T-Score Calc'!A1:E102,3,FALSE)))) -> 48 | H17: =IF(G17="<8","<1",IF(G17="","",IF(G17>76,">99",IF(G17<25,"<1",ROUND(NORMDIST(G17,50,10,TRUE)*100,0))))) -> 42
B18: Color-Word (CW) | D18: 41 | E18: ='Stroop Inhibition Predicted'!I24 -> 47 | F18: =IF(D18="","",IF(E18="","",D18-E18)) -> -6 | G18: =IF(F18="","",IF(F18>50,">98",IF(F18<-50,"<3",VLOOKUP(F18,'Stroop T-Score Calc'!A1:E102,4,FALSE)))) -> 44 | H18: =IF(G18="<3","<1",IF(G18="","",IF(G18>76,">99",IF(G18<25,"<1",ROUND(NORMDIST(G18,50,10,TRUE)*100,0))))) -> 27
B19: Interference | D19: =IF(D16="","",IF(D17="","",IF(D18="","",D18-('Stroop Inter. Pred.'!V37)))) -> 0 | G19: =IF(D19="","",IF(D19<-29,"<21",IF(D19>30,">80",VLOOKUP(D19,'Stroop T-Score Calc'!A1:G103,5,FALSE)))) -> 50 | H19: =IF(G19="","",IF(G19="<21","<1",IF(G19>76,">99",IF(G19<25,"<1",ROUND(NORMDIST(G19,50,10,TRUE)*100,0))))) -> 50
B21: Judgment of Line Orientation (Benton)
D22: Raw | E22: Corrected | F22: Percentile | G22: Range
C23: Total | E23: =IF(D23="","",JOLO!B24) | F23: =IF(D23="","",JOLO!B25) | G23: =IF(D23="","",JOLO!B26)
B25: Visual Form Discrimination (Benton)
C26: Raw | E26: Range
E27: =IF(C27>=26,"Within Normal Limits",IF(C27>=24,"Borderline (Mildly Defective)",IF(C27=23,"Moderately Defective",IF(C27="","","Severely Defective"))))
B29: Beery VMI (18+)
D30: Raw | E30: Standard | F30: T-Score | G30: Percentile | H30: A-E
B31: Beery VMI | E31: =IFERROR('Beery VMI'!E4,"") | F31: =IF(E31="<45","<13",IF(E31="","",(((E31-100)/15)*10)+50)) | G31: =IF(E31="<45","<1",IF(E31="","",IF(E31>138,">99",IF(E31<62,"<1",ROUND(NORMDIST(E31,100,15,TRUE)*100,0))))) | H31: ='Beery VMI'!E5
B32: Visual Perception | E32: =IFERROR('Beery VMI'!H4,"") | F32: =IF(E32="<45","<13",IF(E32="","",(((E32-100)/15)*10)+50)) | G32: =IF(E32="<45","<1",IF(E32="","",IF(E32>138,">99",IF(E32<62,"<1",ROUND(NORMDIST(E32,100,15,TRUE)*100,0))))) | H32: ='Beery VMI'!H5
B33: Motor Coordination | E33: =IFERROR('Beery VMI'!K4,"") | F33: =IF(E33="<45","<13",IF(E33="","",(((E33-100)/15)*10)+50)) | G33: =IF(E33="<45","<1",IF(E33="","",IF(E33>138,">99",IF(E33<62,"<1",ROUND(NORMDIST(E33,100,15,TRUE)*100,0))))) | H33: ='Beery VMI'!K5

Sheet Scores Summary 2
A2: Score Summaries
A5: Instructions: Enter in values in the light blue boxes.
A7: Name: | B7: =IF('Scores Summary'!B7:E7="","",'Scores Summary'!B7:E7) | G7: DOB: | H7: =IF('Scores Summary'!H7:I7="","",'Scores Summary'!H7:I7) -> 29722
A8: Date of Testing: | C8: =IF('Scores Summary'!C8:D8="","",'Scores Summary'!C8:D8) -> 44704 | G8: Years of Ed: | H8: =IF('Scores Summary'!H8="","",'Scores Summary'!H8) -> 18
B9: Race/Ethnic.: | C9: =IF('Scores Summary'!C9:E9="","",'Scores Summary'!C9:E9) | G9: Gender Norms: | H9: =IF('Scores Summary'!H9:I9="","",'Scores Summary'!H9:I9)
B10: Age: | C10: =IF('Scores Summary'!C10="","",'Scores Summary'!C10) -> 41 | D10: years | F10: Handedness Norms: | H10: =IF('Scores Summary'!H10:I10="","",'Scores Summary'!H10:I10)
C11: =IF('Scores Summary'!C11="","",'Scores Summary'!C11) -> 0 | D11: months
B14: Heaton Scores:
B15: Test | D15: Raw | E15: Scaled | F15: T-Score | G15: Percentile
B16: FAS Naming | E16: =IF(D16="","",IF(D16>=79,19,VLOOKUP(D16,'Heaton Appx C'!D4:E83,2,FALSE))) | G16: =IF(F16="","",ROUND(NORMDIST(F16,50,10,TRUE)*100,0))
B17: Animal Naming | E17: =IF(D17="","",IF(D17>=39,19,VLOOKUP(D17,'Heaton Appx C'!G4:H43,2,FALSE))) | G17: =IF(F17="","",ROUND(NORMDIST(F17,50,10,TRUE)*100,0))
B18: Trails A | E18: =IF(D18="","",IF(ROUND(D18,0)>=92,1,VLOOKUP('Heaton Appx C'!K2,'Heaton Appx C'!J4:K96,2,FALSE))) | G18: =IF(F18="","",ROUND(NORMDIST(F18,50,10,TRUE)*100,0))
B19: Trails B | E19: =IF(D19="","",IF('Heaton Appx C'!N2<=24,19,VLOOKUP('Heaton Appx C'!N2,'Heaton Appx C'!M4:N280,2,FALSE))) | G19: =IF(F19="","",ROUND(NORMDIST(F19,50,10,TRUE)*100,0))
B20: Boston Naming | E20: =IF(D20="","",VLOOKUP(D20,'Heaton Appx C'!A4:B65,2,FALSE)) | G20: =IF(F20="","",ROUND(NORMDIST(F20,50,10,TRUE)*100,0))
B21: Grooved PB - DH | E21: =IF(D21="","",IF('Heaton Appx C'!Q2<=45,19,VLOOKUP('Heaton Appx C'!Q2,'Heaton Appx C'!P4:Q125,2,FALSE))) | G21: =IF(F21="","",ROUND(NORMDIST(F21,50,10,TRUE)*100,0))
B22: Grooed PB - NDH | E22: =IF(D22="","",IF('Heaton Appx C'!T2<=44,19,VLOOKUP('Heaton Appx C'!T2,'Heaton Appx C'!S4:T162,2,FALSE))) | G22: =IF(F22="","",ROUND(NORMDIST(F22,50,10,TRUE)*100,0))
B23: Finger Tapping - DH | E23: =IF(D23="","",'Heaton Appx C'!W3) | G23: =IF(F23="","",ROUND(NORMDIST(F23,50,10,TRUE)*100,0))
B24: Finger Tapping - NDH | E24: =IF(D24="","",'Heaton Appx C'!Z3) | G24: =IF(F24="","",ROUND(NORMDIST(F24,50,10,TRUE)*100,0))
B25: Grip Strength - DH | G25: =IF(F25="","",ROUND(NORMDIST(F25,50,10,TRUE)*100,0))
B26: Grip Strengh - NDH | G26: =IF(F26="","",ROUND(NORMDIST(F26,50,10,TRUE)*100,0))

Sheet Scores Summary 3
A2: Score Summaries
A5: Instructions: Enter in values in the light blue boxes.
A7: Name: | B7: =IF('Scores Summary'!B7:E7="","",'Scores Summary'!B7:E7) | G7: DOB: | H7: =IF('Scores Summary'!H7:I7="","",'Scores Summary'!H7:I7) -> 29722
A8: Date of Testing: | C8: =IF('Scores Summary'!C8:D8="","",'Scores Summary'!C8:D8) -> 44704 | G8: Years of Ed: | H8: =IF('Scores Summary'!H8="","",'Scores Summary'!H8) -> 18
B9: Race/Ethnic.: | C9: =IF('Scores Summary'!C9:E9="","",'Scores Summary'!C9:E9) | G9: Gender Norms: | H9: =IF('Scores Summary'!H9:I9="","",'Scores Summary'!H9:I9)
B10: Age: | C10: =IF('Scores Summary'!C10="","",'Scores Summary'!C10) -> 41 | D10: years | F10: Handedness Norms: | H10: =IF('Scores Summary'!H10:I10="","",'Scores Summary'!H10:I10)
C11: =IF('Scores Summary'!C11="","",'Scores Summary'!C11) -> 0 | D11: months
B14: CVLT-3 Standard Form
B15: Score | D15: Raw | E15: Scaled Score | G15: Percentile
B16: Trial 1 Correct | D16: 6 | E16: =IFERROR('CVLT Standard'!D6,"") -> 10 | G16: =IF(E16<3,"<1",IF(E16="","",IF(E16>17,">99",ROUND(NORMDIST(E16,10,3,TRUE)*100,0)))) -> 50
B17: Trial 2 Correct | D17: 8 | E17: =IFERROR('CVLT Standard'!D7,"") -> 9 | G17: =IF(E17<3,"<1",IF(E17="","",IF(E17>17,">99",ROUND(NORMDIST(E17,10,3,TRUE)*100,0)))) -> 37
B18: Trial 3 Correct | D18: 12 | E18: =IFERROR('CVLT Standard'!D8,"") -> 11 | G18: =IF(E18<3,"<1",IF(E18="","",IF(E18>17,">99",ROUND(NORMDIST(E18,10,3,TRUE)*100,0)))) -> 63
B19: Trial 4 Correct | D19: 11 | E19: =IFERROR('CVLT Standard'!D9,"") -> 9 | G19: =IF(E19<3,"<1",IF(E19="","",IF(E19>17,">99",ROUND(NORMDIST(E19,10,3,TRUE)*100,0)))) -> 37
B20: Trial 5 Correct | D20: 12 | E20: =IFERROR('CVLT Standard'!D10,"") -> 9 | G20: =IF(E20<3,"<1",IF(E20="","",IF(E20>17,">99",ROUND(NORMDIST(E20,10,3,TRUE)*100,0)))) -> 37
B21: List B Correct | D21: 7 | E21: =IFERROR('CVLT Standard'!D11,"") -> 13 | G21: =IF(E21<3,"<1",IF(E21="","",IF(E21>17,">99",ROUND(NORMDIST(E21,10,3,TRUE)*100,0)))) -> 84
B22: SD Free Recall | D22: 7 | E22: =IFERROR('CVLT Standard'!D12,"") -> 7 | G22: =IF(E22<3,"<1",IF(E22="","",IF(E22>17,">99",ROUND(NORMDIST(E22,10,3,TRUE)*100,0)))) -> 16
B23: SD Cued Recall | D23: 7 | E23: =IFERROR('CVLT Standard'!D13,"") -> 6 | G23: =IF(E23<3,"<1",IF(E23="","",IF(E23>17,">99",ROUND(NORMDIST(E23,10,3,TRUE)*100,0)))) -> 9
B24: LD Free Recall | D24: 9 | E24: =IFERROR('CVLT Standard'!D14,"") -> 8 | G24: =IF(E24<3,"<1",IF(E24="","",IF(E24>17,">99",ROUND(NORMDIST(E24,10,3,TRUE)*100,0)))) -> 25
B25: LD Cued Recall | D25: 9 | E25: =IFERROR('CVLT Standard'!D15,"") -> 7 | G25: =IF(E25<3,"<1",IF(E25="","",IF(E25>17,">99",ROUND(NORMDIST(E25,10,3,TRUE)*100,0)))) -> 16
B26: Trials 1-5 Intrusions | D26: 4 | E26: =IFERROR('CVLT Standard'!D16,"") -> 6 | G26: =IF(E26<3,"<1",IF(E26="","",IF(E26>17,">99",ROUND(NORMDIST(E26,10,3,TRUE)*100,0)))) -> 9
B27: Free Recall Intrus. | D27: 3 | E27: =IFERROR('CVLT Standard'!D17,"") -> 9 | G27: =IF(E27<3,"<1",IF(E27="","",IF(E27>17,">99",ROUND(NORMDIST(E27,10,3,TRUE)*100,0)))) -> 37
B28: Cued Recall Intrus. | D28: 5 | E28: =IFERROR('CVLT Standard'!D18,"") -> 6 | G28: =IF(E28<3,"<1",IF(E28="","",IF(E28>17,">99",ROUND(NORMDIST(E28,10,3,TRUE)*100,0)))) -> 9
B29: Total Intrusions | D29: =SUM(D27:D28) -> 8 | E29: =IFERROR('CVLT Standard'!D19,"") -> 7 | G29: =IF(E29<3,"<1",IF(E29="","",IF(E29>17,">99",ROUND(NORMDIST(E29,10,3,TRUE)*100,0)))) -> 16
B30: Total Repetitions | D30: 9 | E30: =IFERROR('CVLT Standard'!D20,"") -> 8 | G30: =IF(E30<3,"<1",IF(E30="","",IF(E30>17,">99",ROUND(NORMDIST(E30,10,3,TRUE)*100,0)))) -> 25
B31: Y/N Recog. Hits | D31: 12 | E31: =IFERROR('CVLT Standard'!D21,"") -> 5 | G31: =IF(E31<3,"<1",IF(E31="","",IF(E31>17,">99",ROUND(NORMDIST(E31,10,3,TRUE)*100,0)))) -> 5
B32: Y/N Recog. FPs | D32: 2 | E32: =IFERROR('CVLT Standard'!D22,"") -> 9 | G32: =IF(E32<3,"<1",IF(E32="","",IF(E32>17,">99",ROUND(NORMDIST(E32,10,3,TRUE)*100,0)))) -> 37
A33: Y/N Recog. Discrim NP | D33: =ROUND((1-((D32+(16-D31))/48))*100,0) -> 88 | E33: =IFERROR('CVLT Standard'!D23,"") -> 8 | G33: =IF(E33<3,"<1",IF(E33="","",IF(E33>17,">99",ROUND(NORMDIST(E33,10,3,TRUE)*100,0)))) -> 25
C34: Forced Choice Raw | D34: 15 | E34: =IF(D34="","",IFERROR('CVLT Standard'!D27,"")) -> 3 | F34: (base rate)
B36: Index Score | D36: Raw | E36: Standard Score | G36: Percentile
B37: Trials 1-5 Correct | D37: =SUM(E16:F20) -> 48 | E37: =IFERROR('CVLT Standard'!D24,"") -> 98 | G37: =IF(E37<62,"<1",IF(E37="","",IF(E37>138,">99",ROUND(NORMDIST(E37,100,15,TRUE)*100,0)))) -> 45
A38: Delayed Recall Correct | D38: =SUM(E22:F25) -> 28 | E38: =IFERROR('CVLT Standard'!D25,"") -> 84 | G38: =IF(E38<62,"<1",IF(E38="","",IF(E38>138,">99",ROUND(NORMDIST(E38,100,15,TRUE)*100,0)))) -> 14
B39: Total Recall Correct | D39: =SUM(E16:F25) -> 89 | E39: =IFERROR('CVLT Standard'!D26,"") -> 94 | G39: =IF(E39<62,"<1",IF(E39="","",IF(E39>138,">99",ROUND(NORMDIST(E39,100,15,TRUE)*100,0)))) -> 34
B41: Contrast Scores | D41: Score 1 | E41: Score 2 | F41: Contrast | G41: Percentile
B42: List B vs. T1 | D42: =E21 -> 13 | E42: =E16 -> 10 | F42: ='CVLT-3 (Contrast)'!C9 -> 13 | G42: =IF(F42="","",ROUND(NORMDIST(F42,10,3,TRUE)*100,0)) -> 84
B43: SDFR vs. T5 | D43: =E22 -> 7 | E43: =E20 -> 9 | F43: ='CVLT-3 (Contrast)'!C10 -> 7 | G43: =IF(F43="","",ROUND(NORMDIST(F43,10,3,TRUE)*100,0)) -> 16
B44: LDFR vs. T5 | D44: =E24 -> 8 | E44: =E20 -> 9 | F44: ='CVLT-3 (Contrast)'!C11 -> 9 | G44: =IF(F44="","",ROUND(NORMDIST(F44,10,3,TRUE)*100,0)) -> 37
B45: LDFR vs. SDFR | D45: =E24 -> 8 | E45: =E22 -> 7 | F45: ='CVLT-3 (Contrast)'!C12 -> 12 | G45: =IF(F45="","",ROUND(NORMDIST(F45,10,3,TRUE)*100,0)) -> 75
B46: LDFR vs. Recog. | D46: =E24 -> 8 | E46: =E33 -> 8 | F46: ='CVLT-3 (Contrast)'!C13 -> 9 | G46: =IF(F46="","",ROUND(NORMDIST(F46,10,3,TRUE)*100,0)) -> 37

Sheet CVLT Standard
F1: STANDARD FORM
A2: Truncated Age | C2: ='Scores Summary'!C10 -> 41
A3: Age Range for CVLT | C3: =IF(C2="","",IF(C2>90,"N/A",IF(C2>=80,"80-90",IF(C2>=70,"70-79",IF(C2>=60,"60-69",IF(C2>=45,"45-59",IF(C2>=30,"30-44",IF(C2>=20,"20-29",IF(C2>=16,"16-19","N/A"))))))))) -> 30-44
C5: Raw | D5: ss/SS | G5: T1 Correct | N5: T2 Correct | U5: T3 Correct
A6: Trial 1 Correct | C6: ='Scores Summary 3'!D16 -> 6 | D6: =VLOOKUP(C6,F6:AA23,(VLOOKUP(C3,A28:B35,2,FALSE)),FALSE) -> 10 | F6: Raw | G6: 16-19 | H6: 20-29 | I6: 30-44 | J6: 45-59 | K6: 60-69 | L6: 70-79 | M6: 80-90 | N6: 16-19 | O6: 20-29 | P6: 30-44 | Q6: 45-59 | R6: 60-69 | S6: 70-79 | T6: 80-90 | U6: 16-19 | V6: 20-29 | W6: 30-44 | X6: 45-59 | Y6: 60-69 | Z6: 70-79 | AA6: 80-90 | AB6: Raw | AC6: Trials 1-5 | AD6: Delayed | AE6: Total Rec
A7: Trial 2 Correct | C7: ='Scores Summary 3'!D17 -> 8 | D7: =VLOOKUP(C7,F6:AA23,(VLOOKUP(C3,A28:B35,2,FALSE)+7),FALSE) -> 9 | F7: 0 | G7: 1 | H7: 1 | I7: 1 | J7: 1 | K7: 1 | L7: 1 | M7: 2 | N7: 1 | O7: 1 | P7: 1 | Q7: 1 | R7: 1 | S7: 1 | T7: 1 | U7: 1 | V7: 1 | W7: 1 | X7: 1 | Y7: 1 | Z7: 1 | AA7: 1 | AB7: 4 | AD7: 45
A8: Trial 3 Correct | C8: ='Scores Summary 3'!D18 -> 12 | D8: =VLOOKUP(C8,F6:AA23,(VLOOKUP(C3,A28:B35,2,FALSE)+14),FALSE) -> 11 | F8: 1 | G8: 1 | H8: 1 | I8: 1 | J8: 2 | K8: 2 | L8: 2 | M8: 4 | N8: 1 | O8: 1 | P8: 1 | Q8: 1 | R8: 2 | S8: 2 | T8: 2 | U8: 1 | V8: 1 | W8: 1 | X8: 1 | Y8: 1 | Z8: 1 | AA8: 1 | AB8: =AB7+1 -> 5 | AC8: 45 | AD8: 47
A9: Trial 4 Correct | C9: ='Scores Summary 3'!D19 -> 11 | D9: =VLOOKUP(C9,F26:AA43,(VLOOKUP(C3,A28:B35,2,FALSE)),FALSE) -> 9 | F9: 2 | G9: 2 | H9: 2 | I9: 2 | J9: 4 | K9: 4 | L9: 4 | M9: 6 | N9: 2 | O9: 2 | P9: 2 | Q9: 2 | R9: 3 | S9: 3 | T9: 3 | U9: 1 | V9: 1 | W9: 1 | X9: 1 | Y9: 2 | Z9: 2 | AA9: 2 | AB9: =AB8+1 -> 6 | AC9: 45 | AD9: 49
A10: Trial 5 Correct | C10: ='Scores Summary 3'!D20 -> 12 | D10: =VLOOKUP(C10,F26:AA43,(VLOOKUP(C3,A28:B35,2,FALSE)+7),FALSE) -> 9 | F10: 3 | G10: 4 | H10: 4 | I10: 4 | J10: 5 | K10: 6 | L10: 6 | M10: 8 | N10: 3 | O10: 3 | P10: 3 | Q10: 3 | R10: 4 | S10: 5 | T10: 5 | U10: 2 | V10: 1 | W10: 1 | X10: 2 | Y10: 3 | Z10: 4 | AA10: 4 | AB10: =AB9+1 -> 7 | AC10: 45 | AD10: 51
A11: List B Correct | C11: ='Scores Summary 3'!D21 -> 7 | D11: =VLOOKUP(C11,F26:AA43,(VLOOKUP(C3,A28:B35,2,FALSE)+14),FALSE) -> 13 | F11: 4 | G11: 6 | H11: 6 | I11: 6 | J11: 7 | K11: 8 | L11: 8 | M11: 10 | N11: 4 | O11: 4 | P11: 4 | Q11: 4 | R11: 5 | S11: 6 | T11: 7 | U11: 3 | V11: 2 | W11: 2 | X11: 3 | Y11: 4 | Z11: 5 | AA11: 5 | AB11: =AB10+1 -> 8 | AC11: 46 | AD11: 53
A12: SD Free Recall | C12: ='Scores Summary 3'!D22 -> 7 | D12: =VLOOKUP(C12,F46:AA63,(VLOOKUP(C3,A28:B35,2,FALSE)),FALSE) -> 7 | F12: 5 | G12: 8 | H12: 8 | I12: 8 | J12: 8 | K12: 10 | L12: 10 | M12: 12 | N12: 5 | O12: 5 | P12: 5 | Q12: 5 | R12: 6 | S12: 7 | T12: 8 | U12: 4 | V12: 3 | W12: 3 | X12: 4 | Y12: 5 | Z12: 6 | AA12: 6 | AB12: =AB11+1 -> 9 | AC12: 47 | AD12: 55
A13: SD Cued Recall | C13: ='Scores Summary 3'!D23 -> 7 | D13: =VLOOKUP(C13,F46:AA63,(VLOOKUP(C3,A28:B35,2,FALSE)+7),FALSE) -> 6 | F13: 6 | G13: 10 | H13: 10 | I13: 10 | J13: 10 | K13: 11 | L13: 12 | M13: 14 | N13: 7 | O13: 6 | P13: 6 | Q13: 6 | R13: 7 | S13: 8 | T13: 10 | U13: 5 | V13: 4 | W13: 4 | X13: 5 | Y13: 6 | Z13: 7 | AA13: 8 | AB13: =AB12+1 -> 10 | AC13: 48 | AD13: 57 | AE13: 40
A14: LD Free Recall | C14: ='Scores Summary 3'!D24 -> 9 | D14: =VLOOKUP(C14,F46:AA63,(VLOOKUP(C3,A28:B35,2,FALSE)+14),FALSE) -> 8 | F14: 7 | G14: 11 | H14: 11 | I14: 11 | J14: 11 | K14: 13 | L14: 14 | M14: 15 | N14: 8 | O14: 8 | P14: 8 | Q14: 8 | R14: 9 | S14: 10 | T14: 11 | U14: 6 | V14: 5 | W14: 5 | X14: 6 | Y14: 7 | Z14: 8 | AA14: 10 | AB14: =AB13+1 -> 11 | AC14: 50 | AD14: 58 | AE14: 40
A15: LD Cued Recall | C15: ='Scores Summary 3'!D25 -> 9 | D15: =VLOOKUP(C15,F66:T83,(VLOOKUP(C3,A28:B35,2,FALSE)),FALSE) -> 7 | F15: 8 | G15: 13 | H15: 13 | I15: 13 | J15: 13 | K15: 14 | L15: 15 | M15: 16 | N15: 9 | O15: 9 | P15: 9 | Q15: 9 | R15: 10 | S15: 11 | T15: 13 | U15: 7 | V15: 7 | W15: 7 | X15: 7 | Y15: 9 | Z15: 10 | AA15: 11 | AB15: =AB14+1 -> 12 | AC15: 51 | AD15: 59 | AE15: 40
A16: Trials 1-5 Intrusions | C16: ='Scores Summary 3'!D26 -> 4 | D16: =IF(C16>36,1,VLOOKUP(C16,F86:AA123,(VLOOKUP(C3,A28:B35,2,FALSE)),FALSE)) -> 6 | F16: 9 | G16: 15 | H16: 14 | I16: 14 | J16: 14 | K16: 15 | L16: 16 | M16: 17 | N16: 10 | O16: 10 | P16: 10 | Q16: 10 | R16: 11 | S16: 12 | T16: 14 | U16: 8 | V16: 8 | W16: 8 | X16: 8 | Y16: 10 | Z16: 11 | AA16: 12 | AB16: =AB15+1 -> 13 | AC16: 52 | AD16: 61 | AE16: 40
A17: Free Recall Intrus. | C17: ='Scores Summary 3'!D27 -> 3 | D17: =IF(C17>26,1,VLOOKUP(C17,F86:AA123,(VLOOKUP(C3,A28:B35,2,FALSE)+7),FALSE)) -> 9 | F17: 10 | G17: 17 | H17: 15 | I17: 15 | J17: 15 | K17: 16 | L17: 17 | M17: 18 | N17: 12 | O17: 11 | P17: 11 | Q17: 11 | R17: 12 | S17: 14 | T17: 15 | U17: 9 | V17: 9 | W17: 9 | X17: 10 | Y17: 11 | Z17: 12 | AA17: 13 | AB17: =AB16+1 -> 14 | AC17: 54 | AD17: 63 | AE17: 40
A18: Cued Recall Intrus. | C18: ='Scores Summary 3'!D28 -> 5 | D18: =IF(C18>36,1,VLOOKUP(C18,F86:AA123,(VLOOKUP(C3,A28:B35,2,FALSE)+14),FALSE)) -> 6 | F18: 11 | G18: 18 | H18: 17 | I18: 16 | J18: 16 | K18: 17 | L18: 18 | M18: 19 | N18: 13 | O18: 12 | P18: 12 | Q18: 12 | R18: 13 | S18: 15 | T18: 16 | U18: 10 | V18: 10 | W18: 10 | X18: 11 | Y18: 12 | Z18: 13 | AA18: 14 | AB18: =AB17+1 -> 15 | AC18: 55 | AD18: 65 | AE18: 40
A19: Total Intrusions | C19: ='Scores Summary 3'!D29 -> 8 | D19: =IF(C19>37,1,VLOOKUP(C19,F126:AA164,(VLOOKUP(C3,A28:B35,2,FALSE)),FALSE)) -> 7 | F19: 12 | G19: 19 | H19: 18 | I19: 17 | J19: 17 | K19: 18 | L19: 19 | M19: 19 | N19: 14 | O19: 13 | P19: 13 | Q19: 13 | R19: 15 | S19: 16 | T19: 18 | U19: 11 | V19: 11 | W19: 11 | X19: 12 | Y19: 13 | Z19: 14 | AA19: 15 | AB19: =AB18+1 -> 16 | AC19: 57 | AD19: 67 | AE19: 40
A20: Total Repetitions | C20: ='Scores Summary 3'!D30 -> 9 | D20: =IF(C20>37,1,VLOOKUP(C20,F126:AA164,(VLOOKUP(C3,A28:B35,2,FALSE)+7),FALSE)) -> 8 | F20: 13 | G20: 19 | H20: 19 | I20: 18 | J20: 18 | K20: 19 | L20: 19 | M20: 19 | N20: 15 | O20: 15 | P20: 15 | Q20: 15 | R20: 16 | S20: 18 | T20: 19 | U20: 13 | V20: 12 | W20: 12 | X20: 13 | Y20: 14 | Z20: 15 | AA20: 16 | AB20: =AB19+1 -> 17 | AC20: 58 | AD20: 68 | AE20: 41
A21: Y/N Recog. Hits | C21: ='Scores Summary 3'!D31 -> 12 | D21: =VLOOKUP(C21,F66:T83,(VLOOKUP(C3,A28:B35,2,FALSE)+7),FALSE) -> 5 | F21: 14 | G21: 19 | H21: 19 | I21: 19 | J21: 19 | K21: 19 | L21: 19 | M21: 19 | N21: 16 | O21: 16 | P21: 16 | Q21: 16 | R21: 18 | S21: 19 | T21: 19 | U21: 15 | V21: 13 | W21: 13 | X21: 14 | Y21: 15 | Z21: 16 | AA21: 17 | AB21: =AB20+1 -> 18 | AC21: 60 | AD21: 69 | AE21: 42
A22: Y/N Recog. FPs | C22: ='Scores Summary 3'!D32 -> 2 | D22: =IF(C22>37,1,VLOOKUP(C22,F126:AA164,(VLOOKUP(C3,A28:B35,2,FALSE)+14),FALSE)) -> 9 | F22: 15 | G22: 19 | H22: 19 | I22: 19 | J22: 19 | K22: 19 | L22: 19 | M22: 19 | N22: 18 | O22: 18 | P22: 18 | Q22: 18 | R22: 19 | S22: 19 | T22: 19 | U22: 16 | V22: 15 | W22: 15 | X22: 15 | Y22: 16 | Z22: 17 | AA22: 18 | AB22: =AB21+1 -> 19 | AC22: 61 | AD22: 71 | AE22: 43
A23: Y/N Recog Discrim NP | C23: =ROUND('Scores Summary 3'!D33,0) -> 88 | D23: =IF(C23<44,1,VLOOKUP(C23,F167:M224,(VLOOKUP(C3,A28:B35,2,FALSE)),FALSE)) -> 8 | F23: 16 | G23: 19 | H23: 19 | I23: 19 | J23: 19 | K23: 19 | L23: 19 | M23: 19 | N23: 19 | O23: 19 | P23: 19 | Q23: 19 | R23: 19 | S23: 19 | T23: 19 | U23: 17 | V23: 16 | W23: 16 | X23: 16 | Y23: 17 | Z23: 18 | AA23: 19 | AB23: =AB22+1 -> 20 | AC23: 63 | AD23: 72 | AE23: 44
A24: Trials 1-5 Correct | C24: ='Scores Summary 3'!D37 -> 48 | D24: =VLOOKUP(C24,AB6:AE193,2,FALSE) -> 98 | AB24: =AB23+1 -> 21 | AC24: 64 | AD24: 74 | AE24: 45
A25: Delayed Recall Correct | C25: ='Scores Summary 3'!D38 -> 28 | D25: =VLOOKUP(C25,AB6:AE193,3,FALSE) -> 84 | G25: T4 Correct | N25: T5 Correct | U25: List B Correct | AB25: =AB24+1 -> 22 | AC25: 66 | AD25: 75 | AE25: 45
A26: Total Recall Correct | C26: ='Scores Summary 3'!D39 -> 89 | D26: =VLOOKUP(C26,AB6:AE193,4,FALSE) -> 94 | F26: Raw | G26: 16-19 | H26: 20-29 | I26: 30-44 | J26: 45-59 | K26: 60-69 | L26: 70-79 | M26: 80-90 | N26: 16-19 | O26: 20-29 | P26: 30-44 | Q26: 45-59 | R26: 60-69 | S26: 70-79 | T26: 80-90 | U26: 16-19 | V26: 20-29 | W26: 30-44 | X26: 45-59 | Y26: 60-69 | Z26: 70-79 | AA26: 80-90 | AB26: =AB25+1 -> 23 | AC26: 67 | AD26: 77 | AE26: 46
A27: Forced Choice Raw | C27: ='Scores Summary 3'!D34 -> 15 | D27: =IF(C27<12,0,VLOOKUP(C27,O167:V172,(VLOOKUP(C3,A28:B35,2,FALSE)),FALSE)) -> 3 | F27: 0 | G27: 1 | H27: 1 | I27: 1 | J27: 1 | K27: 1 | L27: 1 | M27: 1 | N27: 1 | O27: 1 | P27: 1 | Q27: 1 | R27: 1 | S27: 1 | T27: 1 | U27: 1 | V27: 1 | W27: 1 | X27: 1 | Y27: 3 | Z27: 3 | AA27: 3 | AB27: =AB26+1 -> 24 | AC27: 69 | AD27: 79 | AE27: 47
A28: Age | B28: Column | F28: 1 | G28: 1 | H28: 1 | I28: 1 | J28: 1 | K28: 1 | L28: 1 | M28: 2 | N28: 1 | O28: 1 | P28: 1 | Q28: 1 | R28: 1 | S28: 1 | T28: 2 | U28: 2 | V28: 2 | W28: 2 | X28: 2 | Y28: 5 | Z28: 5 | AA28: 5 | AB28: =AB27+1 -> 25 | AC28: 70 | AD28: 80 | AE28: 48
A29: 16-19 | B29: 2 | F29: 2 | G29: 1 | H29: 1 | I29: 1 | J29: 1 | K29: 1 | L29: 2 | M29: 3 | N29: 1 | O29: 1 | P29: 1 | Q29: 1 | R29: 1 | S29: 2 | T29: 3 | U29: 4 | V29: 4 | W29: 4 | X29: 4 | Y29: 6 | Z29: 6 | AA29: 7 | AB29: =AB28+1 -> 26 | AC29: 71 | AD29: 81 | AE29: 49
A30: 20-29 | B30: 3 | F30: 3 | G30: 1 | H30: 1 | I30: 1 | J30: 1 | K30: 2 | L30: 3 | M30: 4 | N30: 1 | O30: 1 | P30: 1 | Q30: 1 | R30: 2 | S30: 3 | T30: 4 | U30: 6 | V30: 6 | W30: 6 | X30: 6 | Y30: 7 | Z30: 7 | AA30: 9 | AB30: =AB29+1 -> 27 | AC30: 72 | AD30: 83 | AE30: 50
A31: 30-44 | B31: 4 | F31: 4 | G31: 2 | H31: 2 | I31: 2 | J31: 2 | K31: 3 | L31: 4 | M31: 5 | N31: 1 | O31: 1 | P31: 1 | Q31: 2 | R31: 3 | S31: 4 | T31: 5 | U31: 7 | V31: 7 | W31: 8 | X31: 8 | Y31: 9 | Z31: 9 | AA31: 11 | AB31: =AB30+1 -> 28 | AC31: 73 | AD31: 84 | AE31: 50
A32: 45-59 | B32: 5 | F32: 5 | G32: 3 | H32: 3 | I32: 3 | J32: 3 | K32: 4 | L32: 5 | M32: 6 | N32: 2 | O32: 2 | P32: 2 | Q32: 3 | R32: 4 | S32: 5 | T32: 6 | U32: 9 | V32: 9 | W32: 10 | X32: 10 | Y32: 11 | Z32: 11 | AA32: 13 | AB32: =AB31+1 -> 29 | AC32: 75 | AD32: 86 | AE32: 51
A33: 60-69 | B33: 6 | F33: 6 | G33: 4 | H33: 4 | I33: 4 | J33: 4 | K33: 5 | L33: 6 | M33: 7 | N33: 3 | O33: 3 | P33: 3 | Q33: 4 | R33: 5 | S33: 6 | T33: 7 | U33: 11 | V33: 10 | W33: 11 | X33: 11 | Y33: 13 | Z33: 13 | AA33: 14 | AB33: =AB32+1 -> 30 | AC33: 76 | AD33: 87 | AE33: 52
A34: 70-79 | B34: 7 | F34: 7 | G34: 5 | H34: 5 | I34: 5 | J34: 5 | K34: 6 | L34: 7 | M34: 8 | N34: 4 | O34: 4 | P34: 4 | Q34: 5 | R34: 6 | S34: 7 | T34: 8 | U34: 13 | V34: 11 | W34: 13 | X34: 13 | Y34: 14 | Z34: 14 | AA34: 16 | AB34: =AB33+1 -> 31 | AC34: 77 | AD34: 89 | AE34: 53
A35: 80-90 | B35: 8 | F35: 8 | G35: 6 | H35: 6 | I35: 6 | J35: 6 | K35: 7 | L35: 8 | M35: 9 | N35: 5 | O35: 5 | P35: 5 | Q35: 6 | R35: 7 | S35: 8 | T35: 9 | U35: 14 | V35: 13 | W35: 14 | X35: 14 | Y35: 16 | Z35: 16 | AA35: 17 | AB35: =AB34+1 -> 32 | AC35: 79 | AD35: 90 | AE35: 53
F36: 9 | G36: 7 | H36: 7 | I36: 7 | J36: 7 | K36: 8 | L36: 9 | M36: 10 | N36: 6 | O36: 6 | P36: 6 | Q36: 7 | R36: 8 | S36: 9 | T36: 10 | U36: 15 | V36: 14 | W36: 15 | X36: 16 | Y36: 17 | Z36: 17 | AA36: 18 | AB36: =AB35+1 -> 33 | AC36: 80 | AD36: 92 | AE36: 54
F37: 10 | G37: 8 | H37: 8 | I37: 8 | J37: 8 | K37: 10 | L37: 10 | M37: 12 | N37: 7 | O37: 7 | P37: 7 | Q37: 8 | R37: 9 | S37: 10 | T37: 11 | U37: 16 | V37: 15 | W37: 16 | X37: 17 | Y37: 18 | Z37: 18 | AA37: 19 | AB37: =AB36+1 -> 34 | AC37: 81 | AD37: 93 | AE37: 55
F38: 11 | G38: 9 | H38: 9 | I38: 9 | J38: 10 | K38: 11 | L38: 12 | M38: 13 | N38: 8 | O38: 8 | P38: 8 | Q38: 9 | R38: 10 | S38: 11 | T38: 12 | U38: 17 | V38: 16 | W38: 17 | X38: 18 | Y38: 19 | Z38: 19 | AA38: 19 | AB38: =AB37+1 -> 35 | AC38: 82 | AD38: 94 | AE38: 56
F39: 12 | G39: 10 | H39: 10 | I39: 10 | J39: 11 | K39: 12 | L39: 13 | M39: 14 | N39: 9 | O39: 9 | P39: 9 | Q39: 10 | R39: 11 | S39: 12 | T39: 13 | U39: 18 | V39: 17 | W39: 18 | X39: 19 | Y39: 19 | Z39: 19 | AA39: 19 | AB39: =AB38+1 -> 36 | AC39: 83 | AD39: 96 | AE39: 56
F40: 13 | G40: 12 | H40: 11 | I40: 11 | J40: 12 | K40: 13 | L40: 14 | M40: 15 | N40: 10 | O40: 10 | P40: 10 | Q40: 11 | R40: 12 | S40: 13 | T40: 14 | U40: 19 | V40: 18 | W40: 19 | X40: 19 | Y40: 19 | Z40: 19 | AA40: 19 | AB40: =AB39+1 -> 37 | AC40: 85 | AD40: 97 | AE40: 57
F41: 14 | G41: 13 | H41: 13 | I41: 12 | J41: 13 | K41: 14 | L41: 15 | M41: 16 | N41: 12 | O41: 12 | P41: 12 | Q41: 12 | R41: 13 | S41: 14 | T41: 15 | U41: 19 | V41: 19 | W41: 19 | X41: 19 | Y41: 19 | Z41: 19 | AA41: 19 | AB41: =AB40+1 -> 38 | AC41: 86 | AD41: 98 | AE41: 58
F42: 15 | G42: 15 | H42: 14 | I42: 14 | J42: 14 | K42: 15 | L42: 16 | M42: 17 | N42: 14 | O42: 13 | P42: 13 | Q42: 13 | R42: 15 | S42: 15 | T42: 16 | U42: 19 | V42: 19 | W42: 19 | X42: 19 | Y42: 19 | Z42: 19 | AA42: 19 | AB42: =AB41+1 -> 39 | AC42: 87 | AD42: 99 | AE42: 59
F43: 16 | G43: 17 | H43: 16 | I43: 16 | J43: 16 | K43: 16 | L43: 17 | M43: 19 | N43: 16 | O43: 15 | P43: 15 | Q43: 15 | R43: 16 | S43: 16 | T43: 17 | U43: 19 | V43: 19 | W43: 19 | X43: 19 | Y43: 19 | Z43: 19 | AA43: 19 | AB43: =AB42+1 -> 40 | AC43: 89 | AD43: 100 | AE43: 60
AB44: =AB43+1 -> 41 | AC44: 90 | AD44: 102 | AE44: 60
G45: SDFR Correct | N45: SDCR Correct | U45: LDFR Correct | AB45: =AB44+1 -> 42 | AC45: 91 | AD45: 103 | AE45: 61
F46: Raw | G46: 16-19 | H46: 20-29 | I46: 30-44 | J46: 45-59 | K46: 60-69 | L46: 70-79 | M46: 80-90 | N46: 16-19 | O46: 20-29 | P46: 30-44 | Q46: 45-59 | R46: 60-69 | S46: 70-79 | T46: 80-90 | U46: 16-19 | V46: 20-29 | W46: 30-44 | X46: 45-59 | Y46: 60-69 | Z46: 70-79 | AA46: 80-90 | AB46: =AB45+1 -> 43 | AC46: 92 | AD46: 104 | AE46: 62
F47: 0 | G47: 1 | H47: 1 | I47: 1 | J47: 1 | K47: 2 | L47: 2 | M47: 3 | N47: 1 | O47: 1 | P47: 1 | Q47: 1 | R47: 1 | S47: 1 | T47: 2 | U47: 1 | V47: 1 | W47: 1 | X47: 1 | Y47: 2 | Z47: 2 | AA47: 3 | AB47: =AB46+1 -> 44 | AC47: 93 | AD47: 105 | AE47: 63
F48: 1 | G48: 1 | H48: 1 | I48: 1 | J48: 2 | K48: 3 | L48: 3 | M48: 4 | N48: 1 | O48: 1 | P48: 1 | Q48: 1 | R48: 1 | S48: 2 | T48: 3 | U48: 1 | V48: 1 | W48: 1 | X48: 2 | Y48: 3 | Z48: 3 | AA48: 4 | AB48: =AB47+1 -> 45 | AC48: 94 | AD48: 106 | AE48: 64
F49: 2 | G49: 2 | H49: 2 | I49: 2 | J49: 3 | K49: 4 | L49: 4 | M49: 5 | N49: 1 | O49: 1 | P49: 1 | Q49: 1 | R49: 2 | S49: 3 | T49: 4 | U49: 2 | V49: 2 | W49: 2 | X49: 3 | Y49: 4 | Z49: 4 | AA49: 5 | AB49: =AB48+1 -> 46 | AC49: 95 | AD49: 108 | AE49: 65
F50: 3 | G50: 3 | H50: 3 | I50: 3 | J50: 4 | K50: 5 | L50: 5 | M50: 6 | N50: 2 | O50: 2 | P50: 2 | Q50: 2 | R50: 3 | S50: 3 | T50: 4 | U50: 3 | V50: 3 | W50: 3 | X50: 4 | Y50: 5 | Z50: 5 | AA50: 6 | AB50: =AB49+1 -> 47 | AC50: 96 | AD50: 109 | AE50: 66
F51: 4 | G51: 4 | H51: 4 | I51: 4 | J51: 5 | K51: 6 | L51: 6 | M51: 7 | N51: 3 | O51: 3 | P51: 3 | Q51: 3 | R51: 4 | S51: 4 | T51: 5 | U51: 4 | V51: 4 | W51: 4 | X51: 5 | Y51: 6 | Z51: 6 | AA51: 7 | AB51: =AB50+1 -> 48 | AC51: 98 | AD51: 110 | AE51: 66
F52: 5 | G52: 5 | H52: 5 | I52: 5 | J52: 5 | K52: 6 | L52: 7 | M52: 8 | N52: 4 | O52: 4 | P52: 4 | Q52: 4 | R52: 5 | S52: 5 | T52: 6 | U52: 5 | V52: 5 | W52: 5 | X52: 5 | Y52: 6 | Z52: 7 | AA52: 8 | AB52: =AB51+1 -> 49 | AC52: 99 | AD52: 111 | AE52: 67
F53: 6 | G53: 5 | H53: 5 | I53: 6 | J53: 6 | K53: 7 | L53: 8 | M53: 9 | N53: 5 | O53: 5 | P53: 5 | Q53: 5 | R53: 6 | S53: 6 | T53: 7 | U53: 5 | V53: 5 | W53: 5 | X53: 6 | Y53: 7 | Z53: 7 | AA53: 8 | AB53: =AB52+1 -> 50 | AC53: 100 | AD53: 113 | AE53: 68
F54: 7 | G54: 6 | H54: 6 | I54: 7 | J54: 7 | K54: 8 | L54: 9 | M54: 10 | N54: 6 | O54: 6 | P54: 6 | Q54: 6 | R54: 6 | S54: 7 | T54: 8 | U54: 6 | V54: 6 | W54: 6 | X54: 7 | Y54: 7 | Z54: 8 | AA54: 9 | AB54: =AB53+1 -> 51 | AC54: 101 | AD54: 114 | AE54: 69
F55: 8 | G55: 7 | H55: 7 | I55: 7 | J55: 8 | K55: 9 | L55: 10 | M55: 11 | N55: 7 | O55: 7 | P55: 7 | Q55: 7 | R55: 7 | S55: 8 | T55: 9 | U55: 7 | V55: 7 | W55: 7 | X55: 8 | Y55: 8 | Z55: 9 | AA55: 10 | AB55: =AB54+1 -> 52 | AC55: 102 | AD55: 115 | AE55: 70
F56: 9 | G56: 8 | H56: 8 | I56: 8 | J56: 9 | K56: 10 | L56: 11 | M56: 12 | N56: 7 | O56: 7 | P56: 7 | Q56: 7 | R56: 8 | S56: 9 | T56: 10 | U56: 7 | V56: 7 | W56: 8 | X56: 8 | Y56: 9 | Z56: 10 | AA56: 11 | AB56: =AB55+1 -> 53 | AC56: 103 | AD56: 117 | AE56: 70
F57: 10 | G57: 9 | H57: 9 | I57: 9 | J57: 10 | K57: 11 | L57: 12 | M57: 13 | N57: 8 | O57: 8 | P57: 8 | Q57: 8 | R57: 9 | S57: 10 | T57: 11 | U57: 8 | V57: 8 | W57: 9 | X57: 9 | Y57: 10 | Z57: 11 | AA57: 12 | AB57: =AB56+1 -> 54 | AC57: 104 | AD57: 118 | AE57: 71
F58: 11 | G58: 10 | H58: 10 | I58: 10 | J58: 11 | K58: 12 | L58: 13 | M58: 14 | N58: 9 | O58: 9 | P58: 9 | Q58: 9 | R58: 10 | S58: 11 | T58: 12 | U58: 9 | V58: 9 | W58: 10 | X58: 10 | Y58: 11 | Z58: 12 | AA58: 13 | AB58: =AB57+1 -> 55 | AC58: 105 | AD58: 120 | AE58: 72
... F63: 16 | G63: 16 | H63: 16 | I63: 16 | J63: 16 | K63: 17 | L63: 17 | M63: 18 | N63: 18 | O63: 16 | P63: 16 | Q63: 16 | R63: 18 | S63: 18 | T63: 19 | U63: 15 | V63: 15 | W63: 16 | X63: 16 | Y63: 16 | Z63: 16 | AA63: 17 | AB63: =AB62+1 -> 60 | AC63: 111 | AD63: 127 | AE63: 75
AB64: =AB63+1 -> 61 | AC64: 113 | AD64: 129 | AE64: 76
G65: LDCR Correct | N65: Hits | AB65: =AB64+1 -> 62 | AC65: 114 | AD65: 130 | AE65: 76
F66: Raw | G66: 16-19 | H66: 20-29 | I66: 30-44 | J66: 45-59 | K66: 60-69 | L66: 70-79 | M66: 80-90 | N66: 16-19 | O66: 20-29 | P66: 30-44 | Q66: 45-59 | R66: 60-69 | S66: 70-79 | T66: 80-90 | AB66: =AB65+1 -> 63 | AC66: 115 | AD66: 132 | AE66: 77
F67: 0 | G67: 1 | H67: 1 | I67: 1 | J67: 1 | K67: 1 | L67: 1 | M67: 2 | N67: 1 | O67: 1 | P67: 1 | Q67: 1 | R67: 1 | S67: 1 | T67: 1 | AB67: =AB66+1 -> 64 | AC67: 117 | AD67: 133 | AE67: 78
F68: 1 | G68: 1 | H68: 1 | I68: 1 | J68: 1 | K68: 1 | L68: 2 | M68: 3 | N68: 1 | O68: 1 | P68: 1 | Q68: 1 | R68: 1 | S68: 1 | T68: 1 | AB68: =AB67+1 -> 65 | AC68: 118 | AD68: 135 | AE68: 78
F69: 2 | G69: 1 | H69: 1 | I69: 1 | J69: 1 | K69: 2 | L69: 3 | M69: 4 | N69: 1 | O69: 1 | P69: 1 | Q69: 1 | R69: 1 | S69: 1 | T69: 1 | AB69: =AB68+1 -> 66 | AC69: 119 | AD69: 136 | AE69: 79
F70: 3 | G70: 2 | H70: 2 | I70: 2 | J70: 2 | K70: 3 | L70: 3 | M70: 4 | N70: 1 | O70: 1 | P70: 1 | Q70: 1 | R70: 1 | S70: 1 | T70: 2 | AB70: =AB69+1 -> 67 | AC70: 120 | AD70: 138 | AE70: 80
F71: 4 | G71: 3 | H71: 3 | I71: 3 | J71: 3 | K71: 4 | L71: 4 | M71: 5 | N71: 1 | O71: 1 | P71: 1 | Q71: 1 | R71: 1 | S71: 2 | T71: 3 | AB71: =AB70+1 -> 68 | AC71: 122 | AD71: 139 | AE71: 81
F72: 5 | G72: 4 | H72: 4 | I72: 4 | J72: 4 | K72: 5 | L72: 5 | M72: 6 | N72: 1 | O72: 1 | P72: 1 | Q72: 1 | R72: 2 | S72: 3 | T72: 3 | AB72: =AB71+1 -> 69 | AC72: 123 | AD72: 141 | AE72: 81
F73: 6 | G73: 4 | H73: 4 | I73: 5 | J73: 5 | K73: 6 | L73: 6 | M73: 7 | N73: 1 | O73: 1 | P73: 1 | Q73: 2 | R73: 3 | S73: 3 | T73: 4 | AB73: =AB72+1 -> 70 | AC73: 124 | AD73: 142 | AE73: 82
F74: 7 | G74: 5 | H74: 5 | I74: 6 | J74: 6 | K74: 6 | L74: 7 | M74: 8 | N74: 2 | O74: 2 | P74: 2 | Q74: 3 | R74: 3 | S74: 4 | T74: 4 | AB74: =AB73+1 -> 71 | AC74: 126 | AD74: 144 | AE74: 82
F75: 8 | G75: 6 | H75: 6 | I75: 7 | J75: 7 | K75: 7 | L75: 8 | M75: 9 | N75: 3 | O75: 3 | P75: 3 | Q75: 3 | R75: 4 | S75: 4 | T75: 5 | AB75: =AB74+1 -> 72 | AC75: 127 | AD75: 146 | AE75: 83
F76: 9 | G76: 7 | H76: 7 | I76: 7 | J76: 7 | K76: 8 | L76: 9 | M76: 10 | N76: 3 | O76: 3 | P76: 3 | Q76: 4 | R76: 4 | S76: 5 | T76: 5 | AB76: =AB75+1 -> 73 | AC76: 128 | AD76: 148 | AE76: 84
F77: 10 | G77: 8 | H77: 7 | I77: 8 | J77: 8 | K77: 9 | L77: 10 | M77: 11 | N77: 4 | O77: 4 | P77: 4 | Q77: 4 | R77: 5 | S77: 5 | T77: 6 | AB77: =AB76+1 -> 74 | AC77: 129 | AD77: 150 | AE77: 84
F78: 11 | G78: 9 | H78: 8 | I78: 9 | J78: 9 | K78: 10 | L78: 11 | M78: 12 | N78: 4 | O78: 4 | P78: 4 | Q78: 5 | R78: 5 | S78: 6 | T78: 7 | AB78: =AB77+1 -> 75 | AC78: 130 | AD78: 152 | AE78: 85
F79: 12 | G79: 10 | H79: 9 | I79: 10 | J79: 10 | K79: 11 | L79: 12 | M79: 13 | N79: 5 | O79: 5 | P79: 5 | Q79: 5 | R79: 6 | S79: 7 | T79: 8 | AB79: =AB78+1 -> 76 | AC79: 131 | AD79: 155 | AE79: 86
F80: 13 | G80: 11 | H80: 10 | I80: 11 | J80: 11 | K80: 12 | L80: 13 | M80: 14 | N80: 6 | O80: 6 | P80: 6 | Q80: 6 | R80: 7 | S80: 8 | T80: 9 | AB80: =AB79+1 -> 77 | AC80: 132 | AE80: 87
F81: 14 | G81: 13 | H81: 12 | I81: 12 | J81: 12 | K81: 13 | L81: 14 | M81: 15 | N81: 7 | O81: 7 | P81: 7 | Q81: 7 | R81: 8 | S81: 10 | T81: 10 | AB81: =AB80+1 -> 78 | AC81: 133 | AE81: 87
F82: 15 | G82: 15 | H82: 13 | I82: 13 | J82: 13 | K82: 15 | L82: 15 | M82: 17 | N82: 9 | O82: 9 | P82: 9 | Q82: 10 | R82: 10 | S82: 12 | T82: 12 | AB82: =AB81+1 -> 79 | AC82: 135 | AE82: 88
F83: 16 | G83: 17 | H83: 15 | I83: 15 | J83: 15 | K83: 17 | L83: 17 | M83: 19 | N83: 13 | O83: 13 | P83: 13 | Q83: 13 | R83: 14 | S83: 14 | T83: 14 | AB83: =AB82+1 -> 80 | AC83: 136 | AE83: 88
AB84: =AB83+1 -> 81 | AC84: 137 | AE84: 89
G85: T1-5 Int | N85: Free Recall Int | U85: Cued Recall Int | AB85: =AB84+1 -> 82 | AC85: 139 | AE85: 90
F86: Raw | G86: 16-19 | H86: 20-29 | I86: 30-44 | J86: 45-59 | K86: 60-69 | L86: 70-79 | M86: 80-90 | N86: 16-19 | O86: 20-29 | P86: 30-44 | Q86: 45-59 | R86: 60-69 | S86: 70-79 | T86: 80-90 | U86: 16-19 | V86: 20-29 | W86: 30-44 | X86: 45-59 | Y86: 60-69 | Z86: 70-79 | AA86: 80-90 | AB86: =AB85+1 -> 83 | AC86: 140 | AE86: 90
F87: 0 | G87: 12 | H87: 12 | I87: 13 | J87: 13 | K87: 13 | L87: 13 | M87: 13 | N87: 13 | O87: 13 | P87: 13 | Q87: 13 | R87: 13 | S87: 14 | T87: 14 | U87: 13 | V87: 13 | W87: 13 | X87: 13 | Y87: 13 | Z87: 13 | AA87: 14 | AB87: =AB86+1 -> 84 | AC87: 142 | AE87: 91
F88: 1 | G88: 10 | H88: 10 | I88: 10 | J88: 10 | K88: 10 | L88: 10 | M88: 10 | N88: 12 | O88: 12 | P88: 12 | Q88: 12 | R88: 12 | S88: 12 | T88: 12 | U88: 1 | V88: 10 | W88: 10 | X88: 10 | Y88: 10 | Z88: 10 | AA88: 12 | AB88: =AB87+1 -> 85 | AC88: 143 | AE88: 91
F89: 2 | G89: 7 | H89: 8 | I89: 8 | J89: 8 | K89: 9 | L89: 8 | M89: 8 | N89: 10 | O89: 10 | P89: 10 | Q89: 10 | R89: 10 | S89: 10 | T89: 10 | U89: 7 | V89: 8 | W89: 8 | X89: 9 | Y89: 9 | Z89: 9 | AA89: 10 | AB89: =AB88+1 -> 86 | AC89: 144 | AE89: 92
F90: 3 | G90: 6 | H90: 7 | I90: 7 | J90: 7 | K90: 8 | L90: 7 | M90: 7 | N90: 8 | O90: 8 | P90: 9 | Q90: 9 | R90: 9 | S90: 9 | T90: 9 | U90: 6 | V90: 7 | W90: 7 | X90: 8 | Y90: 8 | Z90: 8 | AA90: 9 | AB90: =AB89+1 -> 87 | AC90: 146 | AE90: 92
F91: 4 | G91: 5 | H91: 6 | I91: 6 | J91: 6 | K91: 7 | L91: 6 | M91: 6 | N91: 7 | O91: 7 | P91: 8 | Q91: 8 | R91: 8 | S91: 8 | T91: 8 | U91: 6 | V91: 6 | W91: 7 | X91: 7 | Y91: 7 | Z91: 8 | AA91: 8 | AB91: =AB90+1 -> 88 | AC91: 147 | AE91: 93
F92: 5 | G92: 4 | H92: 5 | I92: 5 | J92: 5 | K92: 6 | L92: 5 | M92: 5 | N92: 6 | O92: 6 | P92: 7 | Q92: 7 | R92: 7 | S92: 8 | T92: 8 | U92: 5 | V92: 6 | W92: 6 | X92: 7 | Y92: 7 | Z92: 7 | AA92: 8 | AB92: =AB91+1 -> 89 | AC92: 148 | AE92: 94
F93: 6 | G93: 4 | H93: 4 | I93: 4 | J93: 4 | K93: 5 | L93: 5 | M93: 5 | N93: 5 | O93: 6 | P93: 6 | Q93: 7 | R93: 7 | S93: 7 | T93: 7 | U93: 5 | V93: 5 | W93: 6 | X93: 6 | Y93: 6 | Z93: 7 | AA93: 7 | AB93: =AB92+1 -> 90 | AC93: 150 | AE93: 94
F94: 7 | G94: 3 | H94: 4 | I94: 4 | J94: 4 | K94: 4 | L94: 4 | M94: 4 | N94: 5 | O94: 5 | P94: 6 | Q94: 6 | R94: 6 | S94: 6 | T94: 7 | U94: 4 | V94: 5 | W94: 5 | X94: 6 | Y94: 6 | Z94: 6 | AA94: 7 | AB94: =AB93+1 -> 91 | AC94: 151 | AE94: 95
F95: 8 | G95: 3 | H95: 3 | I95: 3 | J95: 3 | K95: 4 | L95: 4 | M95: 4 | N95: 4 | O95: 5 | P95: 5 | Q95: 5 | R95: 6 | S95: 6 | T95: 6 | U95: 4 | V95: 4 | W95: 5 | X95: 5 | Y95: 6 | Z95: 6 | AA95: 6 | AB95: =AB94+1 -> 92 | AC95: 152 | AE95: 95
F96: 9 | G96: 2 | H96: 3 | I96: 3 | J96: 3 | K96: 3 | L96: 3 | M96: 3 | N96: 4 | O96: 4 | P96: 5 | Q96: 5 | R96: 5 | S96: 5 | T96: 6 | U96: 3 | V96: 4 | W96: 4 | X96: 5 | Y96: 5 | Z96: 6 | AA96: 6 | AB96: =AB95+1 -> 93 | AC96: 154 | AE96: 96
F97: 10 | G97: 2 | H97: 2 | I97: 2 | J97: 2 | K97: 3 | L97: 3 | M97: 3 | N97: 4 | O97: 4 | P97: 4 | Q97: 4 | R97: 5 | S97: 5 | T97: 5 | U97: 3 | V97: 4 | W97: 4 | X97: 4 | Y97: 5 | Z97: 5 | AA97: 6 | AB97: =AB96+1 -> 94 | AC97: 155 | AE97: 96
F98: 11 | G98: 1 | H98: 2 | I98: 2 | J98: 2 | K98: 2 | L98: 2 | M98: 2 | N98: 3 | O98: 4 | P98: 4 | Q98: 4 | R98: 4 | S98: 4 | T98: 5 | U98: 2 | V98: 3 | W98: 4 | X98: 4 | Y98: 4 | Z98: 5 | AA98: 5 | AB98: =AB97+1 -> 95 | AC98: 155 | AE98: 97
F99: 12 | G99: 1 | H99: 1 | I99: 1 | J99: 1 | K99: 2 | L99: 2 | M99: 2 | N99: 3 | O99: 3 | P99: 3 | Q99: 4 | R99: 4 | S99: 4 | T99: 4 | U99: 2 | V99: 3 | W99: 3 | X99: 4 | Y99: 4 | Z99: 4 | AA99: 5 | AB99: =AB98+1 -> 96 | AE99: 98
F100: 13 | G100: 1 | H100: 1 | I100: 1 | J100: 1 | K100: 1 | L100: 1 | M100: 1 | N100: 2 | O100: 3 | P100: 3 | Q100: 3 | R100: 4 | S100: 4 | T100: 4 | U100: 2 | V100: 2 | W100: 3 | X100: 3 | Y100: 4 | Z100: 4 | AA100: 4 | AB100: =AB99+1 -> 97 | AE100: 98
F101: 14 | G101: 1 | H101: 1 | I101: 1 | J101: 1 | K101: 1 | L101: 1 | M101: 1 | N101: 2 | O101: 2 | P101: 2 | Q101: 3 | R101: 3 | S101: 3 | T101: 4 | U101: 1 | V101: 2 | W101: 2 | X101: 3 | Y101: 3 | Z101: 4 | AA101: 4 | AB101: =AB100+1 -> 98 | AE101: 99
F102: 15 | G102: 1 | H102: 1 | I102: 1 | J102: 1 | K102: 1 | L102: 1 | M102: 1 | N102: 2 | O102: 2 | P102: 2 | Q102: 2 | R102: 3 | S102: 3 | T102: 3 | U102: 1 | V102: 2 | W102: 2 | X102: 2 | Y102: 3 | Z102: 3 | AA102: 4 | AB102: =AB101+1 -> 99 | AE102: 99
F103: 16 | G103: 1 | H103: 1 | I103: 1 | J103: 1 | K103: 1 | L103: 1 | M103: 1 | N103: 1 | O103: 2 | P103: 2 | Q103: 2 | R103: 2 | S103: 2 | T103: 3 | U103: 1 | V103: 1 | W103: 2 | X103: 2 | Y103: 2 | Z103: 3 | AA103: 3 | AB103: =AB102+1 -> 100 | AE103: 100
F104: 17 | G104: 1 | H104: 1 | I104: 1 | J104: 1 | K104: 1 | L104: 1 | M104: 1 | N104: 1 | O104: 1 | P104: 1 | Q104: 2 | R104: 2 | S104: 2 | T104: 2 | U104: 1 | V104: 1 | W104: 1 | X104: 2 | Y104: 2 | Z104: 2 | AA104: 3 | AB104: =AB103+1 -> 101 | AE104: 100
F105: 18 | G105: 1 | H105: 1 | I105: 1 | J105: 1 | K105: 1 | L105: 1 | M105: 1 | N105: 1 | O105: 1 | P105: 1 | Q105: 1 | R105: 2 | S105: 2 | T105: 2 | U105: 1 | V105: 1 | W105: 1 | X105: 1 | Y105: 2 | Z105: 2 | AA105: 2 | AB105: =AB104+1 -> 102 | AE105: 101
...

Sheet CVLT Alt
F1: ALTERNATE FORM
A2: Truncated Age | C2: ='Scores Summary'!C10 -> 41
A3: Age Range for CVLT | C3: =IF(C2="","",IF(C2>90,"N/A",IF(C2>=80,"80-90",IF(C2>=70,"70-79",IF(C2>=60,"60-69",IF(C2>=45,"45-59",IF(C2>=30,"30-44",IF(C2>=20,"20-29",IF(C2>=16,"16-19","N/A"))))))))) -> 30-44
C5: Raw | D5: ss/SS | G5: T1 Correct | N5: T2 Correct | U5: T3 Correct
A6: Trial 1 Correct | C6: ='Scores Summary 3'!D16 -> 6 | D6: =VLOOKUP(C6,F6:AA23,(VLOOKUP(C3,A28:B35,2,FALSE)),FALSE) -> 10 | F6: Raw | G6: 16-19 | H6: 20-29 | I6: 30-44 | J6: 45-59 | K6: 60-69 | L6: 70-79 | M6: 80-90 | N6: 16-19 | O6: 20-29 | P6: 30-44 | Q6: 45-59 | R6: 60-69 | S6: 70-79 | T6: 80-90 | U6: 16-19 | V6: 20-29 | W6: 30-44 | X6: 45-59 | Y6: 60-69 | Z6: 70-79 | AA6: 80-90 | AB6: Raw | AC6: Trials 1-5 | AD6: Delayed | AE6: Total Rec
A7: Trial 2 Correct | C7: ='Scores Summary 3'!D17 -> 8 | D7: =VLOOKUP(C7,F6:AA23,(VLOOKUP(C3,A28:B35,2,FALSE)+7),FALSE) -> 9 | F7: 0 | G7: 1 | H7: 1 | I7: 1 | J7: 1 | K7: 1 | L7: 1 | M7: 2 | N7: 1 | O7: 1 | P7: 1 | Q7: 1 | R7: 1 | S7: 1 | T7: 1 | U7: 1 | V7: 1 | W7: 1 | X7: 1 | Y7: 1 | Z7: 1 | AA7: 1 | AB7: 4 | AD7: 45
A8: Trial 3 Correct | C8: ='Scores Summary 3'!D18 -> 12 | D8: =VLOOKUP(C8,F6:AA23,(VLOOKUP(C3,A28:B35,2,FALSE)+14),FALSE) -> 11 | F8: 1 | G8: 1 | H8: 1 | I8: 1 | J8: 2 | K8: 2 | L8: 2 | M8: 4 | N8: 1 | O8: 1 | P8: 1 | Q8: 1 | R8: 2 | S8: 2 | T8: 2 | U8: 1 | V8: 1 | W8: 1 | X8: 1 | Y8: 1 | Z8: 1 | AA8: 1 | AB8: =AB7+1 -> 5 | AC8: 45 | AD8: 47
A9: Trial 4 Correct | C9: ='Scores Summary 3'!D19 -> 11 | D9: =VLOOKUP(C9,F26:AA43,(VLOOKUP(C3,A28:B35,2,FALSE)),FALSE) -> 9 | F9: 2 | G9: 2 | H9: 2 | I9: 2 | J9: 4 | K9: 4 | L9: 4 | M9: 6 | N9: 2 | O9: 2 | P9: 2 | Q9: 2 | R9: 3 | S9: 3 | T9: 3 | U9: 1 | V9: 1 | W9: 1 | X9: 1 | Y9: 2 | Z9: 2 | AA9: 2 | AB9: =AB8+1 -> 6 | AC9: 45 | AD9: 49
A10: Trial 5 Correct | C10: ='Scores Summary 3'!D20 -> 12 | D10: =VLOOKUP(C10,F26:AA43,(VLOOKUP(C3,A28:B35,2,FALSE)+7),FALSE) -> 9 | F10: 3 | G10: 4 | H10: 4 | I10: 4 | J10: 5 | K10: 6 | L10: 6 | M10: 8 | N10: 3 | O10: 3 | P10: 3 | Q10: 3 | R10: 4 | S10: 5 | T10: 5 | U10: 2 | V10: 1 | W10: 1 | X10: 2 | Y10: 3 | Z10: 4 | AA10: 4 | AB10: =AB9+1 -> 7 | AC10: 45 | AD10: 51
A11: List B Correct | C11: ='Scores Summary 3'!D21 -> 7 | D11: =VLOOKUP(C11,F26:AA43,(VLOOKUP(C3,A28:B35,2,FALSE)+14),FALSE) -> 13 | F11: 4 | G11: 6 | H11: 6 | I11: 6 | J11: 7 | K11: 8 | L11: 8 | M11: 10 | N11: 4 | O11: 4 | P11: 4 | Q11: 4 | R11: 5 | S11: 6 | T11: 7 | U11: 3 | V11: 2 | W11: 2 | X11: 3 | Y11: 4 | Z11: 5 | AA11: 5 | AB11: =AB10+1 -> 8 | AC11: 46 | AD11: 53
A12: SD Free Recall | C12: ='Scores Summary 3'!D22 -> 7 | D12: =VLOOKUP(C12,F46:AA63,(VLOOKUP(C3,A28:B35,2,FALSE)),FALSE) -> 7 | F12: 5 | G12: 8 | H12: 8 | I12: 8 | J12: 8 | K12: 10 | L12: 10 | M12: 12 | N12: 5 | O12: 5 | P12: 5 | Q12: 5 | R12: 6 | S12: 7 | T12: 8 | U12: 4 | V12: 3 | W12: 3 | X12: 4 | Y12: 5 | Z12: 6 | AA12: 6 | AB12: =AB11+1 -> 9 | AC12: 47 | AD12: 55
A13: SD Cued Recall | C13: ='Scores Summary 3'!D23 -> 7 | D13: =VLOOKUP(C13,F46:AA63,(VLOOKUP(C3,A28:B35,2,FALSE)+7),FALSE) -> 6 | F13: 6 | G13: 10 | H13: 10 | I13: 10 | J13: 10 | K13: 11 | L13: 12 | M13: 14 | N13: 7 | O13: 6 | P13: 6 | Q13: 6 | R13: 7 | S13: 8 | T13: 10 | U13: 5 | V13: 4 | W13: 4 | X13: 5 | Y13: 6 | Z13: 7 | AA13: 8 | AB13: =AB12+1 -> 10 | AC13: 48 | AD13: 57 | AE13: 40
A14: LD Free Recall | C14: ='Scores Summary 3'!D24 -> 9 | D14: =VLOOKUP(C14,F46:AA63,(VLOOKUP(C3,A28:B35,2,FALSE)+14),FALSE) -> 8 | F14: 7 | G14: 11 | H14: 11 | I14: 11 | J14: 11 | K14: 13 | L14: 14 | M14: 15 | N14: 8 | O14: 8 | P14: 8 | Q14: 8 | R14: 9 | S14: 10 | T14: 11 | U14: 6 | V14: 5 | W14: 5 | X14: 6 | Y14: 7 | Z14: 8 | AA14: 10 | AB14: =AB13+1 -> 11 | AC14: 50 | AD14: 58 | AE14: 40
A15: LD Cued Recall | C15: ='Scores Summary 3'!D25 -> 9 | D15: =VLOOKUP(C15,F66:T83,(VLOOKUP(C3,A28:B35,2,FALSE)),FALSE) -> 7 | F15: 8 | G15: 13 | H15: 13 | I15: 13 | J15: 13 | K15: 14 | L15: 15 | M15: 16 | N15: 9 | O15: 9 | P15: 9 | Q15: 9 | R15: 10 | S15: 11 | T15: 13 | U15: 7 | V15: 7 | W15: 7 | X15: 7 | Y15: 9 | Z15: 10 | AA15: 11 | AB15: =AB14+1 -> 12 | AC15: 51 | AD15: 59 | AE15: 40
A16: Trials 1-5 Intrusions | C16: ='Scores Summary 3'!D26 -> 4 | D16: =IF(C16>36,1,VLOOKUP(C16,F86:AA123,(VLOOKUP(C3,A28:B35,2,FALSE)),FALSE)) -> 6 | F16: 9 | G16: 15 | H16: 14 | I16: 14 | J16: 14 | K16: 15 | L16: 16 | M16: 17 | N16: 10 | O16: 10 | P16: 10 | Q16: 10 | R16: 11 | S16: 12 | T16: 14 | U16: 8 | V16: 8 | W16: 8 | X16: 8 | Y16: 10 | Z16: 11 | AA16: 12 | AB16: =AB15+1 -> 13 | AC16: 52 | AD16: 61 | AE16: 40
A17: Free Recall Intrus. | C17: ='Scores Summary 3'!D27 -> 3 | D17: =IF(C17>26,1,VLOOKUP(C17,F86:AA123,(VLOOKUP(C3,A28:B35,2,FALSE)+7),FALSE)) -> 9 | F17: 10 | G17: 17 | H17: 15 | I17: 15 | J17: 15 | K17: 16 | L17: 17 | M17: 18 | N17: 12 | O17: 11 | P17: 11 | Q17: 11 | R17: 12 | S17: 14 | T17: 15 | U17: 9 | V17: 9 | W17: 9 | X17: 10 | Y17: 11 | Z17: 12 | AA17: 13 | AB17: =AB16+1 -> 14 | AC17: 54 | AD17: 63 | AE17: 40
A18: Cued Recall Intrus. | C18: ='Scores Summary 3'!D28 -> 5 | D18: =IF(C18>36,1,VLOOKUP(C18,F86:AA123,(VLOOKUP(C3,A28:B35,2,FALSE)+14),FALSE)) -> 6 | F18: 11 | G18: 18 | H18: 17 | I18: 16 | J18: 16 | K18: 17 | L18: 18 | M18: 19 | N18: 13 | O18: 12 | P18: 12 | Q18: 12 | R18: 13 | S18: 15 | T18: 16 | U18: 10 | V18: 10 | W18: 10 | X18: 11 | Y18: 12 | Z18: 13 | AA18: 14 | AB18: =AB17+1 -> 15 | AC18: 55 | AD18: 65 | AE18: 40
A19: Total Intrusions | C19: ='Scores Summary 3'!D29 -> 8 | D19: =IF(C19>37,1,VLOOKUP(C19,F126:AA164,(VLOOKUP(C3,A28:B35,2,FALSE)),FALSE)) -> 7 | F19: 12 | G19: 19 | H19: 18 | I19: 17 | J19: 17 | K19: 18 | L19: 19 | M19: 19 | N19: 14 | O19: 13 | P19: 13 | Q19: 13 | R19: 15 | S19: 16 | T19: 18 | U19: 11 | V19: 11 | W19: 11 | X19: 12 | Y19: 13 | Z19: 14 | AA19: 15 | AB19: =AB18+1 -> 16 | AC19: 57 | AD19: 67 | AE19: 40
A20: Total Repetitions | C20: ='Scores Summary 3'!D30 -> 9 | D20: =IF(C20>37,1,VLOOKUP(C20,F126:AA164,(VLOOKUP(C3,A28:B35,2,FALSE)+7),FALSE)) -> 8 | F20: 13 | G20: 19 | H20: 19 | I20: 18 | J20: 18 | K20: 19 | L20: 19 | M20: 19 | N20: 15 | O20: 15 | P20: 15 | Q20: 15 | R20: 16 | S20: 18 | T20: 19 | U20: 13 | V20: 12 | W20: 12 | X20: 13 | Y20: 14 | Z20: 15 | AA20: 16 | AB20: =AB19+1 -> 17 | AC20: 58 | AD20: 68 | AE20: 41
A21: Y/N Recog. Hits | C21: ='Scores Summary 3'!D31 -> 12 | D21: =VLOOKUP(C21,F66:T83,(VLOOKUP(C3,A28:B35,2,FALSE)+7),FALSE) -> 5 | F21: 14 | G21: 19 | H21: 19 | I21: 19 | J21: 19 | K21: 19 | L21: 19 | M21: 19 | N21: 16 | O21: 16 | P21: 16 | Q21: 16 | R21: 18 | S21: 19 | T21: 19 | U21: 15 | V21: 13 | W21: 13 | X21: 14 | Y21: 15 | Z21: 16 | AA21: 17 | AB21: =AB20+1 -> 18 | AC21: 60 | AD21: 69 | AE21: 42
A22: Y/N Recog. FPs | C22: ='Scores Summary 3'!D32 -> 2 | D22: =IF(C22>37,1,VLOOKUP(C22,F126:AA164,(VLOOKUP(C3,A28:B35,2,FALSE)+14),FALSE)) -> 9 | F22: 15 | G22: 19 | H22: 19 | I22: 19 | J22: 19 | K22: 19 | L22: 19 | M22: 19 | N22: 18 | O22: 18 | P22: 18 | Q22: 18 | R22: 19 | S22: 19 | T22: 19 | U22: 16 | V22: 15 | W22: 15 | X22: 15 | Y22: 16 | Z22: 17 | AA22: 18 | AB22: =AB21+1 -> 19 | AC22: 61 | AD22: 71 | AE22: 43
A23: Y/N Recog Discrim NP | C23: =ROUND('Scores Summary 3'!D33,0) -> 88 | D23: =IF(C23<44,1,VLOOKUP(C23,F167:M224,(VLOOKUP(C3,A28:B35,2,FALSE)),FALSE)) -> 8 | F23: 16 | G23: 19 | H23: 19 | I23: 19 | J23: 19 | K23: 19 | L23: 19 | M23: 19 | N23: 19 | O23: 19 | P23: 19 | Q23: 19 | R23: 19 | S23: 19 | T23: 19 | U23: 17 | V23: 16 | W23: 16 | X23: 16 | Y23: 17 | Z23: 18 | AA23: 19 | AB23: =AB22+1 -> 20 | AC23: 63 | AD23: 72 | AE23: 44
A24: Trials 1-5 Correct | C24: ='Scores Summary 3'!D37 -> 48 | D24: =VLOOKUP(C24,AB6:AE193,2,FALSE) -> 98 | AB24: =AB23+1 -> 21 | AC24: 64 | AD24: 74 | AE24: 45
A25: Delayed Recall Correct | C25: ='Scores Summary 3'!D38 -> 28 | D25: =VLOOKUP(C25,AB6:AE193,3,FALSE) -> 84 | G25: T4 Correct | N25: T5 Correct | U25: List B Correct | AB25: =AB24+1 -> 22 | AC25: 66 | AD25: 75 | AE25: 45
A26: Total Recall Correct | C26: ='Scores Summary 3'!D39 -> 89 | D26: =VLOOKUP(C26,AB6:AE193,4,FALSE) -> 94 | F26: Raw | G26: 16-19 | H26: 20-29 | I26: 30-44 | J26: 45-59 | K26: 60-69 | L26: 70-79 | M26: 80-90 | N26: 16-19 | O26: 20-29 | P26: 30-44 | Q26: 45-59 | R26: 60-69 | S26: 70-79 | T26: 80-90 | U26: 16-19 | V26: 20-29 | W26: 30-44 | X26: 45-59 | Y26: 60-69 | Z26: 70-79 | AA26: 80-90 | AB26: =AB25+1 -> 23 | AC26: 67 | AD26: 77 | AE26: 46
F27: 0 | G27: 1 | H27: 1 | I27: 1 | J27: 1 | K27: 1 | L27: 1 | M27: 1 | N27: 1 | O27: 1 | P27: 1 | Q27: 1 | R27: 1 | S27: 1 | T27: 1 | U27: 1 | V27: 1 | W27: 1 | X27: 1 | Y27: 3 | Z27: 3 | AA27: 3 | AB27: =AB26+1 -> 24 | AC27: 69 | AD27: 79 | AE27: 47
A28: Age | B28: Column | F28: 1 | G28: 1 | H28: 1 | I28: 1 | J28: 1 | K28: 1 | L28: 1 | M28: 2 | N28: 1 | O28: 1 | P28: 1 | Q28: 1 | R28: 1 | S28: 1 | T28: 2 | U28: 2 | V28: 2 | W28: 2 | X28: 2 | Y28: 5 | Z28: 5 | AA28: 5 | AB28: =AB27+1 -> 25 | AC28: 70 | AD28: 80 | AE28: 48
A29: 16-19 | B29: 2 | F29: 2 | G29: 1 | H29: 1 | I29: 1 | J29: 1 | K29: 1 | L29: 2 | M29: 3 | N29: 1 | O29: 1 | P29: 1 | Q29: 1 | R29: 1 | S29: 2 | T29: 3 | U29: 4 | V29: 4 | W29: 4 | X29: 4 | Y29: 6 | Z29: 6 | AA29: 7 | AB29: =AB28+1 -> 26 | AC29: 71 | AD29: 81 | AE29: 49
A30: 20-29 | B30: 3 | F30: 3 | G30: 1 | H30: 1 | I30: 1 | J30: 1 | K30: 2 | L30: 3 | M30: 4 | N30: 1 | O30: 1 | P30: 1 | Q30: 1 | R30: 2 | S30: 3 | T30: 4 | U30: 6 | V30: 6 | W30: 6 | X30: 6 | Y30: 7 | Z30: 7 | AA30: 9 | AB30: =AB29+1 -> 27 | AC30: 72 | AD30: 83 | AE30: 50
A31: 30-44 | B31: 4 | F31: 4 | G31: 2 | H31: 2 | I31: 2 | J31: 2 | K31: 3 | L31: 4 | M31: 5 | N31: 1 | O31: 1 | P31: 1 | Q31: 2 | R31: 3 | S31: 4 | T31: 5 | U31: 7 | V31: 7 | W31: 8 | X31: 8 | Y31: 9 | Z31: 9 | AA31: 11 | AB31: =AB30+1 -> 28 | AC31: 73 | AD31: 84 | AE31: 50
A32: 45-59 | B32: 5 | F32: 5 | G32: 3 | H32: 3 | I32: 3 | J32: 3 | K32: 4 | L32: 5 | M32: 6 | N32: 2 | O32: 2 | P32: 2 | Q32: 3 | R32: 4 | S32: 5 | T32: 6 | U32: 9 | V32: 9 | W32: 10 | X32: 10 | Y32: 11 | Z32: 11 | AA32: 13 | AB32: =AB31+1 -> 29 | AC32: 75 | AD32: 86 | AE32: 51
A33: 60-69 | B33: 6 | F33: 6 | G33: 4 | H33: 4 | I33: 4 | J33: 4 | K33: 5 | L33: 6 | M33: 7 | N33: 3 | O33: 3 | P33: 3 | Q33: 4 | R33: 5 | S33: 6 | T33: 7 | U33: 11 | V33: 10 | W33: 11 | X33: 11 | Y33: 13 | Z33: 13 | AA33: 14 | AB33: =AB32+1 -> 30 | AC33: 76 | AD33: 87 | AE33: 52
A34: 70-79 | B34: 7 | F34: 7 | G34: 5 | H34: 5 | I34: 5 | J34: 5 | K34: 6 | L34: 7 | M34: 8 | N34: 4 | O34: 4 | P34: 4 | Q34: 5 | R34: 6 | S34: 7 | T34: 8 | U34: 13 | V34: 11 | W34: 13 | X34: 13 | Y34: 14 | Z34: 14 | AA34: 16 | AB34: =AB33+1 -> 31 | AC34: 77 | AD34: 89 | AE34: 53
A35: 80-90 | B35: 8 | F35: 8 | G35: 6 | H35: 6 | I35: 6 | J35: 6 | K35: 7 | L35: 8 | M35: 9 | N35: 5 | O35: 5 | P35: 5 | Q35: 6 | R35: 7 | S35: 8 | T35: 9 | U35: 14 | V35: 13 | W35: 14 | X35: 14 | Y35: 16 | Z35: 16 | AA35: 17 | AB35: =AB34+1 -> 32 | AC35: 79 | AD35: 90 | AE35: 53
F36: 9 | G36: 7 | H36: 7 | I36: 7 | J36: 7 | K36: 8 | L36: 9 | M36: 10 | N36: 6 | O36: 6 | P36: 6 | Q36: 7 | R36: 8 | S36: 9 | T36: 10 | U36: 15 | V36: 14 | W36: 15 | X36: 16 | Y36: 17 | Z36: 17 | AA36: 18 | AB36: =AB35+1 -> 33 | AC36: 80 | AD36: 92 | AE36: 54
F37: 10 | G37: 8 | H37: 8 | I37: 8 | J37: 8 | K37: 10 | L37: 10 | M37: 12 | N37: 7 | O37: 7 | P37: 7 | Q37: 8 | R37: 9 | S37: 10 | T37: 11 | U37: 16 | V37: 15 | W37: 16 | X37: 17 | Y37: 18 | Z37: 18 | AA37: 19 | AB37: =AB36+1 -> 34 | AC37: 81 | AD37: 93 | AE37: 55
F38: 11 | G38: 9 | H38: 9 | I38: 9 | J38: 10 | K38: 11 | L38: 12 | M38: 13 | N38: 8 | O38: 8 | P38: 8 | Q38: 9 | R38: 10 | S38: 11 | T38: 12 | U38: 17 | V38: 16 | W38: 17 | X38: 18 | Y38: 19 | Z38: 19 | AA38: 19 | AB38: =AB37+1 -> 35 | AC38: 82 | AD38: 94 | AE38: 56
F39: 12 | G39: 10 | H39: 10 | I39: 10 | J39: 11 | K39: 12 | L39: 13 | M39: 14 | N39: 9 | O39: 9 | P39: 9 | Q39: 10 | R39: 11 | S39: 12 | T39: 13 | U39: 18 | V39: 17 | W39: 18 | X39: 19 | Y39: 19 | Z39: 19 | AA39: 19 | AB39: =AB38+1 -> 36 | AC39: 83 | AD39: 96 | AE39: 56
F40: 13 | G40: 12 | H40: 11 | I40: 11 | J40: 12 | K40: 13 | L40: 14 | M40: 15 | N40: 10 | O40: 10 | P40: 10 | Q40: 11 | R40: 12 | S40: 13 | T40: 14 | U40: 19 | V40: 18 | W40: 19 | X40: 19 | Y40: 19 | Z40: 19 | AA40: 19 | AB40: =AB39+1 -> 37 | AC40: 85 | AD40: 97 | AE40: 57
F41: 14 | G41: 13 | H41: 13 | I41: 12 | J41: 13 | K41: 14 | L41: 15 | M41: 16 | N41: 12 | O41: 12 | P41: 12 | Q41: 12 | R41: 13 | S41: 14 | T41: 15 | U41: 19 | V41: 19 | W41: 19 | X41: 19 | Y41: 19 | Z41: 19 | AA41: 19 | AB41: =AB40+1 -> 38 | AC41: 86 | AD41: 98 | AE41: 58
F42: 15 | G42: 15 | H42: 14 | I42: 14 | J42: 14 | K42: 15 | L42: 16 | M42: 17 | N42: 14 | O42: 13 | P42: 13 | Q42: 13 | R42: 15 | S42: 15 | T42: 16 | U42: 19 | V42: 19 | W42: 19 | X42: 19 | Y42: 19 | Z42: 19 | AA42: 19 | AB42: =AB41+1 -> 39 | AC42: 87 | AD42: 99 | AE42: 59
F43: 16 | G43: 17 | H43: 16 | I43: 16 | J43: 16 | K43: 16 | L43: 17 | M43: 19 | N43: 16 | O43: 15 | P43: 15 | Q43: 15 | R43: 16 | S43: 16 | T43: 17 | U43: 19 | V43: 19 | W43: 19 | X43: 19 | Y43: 19 | Z43: 19 | AA43: 19 | AB43: =AB42+1 -> 40 | AC43: 89 | AD43: 100 | AE43: 60
AB44: =AB43+1 -> 41 | AC44: 90 | AD44: 102 | AE44: 60
G45: SDFR Correct | N45: SDCR Correct | U45: LDFR Correct | AB45: =AB44+1 -> 42 | AC45: 91 | AD45: 103 | AE45: 61
F46: Raw | G46: 16-19 | H46: 20-29 | I46: 30-44 | J46: 45-59 | K46: 60-69 | L46: 70-79 | M46: 80-90 | N46: 16-19 | O46: 20-29 | P46: 30-44 | Q46: 45-59 | R46: 60-69 | S46: 70-79 | T46: 80-90 | U46: 16-19 | V46: 20-29 | W46: 30-44 | X46: 45-59 | Y46: 60-69 | Z46: 70-79 | AA46: 80-90 | AB46: =AB45+1 -> 43 | AC46: 92 | AD46: 104 | AE46: 62
F47: 0 | G47: 1 | H47: 1 | I47: 1 | J47: 1 | K47: 2 | L47: 2 | M47: 3 | N47: 1 | O47: 1 | P47: 1 | Q47: 1 | R47: 1 | S47: 1 | T47: 2 | U47: 1 | V47: 1 | W47: 1 | X47: 1 | Y47: 2 | Z47: 2 | AA47: 3 | AB47: =AB46+1 -> 44 | AC47: 93 | AD47: 105 | AE47: 63
F48: 1 | G48: 1 | H48: 1 | I48: 1 | J48: 2 | K48: 3 | L48: 3 | M48: 4 | N48: 1 | O48: 1 | P48: 1 | Q48: 1 | R48: 1 | S48: 2 | T48: 3 | U48: 1 | V48: 1 | W48: 1 | X48: 2 | Y48: 3 | Z48: 3 | AA48: 4 | AB48: =AB47+1 -> 45 | AC48: 94 | AD48: 106 | AE48: 64
F49: 2 | G49: 2 | H49: 2 | I49: 2 | J49: 3 | K49: 4 | L49: 4 | M49: 5 | N49: 1 | O49: 1 | P49: 1 | Q49: 1 | R49: 2 | S49: 3 | T49: 4 | U49: 2 | V49: 2 | W49: 2 | X49: 3 | Y49: 4 | Z49: 4 | AA49: 5 | AB49: =AB48+1 -> 46 | AC49: 95 | AD49: 108 | AE49: 65
F50: 3 | G50: 3 | H50: 3 | I50: 3 | J50: 4 | K50: 5 | L50: 5 | M50: 6 | N50: 2 | O50: 2 | P50: 2 | Q50: 2 | R50: 3 | S50: 3 | T50: 4 | U50: 3 | V50: 3 | W50: 3 | X50: 4 | Y50: 5 | Z50: 5 | AA50: 6 | AB50: =AB49+1 -> 47 | AC50: 96 | AD50: 109 | AE50: 66
F51: 4 | G51: 4 | H51: 4 | I51: 4 | J51: 5 | K51: 6 | L51: 6 | M51: 7 | N51: 3 | O51: 3 | P51: 3 | Q51: 3 | R51: 4 | S51: 4 | T51: 5 | U51: 4 | V51: 4 | W51: 4 | X51: 5 | Y51: 6 | Z51: 6 | AA51: 7 | AB51: =AB50+1 -> 48 | AC51: 98 | AD51: 110 | AE51: 66
F52: 5 | G52: 5 | H52: 5 | I52: 5 | J52: 5 | K52: 6 | L52: 7 | M52: 8 | N52: 4 | O52: 4 | P52: 4 | Q52: 4 | R52: 5 | S52: 5 | T52: 6 | U52: 5 | V52: 5 | W52: 5 | X52: 5 | Y52: 6 | Z52: 7 | AA52: 8 | AB52: =AB51+1 -> 49 | AC52: 99 | AD52: 111 | AE52: 67
F53: 6 | G53: 5 | H53: 5 | I53: 6 | J53: 6 | K53: 7 | L53: 8 | M53: 9 | N53: 5 | O53: 5 | P53: 5 | Q53: 5 | R53: 6 | S53: 6 | T53: 7 | U53: 5 | V53: 5 | W53: 5 | X53: 6 | Y53: 7 | Z53: 7 | AA53: 8 | AB53: =AB52+1 -> 50 | AC53: 100 | AD53: 113 | AE53: 68
F54: 7 | G54: 6 | H54: 6 | I54: 7 | J54: 7 | K54: 8 | L54: 9 | M54: 10 | N54: 6 | O54: 6 | P54: 6 | Q54: 6 | R54: 6 | S54: 7 | T54: 8 | U54: 6 | V54: 6 | W54: 6 | X54: 7 | Y54: 7 | Z54: 8 | AA54: 9 | AB54: =AB53+1 -> 51 | AC54: 101 | AD54: 114 | AE54: 69
F55: 8 | G55: 7 | H55: 7 | I55: 7 | J55: 8 | K55: 9 | L55: 10 | M55: 11 | N55: 7 | O55: 7 | P55: 7 | Q55: 7 | R55: 7 | S55: 8 | T55: 9 | U55: 7 | V55: 7 | W55: 7 | X55: 8 | Y55: 8 | Z55: 9 | AA55: 10 | AB55: =AB54+1 -> 52 | AC55: 102 | AD55: 115 | AE55: 70
F56: 9 | G56: 8 | H56: 8 | I56: 8 | J56: 9 | K56: 10 | L56: 11 | M56: 12 | N56: 7 | O56: 7 | P56: 7 | Q56: 7 | R56: 8 | S56: 9 | T56: 10 | U56: 7 | V56: 7 | W56: 8 | X56: 8 | Y56: 9 | Z56: 10 | AA56: 11 | AB56: =AB55+1 -> 53 | AC56: 103 | AD56: 117 | AE56: 70
F57: 10 | G57: 9 | H57: 9 | I57: 9 | J57: 10 | K57: 11 | L57: 12 | M57: 13 | N57: 8 | O57: 8 | P57: 8 | Q57: 8 | R57: 9 | S57: 10 | T57: 11 | U57: 8 | V57: 8 | W57: 9 | X57: 9 | Y57: 10 | Z57: 11 | AA57: 12 | AB57: =AB56+1 -> 54 | AC57: 104 | AD57: 118 | AE57: 71
F58: 11 | G58: 10 | H58: 10 | I58: 10 | J58: 11 | K58: 12 | L58: 13 | M58: 14 | N58: 9 | O58: 9 | P58: 9 | Q58: 9 | R58: 10 | S58: 11 | T58: 12 | U58: 9 | V58: 9 | W58: 10 | X58: 10 | Y58: 11 | Z58: 12 | AA58: 13 | AB58: =AB57+1 -> 55 | AC58: 105 | AD58: 120 | AE58: 72
... F63: 16 | G63: 16 | H63: 16 | I63: 16 | J63: 16 | K63: 17 | L63: 17 | M63: 18 | N63: 18 | O63: 16 | P63: 16 | Q63: 16 | R63: 18 | S63: 18 | T63: 19 | U63: 15 | V63: 15 | W63: 16 | X63: 16 | Y63: 16 | Z63: 16 | AA63: 17 | AB63: =AB62+1 -> 60 | AC63: 111 | AD63: 127 | AE63: 75
AB64: =AB63+1 -> 61 | AC64: 113 | AD64: 129 | AE64: 76
G65: LDCR Correct | N65: Hits | AB65: =AB64+1 -> 62 | AC65: 114 | AD65: 130 | AE65: 76
F66: Raw | G66: 16-19 | H66: 20-29 | I66: 30-44 | J66: 45-59 | K66: 60-69 | L66: 70-79 | M66: 80-90 | N66: 16-19 | O66: 20-29 | P66: 30-44 | Q66: 45-59 | R66: 60-69 | S66: 70-79 | T66: 80-90 | AB66: =AB65+1 -> 63 | AC66: 115 | AD66: 132 | AE66: 77
F67: 0 | G67: 1 | H67: 1 | I67: 1 | J67: 1 | K67: 1 | L67: 1 | M67: 2 | N67: 1 | O67: 1 | P67: 1 | Q67: 1 | R67: 1 | S67: 1 | T67: 1 | AB67: =AB66+1 -> 64 | AC67: 117 | AD67: 133 | AE67: 78
F68: 1 | G68: 1 | H68: 1 | I68: 1 | J68: 1 | K68: 1 | L68: 2 | M68: 3 | N68: 1 | O68: 1 | P68: 1 | Q68: 1 | R68: 1 | S68: 1 | T68: 1 | AB68: =AB67+1 -> 65 | AC68: 118 | AD68: 135 | AE68: 78
F69: 2 | G69: 1 | H69: 1 | I69: 1 | J69: 1 | K69: 2 | L69: 3 | M69: 4 | N69: 1 | O69: 1 | P69: 1 | Q69: 1 | R69: 1 | S69: 1 | T69: 1 | AB69: =AB68+1 -> 66 | AC69: 119 | AD69: 136 | AE69: 79
F70: 3 | G70: 2 | H70: 2 | I70: 2 | J70: 2 | K70: 3 | L70: 3 | M70: 4 | N70: 1 | O70: 1 | P70: 1 | Q70: 1 | R70: 1 | S70: 1 | T70: 2 | AB70: =AB69+1 -> 67 | AC70: 120 | AD70: 138 | AE70: 80
F71: 4 | G71: 3 | H71: 3 | I71: 3 | J71: 3 | K71: 4 | L71: 4 | M71: 5 | N71: 1 | O71: 1 | P71: 1 | Q71: 1 | R71: 1 | S71: 2 | T71: 3 | AB71: =AB70+1 -> 68 | AC71: 122 | AD71: 139 | AE71: 81
F72: 5 | G72: 4 | H72: 4 | I72: 4 | J72: 4 | K72: 5 | L72: 5 | M72: 6 | N72: 1 | O72: 1 | P72: 1 | Q72: 1 | R72: 2 | S72: 3 | T72: 3 | AB72: =AB71+1 -> 69 | AC72: 123 | AD72: 141 | AE72: 81
F73: 6 | G73: 4 | H73: 4 | I73: 5 | J73: 5 | K73: 6 | L73: 6 | M73: 7 | N73: 1 | O73: 1 | P73: 1 | Q73: 2 | R73: 3 | S73: 3 | T73: 4 | AB73: =AB72+1 -> 70 | AC73: 124 | AD73: 142 | AE73: 82
F74: 7 | G74: 5 | H74: 5 | I74: 6 | J74: 6 | K74: 6 | L74: 7 | M74: 8 | N74: 2 | O74: 2 | P74: 2 | Q74: 3 | R74: 3 | S74: 4 | T74: 4 | AB74: =AB73+1 -> 71 | AC74: 126 | AD74: 144 | AE74: 82
F75: 8 | G75: 6 | H75: 6 | I75: 7 | J75: 7 | K75: 7 | L75: 8 | M75: 9 | N75: 3 | O75: 3 | P75: 3 | Q75: 3 | R75: 4 | S75: 4 | T75: 5 | AB75: =AB74+1 -> 72 | AC75: 127 | AD75: 146 | AE75: 83
F76: 9 | G76: 7 | H76: 7 | I76: 7 | J76: 7 | K76: 8 | L76: 9 | M76: 10 | N76: 3 | O76: 3 | P76: 3 | Q76: 4 | R76: 4 | S76: 5 | T76: 5 | AB76: =AB75+1 -> 73 | AC76: 128 | AD76: 148 | AE76: 84
F77: 10 | G77: 8 | H77: 7 | I77: 8 | J77: 8 | K77: 9 | L77: 10 | M77: 11 | N77: 4 | O77: 4 | P77: 4 | Q77: 4 | R77: 5 | S77: 5 | T77: 6 | AB77: =AB76+1 -> 74 | AC77: 129 | AD77: 150 | AE77: 84
F78: 11 | G78: 9 | H78: 8 | I78: 9 | J78: 9 | K78: 10 | L78: 11 | M78: 12 | N78: 4 | O78: 4 | P78: 4 | Q78: 5 | R78: 5 | S78: 6 | T78: 7 | AB78: =AB77+1 -> 75 | AC78: 130 | AD78: 152 | AE78: 85
F79: 12 | G79: 10 | H79: 9 | I79: 10 | J79: 10 | K79: 11 | L79: 12 | M79: 13 | N79: 5 | O79: 5 | P79: 5 | Q79: 5 | R79: 6 | S79: 7 | T79: 8 | AB79: =AB78+1 -> 76 | AC79: 131 | AD79: 155 | AE79: 86
F80: 13 | G80: 11 | H80: 10 | I80: 11 | J80: 11 | K80: 12 | L80: 13 | M80: 14 | N80: 6 | O80: 6 | P80: 6 | Q80: 6 | R80: 7 | S80: 8 | T80: 9 | AB80: =AB79+1 -> 77 | AC80: 132 | AE80: 87
F81: 14 | G81: 13 | H81: 12 | I81: 12 | J81: 12 | K81: 13 | L81: 14 | M81: 15 | N81: 7 | O81: 7 | P81: 7 | Q81: 7 | R81: 8 | S81: 10 | T81: 10 | AB81: =AB80+1 -> 78 | AC81: 133 | AE81: 87
F82: 15 | G82: 15 | H82: 13 | I82: 13 | J82: 13 | K82: 15 | L82: 15 | M82: 17 | N82: 9 | O82: 9 | P82: 9 | Q82: 10 | R82: 10 | S82: 12 | T82: 12 | AB82: =AB81+1 -> 79 | AC82: 135 | AE82: 88
F83: 16 | G83: 17 | H83: 15 | I83: 15 | J83: 15 | K83: 17 | L83: 17 | M83: 19 | N83: 13 | O83: 13 | P83: 13 | Q83: 13 | R83: 14 | S83: 14 | T83: 14 | AB83: =AB82+1 -> 80 | AC83: 136 | AE83: 88
AB84: =AB83+1 -> 81 | AC84: 137 | AE84: 89
G85: T1-5 Int | N85: Free Recall Int | U85: Cued Recall Int | AB85: =AB84+1 -> 82 | AC85: 139 | AE85: 90
F86: Raw | G86: 16-19 | H86: 20-29 | I86: 30-44 | J86: 45-59 | K86: 60-69 | L86: 70-79 | M86: 80-90 | N86: 16-19 | O86: 20-29 | P86: 30-44 | Q86: 45-59 | R86: 60-69 | S86: 70-79 | T86: 80-90 | U86: 16-19 | V86: 20-29 | W86: 30-44 | X86: 45-59 | Y86: 60-69 | Z86: 70-79 | AA86: 80-90 | AB86: =AB85+1 -> 83 | AC86: 140 | AE86: 90
F87: 0 | G87: 12 | H87: 12 | I87: 13 | J87: 13 | K87: 13 | L87: 13 | M87: 13 | N87: 13 | O87: 13 | P87: 13 | Q87: 13 | R87: 13 | S87: 14 | T87: 14 | U87: 13 | V87: 13 | W87: 13 | X87: 13 | Y87: 13 | Z87: 13 | AA87: 14 | AB87: =AB86+1 -> 84 | AC87: 142 | AE87: 91
F88: 1 | G88: 10 | H88: 10 | I88: 10 | J88: 10 | K88: 10 | L88: 10 | M88: 10 | N88: 12 | O88: 12 | P88: 12 | Q88: 12 | R88: 12 | S88: 12 | T88: 12 | U88: 1 | V88: 10 | W88: 10 | X88: 10 | Y88: 10 | Z88: 10 | AA88: 12 | AB88: =AB87+1 -> 85 | AC88: 143 | AE88: 91
F89: 2 | G89: 7 | H89: 8 | I89: 8 | J89: 8 | K89: 9 | L89: 8 | M89: 8 | N89: 10 | O89: 10 | P89: 10 | Q89: 10 | R89: 10 | S89: 10 | T89: 10 | U89: 7 | V89: 8 | W89: 8 | X89: 9 | Y89: 9 | Z89: 9 | AA89: 10 | AB89: =AB88+1 -> 86 | AC89: 144 | AE89: 92
F90: 3 | G90: 6 | H90: 7 | I90: 7 | J90: 7 | K90: 8 | L90: 7 | M90: 7 | N90: 8 | O90: 8 | P90: 9 | Q90: 9 | R90: 9 | S90: 9 | T90: 9 | U90: 6 | V90: 7 | W90: 7 | X90: 8 | Y90: 8 | Z90: 8 | AA90: 9 | AB90: =AB89+1 -> 87 | AC90: 146 | AE90: 92
F91: 4 | G91: 5 | H91: 6 | I91: 6 | J91: 6 | K91: 7 | L91: 6 | M91: 6 | N91: 7 | O91: 7 | P91: 8 | Q91: 8 | R91: 8 | S91: 8 | T91: 8 | U91: 6 | V91: 6 | W91: 7 | X91: 7 | Y91: 7 | Z91: 8 | AA91: 8 | AB91: =AB90+1 -> 88 | AC91: 147 | AE91: 93
F92: 5 | G92: 4 | H92: 5 | I92: 5 | J92: 5 | K92: 6 | L92: 5 | M92: 5 | N92: 6 | O92: 6 | P92: 7 | Q92: 7 | R92: 7 | S92: 8 | T92: 8 | U92: 5 | V92: 6 | W92: 6 | X92: 7 | Y92: 7 | Z92: 7 | AA92: 8 | AB92: =AB91+1 -> 89 | AC92: 148 | AE92: 94
F93: 6 | G93: 4 | H93: 4 | I93: 4 | J93: 4 | K93: 5 | L93: 5 | M93: 5 | N93: 5 | O93: 6 | P93: 6 | Q93: 7 | R93: 7 | S93: 7 | T93: 7 | U93: 5 | V93: 5 | W93: 6 | X93: 6 | Y93: 6 | Z93: 7 | AA93: 7 | AB93: =AB92+1 -> 90 | AC93: 150 | AE93: 94
F94: 7 | G94: 3 | H94: 4 | I94: 4 | J94: 4 | K94: 4 | L94: 4 | M94: 4 | N94: 5 | O94: 5 | P94: 6 | Q94: 6 | R94: 6 | S94: 6 | T94: 7 | U94: 4 | V94: 5 | W94: 5 | X94: 6 | Y94: 6 | Z94: 6 | AA94: 7 | AB94: =AB93+1 -> 91 | AC94: 151 | AE94: 95
F95: 8 | G95: 3 | H95: 3 | I95: 3 | J95: 3 | K95: 4 | L95: 4 | M95: 4 | N95: 4 | O95: 5 | P95: 5 | Q95: 5 | R95: 6 | S95: 6 | T95: 6 | U95: 4 | V95: 4 | W95: 5 | X95: 5 | Y95: 6 | Z95: 6 | AA95: 6 | AB95: =AB94+1 -> 92 | AC95: 152 | AE95: 95
F96: 9 | G96: 2 | H96: 3 | I96: 3 | J96: 3 | K96: 3 | L96: 3 | M96: 3 | N96: 4 | O96: 4 | P96: 5 | Q96: 5 | R96: 5 | S96: 5 | T96: 6 | U96: 3 | V96: 4 | W96: 4 | X96: 5 | Y96: 5 | Z96: 6 | AA96: 6 | AB96: =AB95+1 -> 93 | AC96: 154 | AE96: 96
F97: 10 | G97: 2 | H97: 2 | I97: 2 | J97: 2 | K97: 3 | L97: 3 | M97: 3 | N97: 4 | O97: 4 | P97: 4 | Q97: 4 | R97: 5 | S97: 5 | T97: 5 | U97: 3 | V97: 4 | W97: 4 | X97: 4 | Y97: 5 | Z97: 5 | AA97: 6 | AB97: =AB96+1 -> 94 | AC97: 155 | AE97: 96
F98: 11 | G98: 1 | H98: 2 | I98: 2 | J98: 2 | K98: 2 | L98: 2 | M98: 2 | N98: 3 | O98: 4 | P98: 4 | Q98: 4 | R98: 4 | S98: 4 | T98: 5 | U98: 2 | V98: 3 | W98: 4 | X98: 4 | Y98: 4 | Z98: 5 | AA98: 5 | AB98: =AB97+1 -> 95 | AC98: 155 | AE98: 97
F99: 12 | G99: 1 | H99: 1 | I99: 1 | J99: 1 | K99: 2 | L99: 2 | M99: 2 | N99: 3 | O99: 3 | P99: 3 | Q99: 4 | R99: 4 | S99: 4 | T99: 4 | U99: 2 | V99: 3 | W99: 3 | X99: 4 | Y99: 4 | Z99: 4 | AA99: 5 | AB99: =AB98+1 -> 96 | AE99: 98
F100: 13 | G100: 1 | H100: 1 | I100: 1 | J100: 1 | K100: 1 | L100: 1 | M100: 1 | N100: 2 | O100: 3 | P100: 3 | Q100: 3 | R100: 4 | S100: 4 | T100: 4 | U100: 2 | V100: 2 | W100: 3 | X100: 3 | Y100: 4 | Z100: 4 | AA100: 4 | AB100: =AB99+1 -> 97 | AE100: 98
F101: 14 | G101: 1 | H101: 1 | I101: 1 | J101: 1 | K101: 1 | L101: 1 | M101: 1 | N101: 2 | O101: 2 | P101: 2 | Q101: 3 | R101: 3 | S101: 3 | T101: 4 | U101: 1 | V101: 2 | W101: 2 | X101: 3 | Y101: 3 | Z101: 4 | AA101: 4 | AB101: =AB100+1 -> 98 | AE101: 99
F102: 15 | G102: 1 | H102: 1 | I102: 1 | J102: 1 | K102: 1 | L102: 1 | M102: 1 | N102: 2 | O102: 2 | P102: 2 | Q102: 2 | R102: 3 | S102: 3 | T102: 3 | U102: 1 | V102: 2 | W102: 2 | X102: 2 | Y102: 3 | Z102: 3 | AA102: 4 | AB102: =AB101+1 -> 99 | AE102: 99
F103: 16 | G103: 1 | H103: 1 | I103: 1 | J103: 1 | K103: 1 | L103: 1 | M103: 1 | N103: 1 | O103: 2 | P103: 2 | Q103: 2 | R103: 2 | S103: 2 | T103: 3 | U103: 1 | V103: 1 | W103: 2 | X103: 2 | Y103: 2 | Z103: 3 | AA103: 3 | AB103: =AB102+1 -> 100 | AE103: 100
F104: 17 | G104: 1 | H104: 1 | I104: 1 | J104: 1 | K104: 1 | L104: 1 | M104: 1 | N104: 1 | O104: 1 | P104: 1 | Q104: 2 | R104: 2 | S104: 2 | T104: 2 | U104: 1 | V104: 1 | W104: 1 | X104: 2 | Y104: 2 | Z104: 2 | AA104: 3 | AB104: =AB103+1 -> 101 | AE104: 100
F105: 18 | G105: 1 | H105: 1 | I105: 1 | J105: 1 | K105: 1 | L105: 1 | M105: 1 | N105: 1 | O105: 1 | P105: 1 | Q105: 1 | R105: 2 | S105: 2 | T105: 2 | U105: 1 | V105: 1 | W105: 1 | X105: 1 | Y105: 2 | Z105: 2 | AA105: 2 | AB105: =AB104+1 -> 102 | AE105: 101
...

Sheet CVLT-3 (Contrast)
A1: Scale | C1: Scaled | E1: LIST B VS. T1 CONTRAST SCORES | O1: SDFR VS. T5 CONTRAST SCORES
A2: Trial 1 Correct | C2: ='Scores Summary 3'!E16 -> 10 | E2: List B | F2: 1-3 | G2: 4-5 | H2: 6-7 | I2: 8-9 | J2: 10-11 | K2: 12-13 | L2: 14-15 | M2: 16-19 | O2: SDFR | P2: 1-3 | Q2: 4-5 | R2: 6-7 | S2: 8-9 | T2: 10-11 | U2: 12-13 | V2: 14-15 | W2: 16-19
A3: Trial 5 Correct | C3: ='Scores Summary 3'!E20 -> 9 | E3: 1 | F3: 2 | G3: 1 | H3: 1 | I3: 1 | J3: 1 | K3: 1 | L3: 1 | M3: 1 | O3: 1 | P3: 3 | Q3: 2 | R3: 1 | S3: 1 | T3: 1 | U3: 1 | V3: 1 | W3: 1
A4: List B Correct | C4: ='Scores Summary 3'!E21 -> 13 | E4: 2 | F4: 4 | G4: 3 | H4: 2 | I4: 2 | J4: 1 | K4: 1 | L4: 1 | M4: 1 | O4: 2 | P4: 5 | Q4: 3 | R4: 2 | S4: 1 | T4: 1 | U4: 1 | V4: 1 | W4: 1
A5: SD Free Recall | C5: ='Scores Summary 3'!E22 -> 7 | E5: 3 | F5: 5 | G5: 4 | H5: 3 | I5: 3 | J5: 2 | K5: 2 | L5: 1 | M5: 1 | O5: 3 | P5: 7 | Q5: 5 | R5: 3 | S5: 2 | T5: 1 | U5: 1 | V5: 1 | W5: 1
A6: LD Free Recall | C6: ='Scores Summary 3'!E24 -> 8 | E6: 4 | F6: 7 | G6: 5 | H6: 4 | I6: 4 | J6: 3 | K6: 3 | L6: 2 | M6: 2 | O6: 4 | P6: 8 | Q6: 7 | R6: 5 | S6: 3 | T6: 2 | U6: 1 | V6: 1 | W6: 1
A7: Y/N Recog Discrim NP | C7: ='Scores Summary 3'!E33 -> 8 | E7: 5 | F7: 8 | G7: 7 | H7: 5 | I7: 5 | J7: 4 | K7: 4 | L7: 3 | M7: 3 | O7: 5 | P7: 10 | Q7: 8 | R7: 7 | S7: 5 | T7: 3 | U7: 1 | V7: 1 | W7: 1
E8: 6 | F8: 9 | G8: 8 | H8: 7 | I8: 6 | J8: 5 | K8: 5 | L8: 4 | M8: 4 | O8: 6 | P8: 12 | Q8: 10 | R8: 8 | S8: 6 | T8: 4 | U8: 2 | V8: 1 | W8: 1
A9: List B vs. T1 | C9: =IF(C4="","",IF(C2="","",VLOOKUP(C4,E3:M21,VLOOKUP(C2,E24:G42,3,FALSE)))) -> 13 | E9: 7 | F9: 9 | G9: 9 | H9: 8 | I9: 8 | J9: 6 | K9: 6 | L9: 5 | M9: 5 | O9: 7 | P9: 14 | Q9: 12 | R9: 9 | S9: 7 | T9: 5 | U9: 3 | V9: 2 | W9: 1
A10: SDFR vs. T5 | C10: =IF(C5="","",IF(C3="","",VLOOKUP(C5,O2:W21,VLOOKUP(C3,E24:G42,3,FALSE)))) -> 7 | E10: 8 | F10: 10 | G10: 10 | H10: 9 | I10: 9 | J10: 8 | K10: 7 | L10: 6 | M10: 6 | O10: 8 | P10: 16 | Q10: 14 | R10: 11 | S10: 9 | T10: 6 | U10: 4 | V10: 3 | W10: 2
A11: LDFR vs. T5 | C11: =IF(C6="","",IF(C3="","",VLOOKUP(C6,H23:P42,VLOOKUP(C3,E24:G42,3,FALSE)))) -> 9 | E11: 9 | F11: 11 | G11: 11 | H11: 10 | I11: 10 | J11: 9 | K11: 8 | L11: 7 | M11: 7 | O11: 9 | P11: 18 | Q11: 16 | R11: 13 | S11: 10 | T11: 8 | U11: 5 | V11: 4 | W11: 3
A12: LDFR vs. SDFR | C12: =IF(C6="","",IF(C5="","",VLOOKUP(C6,Q23:Y42,VLOOKUP(C5,E24:G42,3,FALSE)))) -> 12 | E12: 10 | F12: 12 | G12: 12 | H12: 12 | I12: 11 | J12: 10 | K12: 9 | L12: 8 | M12: 8 | O12: 10 | P12: 19 | Q12: 18 | R12: 15 | S12: 12 | T12: 9 | U12: 7 | V12: 5 | W12: 4
A13: LDFR vs. Recog. | C13: =IF(C6="","",IF(C7="","",VLOOKUP(C6,Z23:AH42,VLOOKUP(C7,E24:G42,3,FALSE)))) -> 9 | E13: 11 | F13: 13 | G13: 13 | H13: 13 | I13: 12 | J13: 11 | K13: 10 | L13: 9 | M13: 9 | O13: 11 | P13: 19 | Q13: 19 | R13: 17 | S13: 13 | T13: 11 | U13: 9 | V13: 7 | W13: 6
E14: 12 | F14: 14 | G14: 14 | H14: 14 | I14: 13 | J14: 12 | K14: 11 | L14: 10 | M14: 10 | O14: 12 | P14: 19 | Q14: 19 | R14: 19 | S14: 15 | T14: 12 | U14: 10 | V14: 8 | W14: 7
E15: 13 | F15: 15 | G15: 15 | H15: 15 | I15: 14 | J15: 13 | K15: 12 | L15: 11 | M15: 11 | O15: 13 | P15: 19 | Q15: 19 | R15: 19 | S15: 17 | T15: 14 | U15: 12 | V15: 9 | W15: 8
E16: 14 | F16: 16 | G16: 16 | H16: 16 | I16: 15 | J16: 15 | K16: 13 | L16: 12 | M16: 12 | O16: 14 | P16: 19 | Q16: 19 | R16: 19 | S16: 19 | T16: 16 | U16: 13 | V16: 11 | W16: 10
E17: 15 | F17: 17 | G17: 17 | H17: 17 | I17: 16 | J17: 16 | K17: 14 | L17: 14 | M17: 14 | O17: 15 | P17: 19 | Q17: 19 | R17: 19 | S17: 19 | T17: 18 | U17: 15 | V17: 12 | W17: 11
E18: 16 | F18: 18 | G18: 18 | H18: 18 | I18: 17 | J18: 17 | K18: 15 | L18: 15 | M18: 15 | O18: 16 | P18: 19 | Q18: 19 | R18: 19 | S18: 19 | T18: 19 | U18: 17 | V18: 14 | W18: 13
E19: 17 | F19: 19 | G19: 19 | H19: 19 | I19: 18 | J19: 18 | K19: 16 | L19: 16 | M19: 16 | O19: 17 | P19: 19 | Q19: 19 | R19: 19 | S19: 19 | T19: 19 | U19: 19 | V19: 16 | W19: 15
E20: 18 | F20: 19 | G20: 19 | H20: 19 | I20: 19 | J20: 19 | K20: 18 | L20: 18 | M20: 18 | O20: 18 | P20: 19 | Q20: 19 | R20: 19 | S20: 19 | T20: 19 | U20: 19 | V20: 18 | W20: 17
E21: 19 | F21: 19 | G21: 19 | H21: 19 | I21: 19 | J21: 19 | K21: 19 | L21: 19 | M21: 19 | O21: 19 | P21: 19 | Q21: 19 | R21: 19 | S21: 19 | T21: 19 | U21: 19 | V21: 19 | W21: 19
I22: LDFR VS. T5 CONTRAST SCORES | R22: LDFR VS. SDFR CONTRAST SCORES | AA22: LDFR VS. RECOG CONTRAST SCORES
E23: LDFR | F23: Range | G23: Column | I23: 1-3 | J23: 4-5 | K23: 6-7 | L23: 8-9 | M23: 10-11 | N23: 12-13 | O23: 14-15 | P23: 16-19 | R23: 1-3 | S23: 4-5 | T23: 6-7 | U23: 8-9 | V23: 10-11 | W23: 12-13 | X23: 14-15 | Y23: 16-19 | AA23: 1-3 | AB23: 4-5 | AC23: 6-7 | AD23: 8-9 | AE23: 10-11 | AF23: 12-13 | AG23: 14-15 | AH23: 16-19
E24: 1 | F24: 1-3 | G24: 2 | H24: 1 | I24: 4 | J24: 2 | K24: 1 | L24: 1 | M24: 1 | N24: 1 | O24: 1 | P24: 1 | Q24: 1 | R24: 3 | S24: 1 | T24: 1 | U24: 1 | V24: 1 | W24: 1 | X24: 1 | Y24: 1 | Z24: 1 | AA24: 4 | AB24: 3 | AC24: 1 | AD24: 1 | AE24: 1 | AF24: 1 | AG24: 1 | AH24: 1
E25: 2 | F25: 1-3 | G25: 2 | H25: 2 | I25: 6 | J25: 4 | K25: 1 | L25: 1 | M25: 1 | N25: 1 | O25: 1 | P25: 1 | Q25: 2 | R25: 6 | S25: 3 | T25: 1 | U25: 1 | V25: 1 | W25: 1 | X25: 1 | Y25: 1 | Z25: 2 | AA25: 6 | AB25: 5 | AC25: 2 | AD25: 1 | AE25: 1 | AF25: 1 | AG25: 1 | AH25: 1
E26: 3 | F26: 1-3 | G26: 2 | H26: 3 | I26: 7 | J26: 6 | K26: 2 | L26: 1 | M26: 1 | N26: 1 | O26: 1 | P26: 1 | Q26: 3 | R26: 8 | S26: 5 | T26: 2 | U26: 1 | V26: 1 | W26: 1 | X26: 1 | Y26: 1 | Z26: 3 | AA26: 7 | AB26: 6 | AC26: 3 | AD26: 1 | AE26: 1 | AF26: 1 | AG26: 1 | AH26: 1
E27: 4 | F27: 4-5 | G27: 3 | H27: 4 | I27: 8 | J27: 7 | K27: 4 | L27: 1 | M27: 1 | N27: 1 | O27: 1 | P27: 1 | Q27: 4 | R27: 10 | S27: 7 | T27: 4 | U27: 1 | V27: 1 | W27: 1 | X27: 1 | Y27: 1 | Z27: 4 | AA27: 8 | AB27: 7 | AC27: 4 | AD27: 2 | AE27: 1 | AF27: 1 | AG27: 1 | AH27: 1
E28: 5 | F28: 4-5 | G28: 3 | H28: 5 | I28: 9 | J28: 8 | K28: 6 | L28: 3 | M28: 1 | N28: 1 | O28: 1 | P28: 1 | Q28: 5 | R28: 11 | S28: 9 | T28: 6 | U28: 3 | V28: 1 | W28: 1 | X28: 1 | Y28: 1 | Z28: 5 | AA28: 9 | AB28: 8 | AC28: 5 | AD28: 3 | AE28: 2 | AF28: 1 | AG28: 1 | AH28: 1
E29: 6 | F29: 6-7 | G29: 4 | H29: 6 | I29: 11 | J29: 10 | K29: 8 | L29: 5 | M29: 3 | N29: 1 | O29: 1 | P29: 1 | Q29: 6 | R29: 13 | S29: 11 | T29: 8 | U29: 5 | V29: 2 | W29: 1 | X29: 1 | Y29: 1 | Z29: 6 | AA29: 11 | AB29: 10 | AC29: 7 | AD29: 5 | AE29: 3 | AF29: 2 | AG29: 1 | AH29: 1
E30: 7 | F30: 6-7 | G30: 4 | H30: 7 | I30: 13 | J30: 12 | K30: 10 | L30: 7 | M30: 5 | N30: 3 | O30: 1 | P30: 1 | Q30: 7 | R30: 15 | S30: 13 | T30: 10 | U30: 7 | V30: 4 | W30: 2 | X30: 1 | Y30: 1 | Z30: 7 | AA30: 13 | AB30: 12 | AC30: 9 | AD30: 7 | AE30: 5 | AF30: 4 | AG30: 2 | AH30: 1
E31: 8 | F31: 8-9 | G31: 5 | H31: 8 | I31: 15 | J31: 14 | K31: 12 | L31: 9 | M31: 7 | N31: 5 | O31: 2 | P31: 1 | Q31: 8 | R31: 16 | S31: 15 | T31: 12 | U31: 9 | V31: 6 | W31: 4 | X31: 2 | Y31: 1 | Z31: 8 | AA31: 15 | AB31: 13 | AC31: 11 | AD31: 9 | AE31: 7 | AF31: 6 | AG31: 4 | AH31: 2
E32: 9 | F32: 8-9 | G32: 5 | H32: 9 | I32: 17 | J32: 15 | K32: 14 | L32: 11 | M32: 8 | N32: 6 | O32: 4 | P32: 3 | Q32: 9 | R32: 17 | S32: 16 | T32: 14 | U32: 11 | V32: 8 | W32: 5 | X32: 3 | Y32: 1 | Z32: 9 | AA32: 17 | AB32: 15 | AC32: 13 | AD32: 10 | AE32: 8 | AF32: 7 | AG32: 5 | AH32: 4
E33: 10 | F33: 10-11 | G33: 6 | H33: 10 | I33: 19 | J33: 17 | K33: 15 | L33: 12 | M33: 9 | N33: 7 | O33: 5 | P33: 4 | Q33: 10 | R33: 18 | S33: 17 | T33: 15 | U33: 12 | V33: 9 | W33: 6 | X33: 4 | Y33: 2 | Z33: 10 | AA33: 19 | AB33: 17 | AC33: 14 | AD33: 11 | AE33: 10 | AF33: 8 | AG33: 6 | AH33: 5
E34: 11 | F34: 10-11 | G34: 6 | H34: 11 | I34: 19 | J34: 19 | K34: 16 | L34: 13 | M34: 11 | N34: 8 | O34: 6 | P34: 5 | Q34: 11 | R34: 19 | S34: 18 | T34: 16 | U34: 14 | V34: 11 | W34: 8 | X34: 5 | Y34: 3 | Z34: 11 | AA34: 19 | AB34: 19 | AC34: 16 | AD34: 13 | AE34: 11 | AF34: 9 | AG34: 7 | AH34: 6
E35: 12 | F35: 12-13 | G35: 7 | H35: 12 | I35: 19 | J35: 19 | K35: 19 | L35: 15 | M35: 12 | N35: 10 | O35: 7 | P35: 6 | Q35: 12 | R35: 19 | S35: 19 | T35: 18 | U35: 15 | V35: 13 | W35: 10 | X35: 7 | Y35: 4 | Z35: 12 | AA35: 19 | AB35: 19 | AC35: 18 | AD35: 14 | AE35: 12 | AF35: 10 | AG35: 8 | AH35: 7
... E42: 19 | F42: 16-19 | G42: 9 | H42: 19 | I42: 19 | J42: 19 | K42: 19 | L42: 19 | M42: 19 | N42: 19 | O42: 19 | P42: 19 | Q42: 19 | R42: 19 | S42: 19 | T42: 19 | U42: 19 | V42: 19 | W42: 19 | X42: 19 | Y42: 19 | Z42: 19 | AA42: 19 | AB42: 19 | AC42: 19 | AD42: 19 | AE42: 19 | AF42: 19 | AG42: 19 | AH42: 19

Sheet Heaton Appx C
B1: Raw | E1: Raw | H1: Raw | K1: Rounded | N1: Rounded | Q1: Rounded | T1: Rounded | W1: Rounded | Z1: Rounded | AC1: Rounded | AF1: Rounded
A2: Boston Naming | B2: =IF('Scores Summary 2'!D20="","",'Scores Summary 2'!D20) | D2: FAS | E2: =IF('Scores Summary 2'!D16="","",'Scores Summary 2'!D16) | G2: Animals | H2: =IF('Scores Summary 2'!D17="","",'Scores Summary 2'!D17) | J2: Trails A | K2: =IF('Scores Summary 2'!D18="","",ROUND('Scores Summary 2'!D18,0)) | M2: Trails B | N2: =IF('Scores Summary 2'!D19="","",IF(ROUND('Scores Summary 2'!D19,0)>=300,"300+",ROUND('Scores Summary 2'!D19,0))) | P2: Grooved DH | Q2: =IF('Scores Summary 2'!D21="","",IF(ROUND('Scores Summary 2'!D21,0)>=166,"166+",ROUND('Scores Summary 2'!D21,0))) | S2: Grooved NDH | T2: =IF('Scores Summary 2'!D22="","",IF(ROUND('Scores Summary 2'!D22,0)>=202,"202+",ROUND('Scores Summary 2'!D22,0))) | V2: FTT DH | W2: =IF('Scores Summary 2'!D23="","",IF(ROUND('Scores Summary 2'!D23,1)>=71.1,"71.1+",ROUND('Scores Summary 2'!D23,1))) | Y2: FTT NDH | Z2: =IF('Scores Summary 2'!D24="","",IF(ROUND('Scores Summary 2'!D24,1)>=68.1,"68.1+",ROUND('Scores Summary 2'!D24,1))) | AB2: Grip DH | AE2: Grip NDH
V3: SS | W3: =IF(W2="","",IF(W2="71.1+",19,IF(W2>=70.1,18,IF(W2>=67.6,17,IF(W2>=64.9,16,IF(W2>=62.5,15,IF(W2>=59.5,14,IF(W2>=57.3,13,IF(W2>=55.3,12,IF(W2>=53.2,11,IF(W2>=51.3,10,IF(W2>=47.8,9,IF(W2>=45.1,8,IF(W2>=42.1,7,IF(W2>=38.3,6,IF(W2>=35.1,5,IF(W2>=32.1,4,IF(W2>=27.1,3,IF(W2>=23.1,2,IF(W2>=21.3,1,IF(W2>=0,0,""))))))))))))))))))))) | Y3: SS | Z3: =IF(Z2="","",IF(Z2="68.1+",19,IF(Z2>=64,18,IF(Z2>=63,17,IF(Z2>=58.1,16,IF(Z2>=57,15,IF(Z2>=54,14,IF(Z2>=52,13,IF(Z2>=50.1,12,IF(Z2>=48,11,IF(Z2>=45.1,10,IF(Z2>=43,9,IF(Z2>=40.1,8,IF(Z2>=37.1,7,IF(Z2>=35,6,IF(Z2>=31.1,5,IF(Z2>=29,4,IF(Z2>=25.1,3,IF(Z2>=23.1,2,IF(Z2>=22.1,1,IF(Z2>=0,0,"")))))))))))))))))))))
A4: Boston Naming | B4: Scaled | D4: FAS | E4: Scaled | G4: Animals | H4: Scaled | J4: Trails A | K4: Scaled | M4: Trails B | N4: Scaled | P4: GPB DH | Q4: Scaled | S4: GBP NDH | T4: Scaled
A5: 60 | B5: 16 | D5: 78 | E5: 18 | G5: 38 | H5: 18 | J5: 91 | K5: 2 | M5: 25 | N5: 18 | P5: 46 | Q5: 18 | S5: 45 | T5: 18
A6: =A5-1 -> 59 | B6: 14 | D6: =D5-1 -> 77 | E6: 18 | G6: =G5-1 -> 37 | H6: 18 | J6: =J5-1 -> 90 | K6: 2 | M6: =M5+1 -> 26 | N6: 18 | P6: =P5+1 -> 47 | Q6: 17 | S6: =S5+1 -> 46 | T6: 18
A7: =A6-1 -> 58 | B7: 13 | D7: =D6-1 -> 76 | E7: 18 | G7: =G6-1 -> 36 | H7: 18 | J7: =J6-1 -> 89 | K7: 2 | M7: =M6+1 -> 27 | N7: 18 | P7: =P6+1 -> 48 | Q7: 16 | S7: =S6+1 -> 47 | T7: 18
A8: =A7-1 -> 57 | B8: 11 | D8: =D7-1 -> 75 | E8: 18 | G8: =G7-1 -> 35 | H8: 17 | J8: =J7-1 -> 88 | K8: 2 | M8: =M7+1 -> 28 | N8: 17 | P8: =P7+1 -> 49 | Q8: 16 | S8: =S7+1 -> 48 | T8: 18
A9: =A8-1 -> 56 | B9: 10 | D9: =D8-1 -> 74 | E9: 18 | G9: =G8-1 -> 34 | H9: 17 | J9: =J8-1 -> 87 | K9: 2 | M9: =M8+1 -> 29 | N9: 16 | P9: =P8+1 -> 50 | Q9: 15 | S9: =S8+1 -> 49 | T9: 17
A10: =A9-1 -> 55 | B10: 9 | D10: =D9-1 -> 73 | E10: 18 | G10: =G9-1 -> 33 | H10: 16 | J10: =J9-1 -> 86 | K10: 2 | M10: =M9+1 -> 30 | N10: 16 | P10: =P9+1 -> 51 | Q10: 15 | S10: =S9+1 -> 50 | T10: 17
A11: =A10-1 -> 54 | B11: 9 | D11: =D10-1 -> 72 | E11: 17 | G11: =G10-1 -> 32 | H11: 16 | J11: =J10-1 -> 85 | K11: 2 | M11: =M10+1 -> 31 | N11: 16 | P11: =P10+1 -> 52 | Q11: 14 | S11: =S10+1 -> 51 | T11: 17
A12: =A11-1 -> 53 | B12: 8 | D12: =D11-1 -> 71 | E12: 17 | G12: =G11-1 -> 31 | H12: 15 | J12: =J11-1 -> 84 | K12: 2 | M12: =M11+1 -> 32 | N12: 16 | P12: =P11+1 -> 53 | Q12: 14 | S12: =S11+1 -> 52 | T12: 16
A13: =A12-1 -> 52 | B13: 8 | D13: =D12-1 -> 70 | E13: 17 | G13: =G12-1 -> 30 | H13: 15 | J13: =J12-1 -> 83 | K13: 2 | M13: =M12+1 -> 33 | N13: 16 | P13: =P12+1 -> 54 | Q13: 13 | S13: =S12+1 -> 53 | T13: 15
A14: =A13-1 -> 51 | B14: 8 | D14: =D13-1 -> 69 | E14: 17 | G14: =G13-1 -> 29 | H14: 14 | J14: =J13-1 -> 82 | K14: 2 | M14: =M13+1 -> 34 | N14: 15 | P14: =P13+1 -> 55 | Q14: 13 | S14: =S13+1 -> 54 | T14: 15
A15: =A14-1 -> 50 | B15: 7 | D15: =D14-1 -> 68 | E15: 17 | G15: =G14-1 -> 28 | H15: 14 | J15: =J14-1 -> 81 | K15: 2 | M15: =M14+1 -> 35 | N15: 15 | P15: =P14+1 -> 56 | Q15: 13 | S15: =S14+1 -> 55 | T15: 15
A16: =A15-1 -> 49 | B16: 7 | D16: =D15-1 -> 67 | E16: 17 | G16: =G15-1 -> 27 | H16: 13 | J16: =J15-1 -> 80 | K16: 3 | M16: =M15+1 -> 36 | N16: 15 | P16: =P15+1 -> 57 | Q16: 12 | S16: =S15+1 -> 56 | T16: 14
A17: =A16-1 -> 48 | B17: 7 | D17: =D16-1 -> 66 | E17: 16 | G17: =G16-1 -> 26 | H17: 13 | J17: =J16-1 -> 79 | K17: 3 | M17: =M16+1 -> 37 | N17: 15 | P17: =P16+1 -> 58 | Q17: 12 | S17: =S16+1 -> 57 | T17: 14
... A43: =A42-1 -> 22 | B43: 2 | D43: =D42-1 -> 40 | E43: 10 | G43: =G42-1 -> 0 | H43: 0 | J43: =J42-1 -> 53 | K43: 5 | M43: =M42+1 -> 63 | N43: 11 | P43: =P42+1 -> 84 | Q43: 6 | S43: =S42+1 -> 83 | T43: 7
A44: =A43-1 -> 21 | B44: 2 | D44: =D43-1 -> 39 | E44: 10 | J44: =J43-1 -> 52 | K44: 6 | M44: =M43+1 -> 64 | N44: 10 | P44: =P43+1 -> 85 | Q44: 6 | S44: =S43+1 -> 84 | T44: 7
A45: =A44-1 -> 20 | B45: 2 | D45: =D44-1 -> 38 | E45: 10 | J45: =J44-1 -> 51 | K45: 6 | M45: =M44+1 -> 65 | N45: 10 | P45: =P44+1 -> 86 | Q45: 6 | S45: =S44+1 -> 85 | T45: 7
A46: =A45-1 -> 19 | B46: 2 | D46: =D45-1 -> 37 | E46: 9 | J46: =J45-1 -> 50 | K46: 6 | M46: =M45+1 -> 66 | N46: 10 | P46: =P45+1 -> 87 | Q46: 6 | S46: =S45+1 -> 86 | T46: 7
A47: =A46-1 -> 18 | B47: 2 | D47: =D46-1 -> 36 | E47: 9 | J47: =J46-1 -> 49 | K47: 6 | M47: =M46+1 -> 67 | N47: 10 | P47: =P46+1 -> 88 | Q47: 6 | S47: =S46+1 -> 87 | T47: 7
A48: =A47-1 -> 17 | B48: 2 | D48: =D47-1 -> 35 | E48: 9 | J48: =J47-1 -> 48 | K48: 6 | M48: =M47+1 -> 68 | N48: 10 | P48: =P47+1 -> 89 | Q48: 5 | S48: =S47+1 -> 88 | T48: 7
A49: =A48-1 -> 16 | B49: 2 | D49: =D48-1 -> 34 | E49: 9 | J49: =J48-1 -> 47 | K49: 6 | M49: =M48+1 -> 69 | N49: 10 | P49: =P48+1 -> 90 | Q49: 5 | S49: =S48+1 -> 89 | T49: 6
A50: =A49-1 -> 15 | B50: 2 | D50: =D49-1 -> 33 | E50: 8 | J50: =J49-1 -> 46 | K50: 6 | M50: =M49+1 -> 70 | N50: 10 | P50: =P49+1 -> 91 | Q50: 5 | S50: =S49+1 -> 90 | T50: 6
A51: =A50-1 -> 14 | B51: 2 | D51: =D50-1 -> 32 | E51: 8 | J51: =J50-1 -> 45 | K51: 6 | M51: =M50+1 -> 71 | N51: 10 | P51: =P50+1 -> 92 | Q51: 5 | S51: =S50+1 -> 91 | T51: 6
A52: =A51-1 -> 13 | B52: 1 | D52: =D51-1 -> 31 | E52: 8 | J52: =J51-1 -> 44 | K52: 7 | M52: =M51+1 -> 72 | N52: 10 | P52: =P51+1 -> 93 | Q52: 5 | S52: =S51+1 -> 92 | T52: 6
A53: =A52-1 -> 12 | B53: 1 | D53: =D52-1 -> 30 | E53: 8 | J53: =J52-1 -> 43 | K53: 7 | M53: =M52+1 -> 73 | N53: 10 | P53: =P52+1 -> 94 | Q53: 5 | S53: =S52+1 -> 93 | T53: 6
A54: =A53-1 -> 11 | B54: 1 | D54: =D53-1 -> 29 | E54: 8 | J54: =J53-1 -> 42 | K54: 7 | M54: =M53+1 -> 74 | N54: 10 | P54: =P53+1 -> 95 | Q54: 5 | S54: =S53+1 -> 94 | T54: 6
A55: =A54-1 -> 10 | B55: 1 | D55: =D54-1 -> 28 | E55: 7 | J55: =J54-1 -> 41 | K55: 7 | M55: =M54+1 -> 75 | N55: 9 | P55: =P54+1 -> 96 | Q55: 5 | S55: =S54+1 -> 95 | T55: 6
... A65: =A64-1 -> 0 | B65: 1 | D65: =D64-1 -> 18 | E65: 5 | J65: =J64-1 -> 31 | K65: 9 | M65: =M64+1 -> 85 | N65: 9 | P65: =P64+1 -> 106 | Q65: 4 | S65: =S64+1 -> 105 | T65: 5
D66: =D65-1 -> 17 | E66: 4 | J66: =J65-1 -> 30 | K66: 9 | M66: =M65+1 -> 86 | N66: 9 | P66: =P65+1 -> 107 | Q66: 4 | S66: =S65+1 -> 106 | T66: 5
D67: =D66-1 -> 16 | E67: 4 | J67: =J66-1 -> 29 | K67: 9 | M67: =M66+1 -> 87 | N67: 9 | P67: =P66+1 -> 108 | Q67: 4 | S67: =S66+1 -> 107 | T67: 5
D68: =D67-1 -> 15 | E68: 4 | J68: =J67-1 -> 28 | K68: 10 | M68: =M67+1 -> 88 | N68: 9 | P68: =P67+1 -> 109 | Q68: 4 | S68: =S67+1 -> 108 | T68: 5
D69: =D68-1 -> 14 | E69: 3 | J69: =J68-1 -> 27 | K69: 10 | M69: =M68+1 -> 89 | N69: 8 | P69: =P68+1 -> 110 | Q69: 4 | S69: =S68+1 -> 109 | T69: 5
D70: =D69-1 -> 13 | E70: 3 | J70: =J69-1 -> 26 | K70: 10 | M70: =M69+1 -> 90 | N70: 8 | P70: =P69+1 -> 111 | Q70: 4 | S70: =S69+1 -> 110 | T70: 5
D71: =D70-1 -> 12 | E71: 2 | J71: =J70-1 -> 25 | K71: 10 | M71: =M70+1 -> 91 | N71: 8 | P71: =P70+1 -> 112 | Q71: 4 | S71: =S70+1 -> 111 | T71: 5
D72: =D71-1 -> 11 | E72: 2 | J72: =J71-1 -> 24 | K72: 11 | M72: =M71+1 -> 92 | N72: 8 | P72: =P71+1 -> 113 | Q72: 4 | S72: =S71+1 -> 112 | T72: 5
D73: =D72-1 -> 10 | E73: 2 | J73: =J72-1 -> 23 | K73: 11 | M73: =M72+1 -> 93 | N73: 8 | P73: =P72+1 -> 114 | Q73: 4 | S73: =S72+1 -> 113 | T73: 5
D74: =D73-1 -> 9 | E74: 1 | J74: =J73-1 -> 22 | K74: 11 | M74: =M73+1 -> 94 | N74: 8 | P74: =P73+1 -> 115 | Q74: 4 | S74: =S73+1 -> 114 | T74: 4
D75: =D74-1 -> 8 | E75: 1 | J75: =J74-1 -> 21 | K75: 12 | M75: =M74+1 -> 95 | N75: 8 | P75: =P74+1 -> 116 | Q75: 4 | S75: =S74+1 -> 115 | T75: 4
D76: =D75-1 -> 7 | E76: 1 | J76: =J75-1 -> 20 | K76: 12 | M76: =M75+1 -> 96 | N76: 8 | P76: =P75+1 -> 117 | Q76: 4 | S76: =S75+1 -> 116 | T76: 4
D77: =D76-1 -> 6 | E77: 1 | J77: =J76-1 -> 19 | K77: 13 | M77: =M76+1 -> 97 | N77: 8 | P77: =P76+1 -> 118 | Q77: 4 | S77: =S76+1 -> 117 | T77: 4
... D83: =D82-1 -> 0 | E83: 1 | J83: =J82-1 -> 13 | K83: 17 | M83: =M82+1 -> 103 | N83: 8 | P83: =P82+1 -> 124 | Q83: 3 | S83: =S82+1 -> 123 | T83: 4
J84: =J83-1 -> 12 | K84: 18 | M84: =M83+1 -> 104 | N84: 8 | P84: =P83+1 -> 125 | Q84: 3 | S84: =S83+1 -> 124 | T84: 4
J85: =J84-1 -> 11 | K85: 19 | M85: =M84+1 -> 105 | N85: 7 | P85: =P84+1 -> 126 | Q85: 3 | S85: =S84+1 -> 125 | T85: 4
J86: =J85-1 -> 10 | K86: 19 | M86: =M85+1 -> 106 | N86: 7 | P86: =P85+1 -> 127 | Q86: 3 | S86: =S85+1 -> 126 | T86: 4
J87: =J86-1 -> 9 | K87: 19 | M87: =M86+1 -> 107 | N87: 7 | P87: =P86+1 -> 128 | Q87: 3 | S87: =S86+1 -> 127 | T87: 4
J88: =J87-1 -> 8 | K88: 19 | M88: =M87+1 -> 108 | N88: 7 | P88: =P87+1 -> 129 | Q88: 3 | S88: =S87+1 -> 128 | T88: 4
J89: =J88-1 -> 7 | K89: 19 | M89: =M88+1 -> 109 | N89: 7 | P89: =P88+1 -> 130 | Q89: 3 | S89: =S88+1 -> 129 | T89: 4
J90: =J89-1 -> 6 | K90: 19 | M90: =M89+1 -> 110 | N90: 7 | P90: =P89+1 -> 131 | Q90: 3 | S90: =S89+1 -> 130 | T90: 4
J91: =J90-1 -> 5 | K91: 19 | M91: =M90+1 -> 111 | N91: 7 | P91: =P90+1 -> 132 | Q91: 3 | S91: =S90+1 -> 131 | T91: 3
J92: =J91-1 -> 4 | K92: 19 | M92: =M91+1 -> 112 | N92: 7 | P92: =P91+1 -> 133 | Q92: 3 | S92: =S91+1 -> 132 | T92: 3
J93: =J92-1 -> 3 | K93: 19 | M93: =M92+1 -> 113 | N93: 7 | P93: =P92+1 -> 134 | Q93: 3 | S93: =S92+1 -> 133 | T93: 3
J94: =J93-1 -> 2 | K94: 19 | M94: =M93+1 -> 114 | N94: 7 | P94: =P93+1 -> 135 | Q94: 3 | S94: =S93+1 -> 134 | T94: 3
J95: =J94-1 -> 1 | K95: 19 | M95: =M94+1 -> 115 | N95: 7 | P95: =P94+1 -> 136 | Q95: 3 | S95: =S94+1 -> 135 | T95: 3
J96: =J95-1 -> 0 | K96: 19 | M96: =M95+1 -> 116 | N96: 7 | P96: =P95+1 -> 137 | Q96: 3 | S96: =S95+1 -> 136 | T96: 3
M97: =M96+1 -> 117 | N97: 7 | P97: =P96+1 -> 138 | Q97: 2 | S97: =S96+1 -> 137 | T97: 3
M98: =M97+1 -> 118 | N98: 7 | P98: =P97+1 -> 139 | Q98: 2 | S98: =S97+1 -> 138 | T98: 3
M99: =M98+1 -> 119 | N99: 7 | P99: =P98+1 -> 140 | Q99: 2 | S99: =S98+1 -> 139 | T99: 3
M100: =M99+1 -> 120 | N100: 7 | P100: =P99+1 -> 141 | Q100: 2 | S100: =S99+1 -> 140 | T100: 3
M101: =M100+1 -> 121 | N101: 7 | P101: =P100+1 -> 142 | Q101: 2 | S101: =S100+1 -> 141 | T101: 3
M102: =M101+1 -> 122 | N102: 7 | P102: =P101+1 -> 143 | Q102: 2 | S102: =S101+1 -> 142 | T102: 3
M103: =M102+1 -> 123 | N103: 7 | P103: =P102+1 -> 144 | Q103: 2 | S103: =S102+1 -> 143 | T103: 3
M104: =M103+1 -> 124 | N104: 6 | P104: =P103+1 -> 145 | Q104: 2 | S104: =S103+1 -> 144 | T104: 3
M105: =M104+1 -> 125 | N105: 6 | P105: =P104+1 -> 146 | Q105: 2 | S105: =S104+1 -> 145 | T105: 3
M106: =M105+1 -> 126 | N106: 6 | P106: =P105+1 -> 147 | Q106: 2 | S106: =S105+1 -> 146 | T106: 3
M107: =M106+1 -> 127 | N107: 6 | P107: =P106+1 -> 148 | Q107: 2 | S107: =S106+1 -> 147 | T107: 3
M108: =M107+1 -> 128 | N108: 6 | P108: =P107+1 -> 149 | Q108: 2 | S108: =S107+1 -> 148 | T108: 3
... M124: =M123+1 -> 144 | N124: 6 | P124: =P123+1 -> 165 | Q124: 1 | S124: =S123+1 -> 164 | T124: 2
M125: =M124+1 -> 145 | N125: 6 | P125: 166+ | Q125: 0 | S125: =S124+1 -> 165 | T125: 2
M126: =M125+1 -> 146 | N126: 6 | S126: =S125+1 -> 166 | T126: 2
M127: =M126+1 -> 147 | N127: 6 | S127: =S126+1 -> 167 | T127: 2
M128: =M127+1 -> 148 | N128: 6 | S128: =S127+1 -> 168 | T128: 2
M129: =M128+1 -> 149 | N129: 6 | S129: =S128+1 -> 169 | T129: 2
M130: =M129+1 -> 150 | N130: 6 | S130: =S129+1 -> 170 | T130: 2
M131: =M130+1 -> 151 | N131: 6 | S131: =S130+1 -> 171 | T131: 2
M132: =M131+1 -> 152 | N132: 6 | S132: =S131+1 -> 172 | T132: 2
M133: =M132+1 -> 153 | N133: 6 | S133: =S132+1 -> 173 | T133: 2
M134: =M133+1 -> 154 | N134: 6 | S134: =S133+1 -> 174 | T134: 2
M135: =M134+1 -> 155 | N135: 5 | S135: =S134+1 -> 175 | T135: 2
M136: =M135+1 -> 156 | N136: 5 | S136: =S135+1 -> 176 | T136: 2
M137: =M136+1 -> 157 | N137: 5 | S137: =S136+1 -> 177 | T137: 2
... M161: =M160+1 -> 181 | N161: 5 | S161: =S160+1 -> 201 | T161: 1
M162: =M161+1 -> 182 | N162: 5 | S162: 202+ | T162: 0
M163: =M162+1 -> 183 | N163: 5
M164: =M163+1 -> 184 | N164: 5
M165: =M164+1 -> 185 | N165: 5
M166: =M165+1 -> 186 | N166: 5
M167: =M166+1 -> 187 | N167: 5
M168: =M167+1 -> 188 | N168: 5
M169: =M168+1 -> 189 | N169: 5
M170: =M169+1 -> 190 | N170: 5
M171: =M170+1 -> 191 | N171: 5
M172: =M171+1 -> 192 | N172: 5
M173: =M172+1 -> 193 | N173: 5
M174: =M173+1 -> 194 | N174: 5
... M279: =M278+1 -> 299 | N279: 2
M280: 300+ | N280: 1

Sheet Beery VMI
A2: Age: | B2: =IF('Scores Summary'!C10="","",'Scores Summary'!C10) -> 41 | D2: VMI Age: | E2: =IF(B2="","",IF(B2>=95,"95-99",IF(B2>=90,"90-94",IF(B2>=85,"85-89",IF(B2>=80,"80-84",IF(B2>=75,"75-79",IF(B2>=70,"70-74",IF(B2>=65,"65-69",IF(B2>=60,"60-64",IF(B2>=55,"55-59",IF(B2>=50,"50-54",IF(B2>=40,"40-49",IF(B2>=19,"19-39",18))))))))))))) -> 40-49 | G2: VP Age: | H2: =IF(B2="","",IF(B2>69,"N/A",IF(B2>=60,"60-69",IF(B2>=50,"50-59",IF(B2>=19,"19-49",IF(B2=18,18,"")))))) -> 19-49 | J2: MC Age: | K2: =H2 -> 19-49
D3: Score: | E3: =IF('Scores Summary'!D31="","",'Scores Summary'!D31) | G3: Score: | H3: =IF('Scores Summary'!D32="","",'Scores Summary'!D32) | J3: Score: | K3: =IF('Scores Summary'!D33="","",'Scores Summary'!D33)
D4: SS: | E4: =IF(E3="","",VLOOKUP(E3,A7:N38,Q20,FALSE)) | G4: SS: | H4: =IF(H3="","",VLOOKUP(H3,A40:E71,Q44,FALSE)) | J4: SS: | K4: =IF(K3="","",VLOOKUP(K3,H40:L71,Q44,FALSE))
D5: A-E: | E5: =IF(E3="","",VLOOKUP(E3,A7:O38,15,FALSE)) | G5: A-E: | H5: =IF(H3="","",VLOOKUP(H3,A40:F71,6,FALSE)) | J5: A-E: | K5: =IF(K3="","",VLOOKUP(K3,H40:M71,6,FALSE))
A7: VMI Score | B7: 18 | C7: 19-39 | D7: 40-49 | E7: 50-54 | F7: 55-59 | G7: 60-64 | H7: 65-69 | I7: 70-74 | J7: 75-79 | K7: 80-84 | L7: 85-89 | M7: 90-94 | N7: 95-99 | O7: A-E | P7: 18 | Q7: 2
A8: 30 | B8: 106 | C8: 107 | D8: 113 | E8: 116 | F8: 119 | G8: 120 | H8: 121 | I8: 124 | J8: 126 | K8: 129 | L8: 132 | M8: 135 | N8: 138 | O8: >18.5 | P8: 19-39 | Q8: 3
A9: 29 | B9: 101 | C9: 103 | D9: 108 | E9: 110 | F9: 113 | G9: 115 | H9: 117 | I9: 119 | J9: 121 | K9: 124 | L9: 127 | M9: 130 | N9: 134 | O9: 18:5 | P9: 40-49 | Q9: 4
A10: 28 | B10: 98 | C10: 98 | D10: 103 | E10: 105 | F10: 108 | G10: 111 | H10: 113 | I10: 114 | J10: 116 | K10: 119 | L10: 122 | M10: 125 | N10: 128 | O10: 16:0 | P10: 50-54 | Q10: 5
A11: 27 | B11: 94 | C11: 92 | D11: 97 | E11: 100 | F11: 104 | G11: 106 | H11: 108 | I11: 109 | J11: 111 | K11: 114 | L11: 116 | M11: 119 | N11: 121 | O11: 13:5 | P11: 55-59 | Q11: 6
A12: 26 | B12: 90 | C12: 87 | D12: 92 | E12: 95 | F12: 99 | G12: 101 | H12: 104 | I12: 105 | J12: 106 | K12: 108 | L12: 111 | M12: 114 | N12: 117 | O12: 12:3 | P12: 60-64 | Q12: 7
A13: 25 | B13: 86 | C13: 83 | D13: 87 | E13: 90 | F13: 94 | G13: 96 | H13: 98 | I13: 99 | J13: 100 | K13: 101 | L13: 105 | M13: 109 | N13: 113 | O13: 11:1 | P13: 65-69 | Q13: 8
A14: 24 | B14: 82 | C14: 77 | D14: 84 | E14: 85 | F14: 89 | G14: 91 | H14: 94 | I14: 95 | J14: 96 | K14: 99 | L14: 101 | M14: 105 | N14: 108 | O14: 10:3 | P14: 70-74 | Q14: 9
A15: 23 | B15: 78 | C15: 72 | D15: 77 | E15: 80 | F15: 84 | G15: 86 | H15: 88 | I15: 89 | J15: 91 | K15: 94 | L15: 96 | M15: 99 | N15: 103 | O15: 9:7 | P15: 75-79 | Q15: 10
A16: 22 | B16: 74 | C16: 66 | D16: 72 | E16: 75 | F16: 79 | G16: 82 | H16: 84 | I16: 85 | J16: 86 | K16: 89 | L16: 91 | M16: 94 | N16: 98 | O16: 8:7 | P16: 80-84 | Q16: 11
A17: 21 | B17: 71 | C17: 57 | D17: 65 | E17: 69 | F17: 74 | G17: 77 | H17: 79 | I17: 80 | J17: 81 | K17: 84 | L17: 86 | M17: 89 | N17: 93 | O17: 8:1 | P17: 85-89 | Q17: 12
A18: 20 | B18: 64 | C18: 50 | D18: 58 | E18: 63 | F18: 69 | G18: 72 | H18: 74 | I18: 75 | J18: 76 | K18: 79 | L18: 81 | M18: 84 | N18: 88 | O18: 7:6 | P18: 90-94 | Q18: 13
A19: 19 | B19: 58 | C19: 45 | D19: 50 | E19: 55 | F19: 61 | G19: 64 | H19: 67 | I19: 69 | J19: 71 | K19: 74 | L19: 76 | M19: 79 | N19: 83 | O19: 7:1 | P19: 95-99 | Q19: 14
A20: 18 | B20: 54 | C20: <45 | D20: 45 | E20: 49 | F20: 51 | G20: 56 | H20: 61 | I20: 64 | J20: 66 | K20: 69 | L20: 71 | M20: 74 | N20: 78 | O20: 6:7 | P20: =E2 -> 40-49 | Q20: =VLOOKUP(P20,P7:Q19,2,FALSE) -> 4
A21: 17 | B21: 46 | C21: <45 | D21: <45 | E21: 45 | F21: 45 | G21: 49 | H21: 53 | I21: 54 | J21: 58 | K21: 61 | L21: 64 | M21: 69 | N21: 74 | O21: 6:3
A22: 16 | B22: 45 | C22: <45 | D22: <45 | E22: <45 | F22: <45 | G22: 45 | H22: 45 | I22: 45 | J22: 50 | K22: 53 | L22: 56 | M22: 61 | N22: 67 | O22: 5:11
A23: 15 | B23: <45 | C23: <45 | D23: <45 | E23: <45 | F23: <45 | G23: <45 | H23: <45 | I23: <45 | J23: 45 | K23: 45 | L23: 48 | M23: 53 | N23: 59 | O23: 5:6
A24: 14 | B24: <45 | C24: <45 | D24: <45 | E24: <45 | F24: <45 | G24: <45 | H24: <45 | I24: <45 | J24: <45 | K24: <45 | L24: 45 | M24: 45 | N24: 51 | O24: 5:2
A25: 13 | B25: <45 | C25: <45 | D25: <45 | E25: <45 | F25: <45 | G25: <45 | H25: <45 | I25: <45 | J25: <45 | K25: <45 | L25: <45 | M25: <45 | N25: 45 | O25: 4:10
A26: 12 | B26: <45 | C26: <45 | D26: <45 | E26: <45 | F26: <45 | G26: <45 | H26: <45 | I26: <45 | J26: <45 | K26: <45 | L26: <45 | M26: <45 | N26: <45 | O26: 4:6
A27: 11 | B27: <45 | C27: <45 | D27: <45 | E27: <45 | F27: <45 | G27: <45 | H27: <45 | I27: <45 | J27: <45 | K27: <45 | L27: <45 | M27: <45 | N27: <45 | O27: 4:3
A28: 10 | B28: <45 | C28: <45 | D28: <45 | E28: <45 | F28: <45 | G28: <45 | H28: <45 | I28: <45 | J28: <45 | K28: <45 | L28: <45 | M28: <45 | N28: <45 | O28: 4:0
A29: 9 | B29: <45 | C29: <45 | D29: <45 | E29: <45 | F29: <45 | G29: <45 | H29: <45 | I29: <45 | J29: <45 | K29: <45 | L29: <45 | M29: <45 | N29: <45 | O29: 3:8
A30: 8 | B30: <45 | C30: <45 | D30: <45 | E30: <45 | F30: <45 | G30: <45 | H30: <45 | I30: <45 | J30: <45 | K30: <45 | L30: <45 | M30: <45 | N30: <45 | O30: 3:5
A31: 7 | B31: <45 | C31: <45 | D31: <45 | E31: <45 | F31: <45 | G31: <45 | H31: <45 | I31: <45 | J31: <45 | K31: <45 | L31: <45 | M31: <45 | N31: <45 | O31: 3:1
A32: 6 | B32: <45 | C32: <45 | D32: <45 | E32: <45 | F32: <45 | G32: <45 | H32: <45 | I32: <45 | J32: <45 | K32: <45 | L32: <45 | M32: <45 | N32: <45 | O32: 2:10
A33: 5 | B33: <45 | C33: <45 | D33: <45 | E33: <45 | F33: <45 | G33: <45 | H33: <45 | I33: <45 | J33: <45 | K33: <45 | L33: <45 | M33: <45 | N33: <45 | O33: 2:5
A34: 4 | B34: <45 | C34: <45 | D34: <45 | E34: <45 | F34: <45 | G34: <45 | H34: <45 | I34: <45 | J34: <45 | K34: <45 | L34: <45 | M34: <45 | N34: <45 | O34: <2:4
A35: 3 | B35: <45 | C35: <45 | D35: <45 | E35: <45 | F35: <45 | G35: <45 | H35: <45 | I35: <45 | J35: <45 | K35: <45 | L35: <45 | M35: <45 | N35: <45 | O35: <2:4
A36: 2 | B36: <45 | C36: <45 | D36: <45 | E36: <45 | F36: <45 | G36: <45 | H36: <45 | I36: <45 | J36: <45 | K36: <45 | L36: <45 | M36: <45 | N36: <45 | O36: <2:4
A37: 1 | B37: <45 | C37: <45 | D37: <45 | E37: <45 | F37: <45 | G37: <45 | H37: <45 | I37: <45 | J37: <45 | K37: <45 | L37: <45 | M37: <45 | N37: <45 | O37: <2:4
A38: 0 | B38: <45 | C38: <45 | D38: <45 | E38: <45 | F38: <45 | G38: <45 | H38: <45 | I38: <45 | J38: <45 | K38: <45 | L38: <45 | M38: <45 | N38: <45 | O38: <2:4
A40: VP Score | B40: 18 | C40: 19-49 | D40: 50-59 | E40: 60-69 | F40: A-E | H40: MC Score | I40: 18 | J40: 19-49 | K40: 50-59 | L40: 60-69 | M40: A-E | P40: 18 | Q40: 2
A41: 30 | B41: 102 | C41: 107 | D41: 116 | E41: 129 | F41: >16:0 | H41: 30 | I41: 102 | J41: 107 | K41: 115 | L41: 122 | M41: >16:0 | P41: 19-49 | Q41: 3
A42: 29 | B42: 97 | C42: 101 | D42: 110 | E42: 123 | F42: 16:0 | H42: 29 | I42: 97 | J42: 102 | K42: 109 | L42: 117 | M42: 16:1 | P42: 50-59 | Q42: 4
A43: 28 | B43: 94 | C43: 97 | D43: 106 | E43: 117 | F43: 15:0 | H43: 28 | I43: 93 | J43: 97 | K43: 106 | L43: 111 | M43: 15:0 | P43: 60-69 | Q43: 5
A44: 27 | B44: 89 | C44: 92 | D44: 100 | E44: 111 | F44: 12:8 | H44: 27 | I44: 89 | J44: 92 | K44: 100 | L44: 106 | M44: 12:5 | P44: =H2 -> 19-49 | Q44: =VLOOKUP(P44,P40:Q43,2,FALSE) -> 3
A45: 26 | B45: 85 | C45: 86 | D45: 95 | E45: 106 | F45: 11:8 | H45: 26 | I45: 85 | J45: 86 | K45: 95 | L45: 100 | M45: 10:8
A46: 25 | B46: 82 | C46: 81 | D46: 90 | E46: 100 | F46: 10:8 | H46: 25 | I46: 81 | J46: 81 | K46: 90 | L46: 96 | M46: 9:8
A47: 24 | B47: 77 | C47: 76 | D47: 84 | E47: 95 | F47: 9:8 | H47: 24 | I47: 77 | J47: 76 | K47: 85 | L47: 90 | M47: 9:4
A48: 23 | B48: 73 | C48: 72 | D48: 79 | E48: 89 | F48: 8:8 | H48: 23 | I48: 73 | J48: 71 | K48: 80 | L48: 85 | M48: 8:8
A49: 22 | B49: 68 | C49: 58 | D49: 69 | E49: 79 | F49: 8:4 | H49: 22 | I49: 70 | J49: 64 | K49: 74 | L49: 80 | M49: 8:4
A50: 21 | B50: 63 | C50: 51 | D50: 59 | E50: 73 | F50: 7:8 | H50: 21 | I50: 64 | J50: 56 | K50: 69 | L50: 75 | M50: 7:8
A51: 20 | B51: 57 | C51: 45 | D51: 54 | E51: 66 | F51: 7:4 | H51: 20 | I51: 58 | J51: 47 | K51: 59 | L51: 70 | M51: 7:4
A52: 19 | B52: 54 | C52: <45 | D52: 45 | E52: 57 | F52: 6:8 | H52: 19 | I52: 52 | J52: 45 | K52: 54 | L52: 61 | M52: 6:8
A53: 18 | B53: 45 | C53: <45 | D53: <45 | E53: 47 | F53: 6:4 | H53: 18 | I53: 45 | J53: <45 | K53: 45 | L53: 56 | M53: 6:4
A54: 17 | B54: <45 | C54: <45 | D54: <45 | E54: 45 | F54: 5:8 | H54: 17 | I54: <45 | J54: <45 | K54: <45 | L54: 45 | M54: 5:11
A55: 16 | B55: <45 | C55: <45 | D55: <45 | E55: <45 | F55: 5:1 | H55: 16 | I55: <45 | J55: <45 | K55: <45 | L55: <45 | M55: 5:4
A56: 15 | B56: <45 | C56: <45 | D56: <45 | E56: <45 | F56: 4:8 | H56: 15 | I56: <45 | J56: <45 | K56: <45 | L56: <45 | M56: 4:11
A57: 14 | B57: <45 | C57: <45 | D57: <45 | E57: <45 | F57: 4:4 | H57: 14 | I57: <45 | J57: <45 | K57: <45 | L57: <45 | M57: 4:7
A58: 13 | B58: <45 | C58: <45 | D58: <45 | E58: <45 | F58: 4:0 | H58: 13 | I58: <45 | J58: <45 | K58: <45 | L58: <45 | M58: 4:0
A59: 12 | B59: <45 | C59: <45 | D59: <45 | E59: <45 | F59: 3:9 | H59: 12 | I59: <45 | J59: <45 | K59: <45 | L59: <45 | M59: 3:9
A60: 11 | B60: <45 | C60: <45 | D60: <45 | E60: <45 | F60: 3:7 | H60: 11 | I60: <45 | J60: <45 | K60: <45 | L60: <45 | M60: 3:7
A61: 10 | B61: <45 | C61: <45 | D61: <45 | E61: <45 | F61: 3:5 | H61: 10 | I61: <45 | J61: <45 | K61: <45 | L61: <45 | M61: 3:5
A62: 9 | B62: <45 | C62: <45 | D62: <45 | E62: <45 | F62: 3:3 | H62: 9 | I62: <45 | J62: <45 | K62: <45 | L62: <45 | M62: 3:3
A63: 8 | B63: <45 | C63: <45 | D63: <45 | E63: <45 | F63: 2:11 | H63: 8 | I63: <45 | J63: <45 | K63: <45 | L63: <45 | M63: 2:11
A64: 7 | B64: <45 | C64: <45 | D64: <45 | E64: <45 | F64: <2:11 | H64: 7 | I64: <45 | J64: <45 | K64: <45 | L64: <45 | M64: <2:11
A65: 6 | B65: <45 | C65: <45 | D65: <45 | E65: <45 | F65: <2:11 | H65: 6 | I65: <45 | J65: <45 | K65: <45 | L65: <45 | M65: <2:11
A66: 5 | B66: <45 | C66: <45 | D66: <45 | E66: <45 | F66: <2:11 | H66: 5 | I66: <45 | J66: <45 | K66: <45 | L66: <45 | M66: <2:11
... A71: 0 | B71: <45 | C71: <45 | D71: <45 | E71: <45 | F71: <2:11 | H71: 0 | I71: <45 | J71: <45 | K71: <45 | L71: <45 | M71: <2:11

Sheet JOLO
A1: Score (Corrected) | B1: Frequency | C1: Percentile | D1: Classification
A2: 30 | B2: 38 | C2: 86+ | D2: Superior
A3: 29 | B3: 38 | C3: 86+ | D3: Superior
A4: 28 | B4: 22 | C4: 72 | D4: High Average
A5: 27 | B5: 22 | C5: 72 | D5: High Average
A6: 26 | B6: 22 | C6: 56 | D6: Average
A7: 25 | B7: 22 | C7: 56 | D7: Average
A8: 24 | B8: 25 | C8: 40 | D8: Average
A9: 23 | B9: 25 | C9: 40 | D9: Average
A10: 22 | B10: 18 | C10: 22 | D10: Low Average
A11: 21 | B11: 18 | C11: 22 | D11: Low Average
A12: 20 | B12: 7 | C12: 9 | D12: Borderline
A13: 19 | B13: 7 | C13: 9 | D13: Borderline
A14: 18 | B14: 3 | C14: 4 | D14: Moderately Defective
A15: 17 | B15: 3 | C15: 4 | D15: Moderately Defective
A16: <17 | B16: 2 | C16: 1.5 | D16: Severely Defective
A18: Age | B18: =IF('Scores Summary'!C10="","",'Scores Summary'!C10) -> 41
A19: Gender | B19: =IF('Scores Summary'!H9="","",'Scores Summary'!H9)
A21: Raw Score | B21: =IF('Scores Summary'!D23="","",'Scores Summary'!D23)
A22: Age Correction | B22: + | C22: =IF(B18="",0,IF(B18>=65,3,IF(B18>=50,1,0))) -> 0
A23: Gender Correction | B23: + | C23: =IF(B19="",0,IF(B19="Female",2,0)) -> 0
A24: Total Corrected | B24: =IF(SUM(B21,C22,C23)<17,"<17",IF(SUM(B21,C22,C23)>30,30,SUM(B21,C22,C23))) -> <17
A25: Percentile | B25: =IF(B24="","",VLOOKUP(B24,A1:D16,3,FALSE)) -> 1.5
A26: Range | B26: =IF(B25="","",VLOOKUP(B25,C1:D16,2,FALSE)) -> Severely Defective

Sheet Stroop Word Predicted
B1: 0 | C1: 1 | D1: 2 | E1: 3 | F1: 4 | G1: 5 | H1: 6 | I1: 7 | J1: 8 | K1: 9 | L1: 10 | M1: 11 | N1: 12 | O1: 13 | P1: 14 | Q1: 15 | R1: 16 | S1: 17 | T1: 18 | U1: 19 | V1: 20
A2: 15 | B2: 79 | C2: 81 | D2: 83 | E2: 85 | F2: 87 | G2: 89 | H2: 91 | I2: 93 | J2: 95 | K2: 97 | L2: 98 | M2: 100 | N2: 102 | O2: 104 | P2: 106 | Q2: 108 | R2: 110 | S2: 112 | T2: 114 | U2: 116 | V2: 118
A3: 20 | B3: 78 | C3: 80 | D3: 82 | E3: 84 | F3: 86 | G3: 88 | H3: 90 | I3: 92 | J3: 94 | K3: 96 | L3: 98 | M3: 100 | N3: 102 | O3: 104 | P3: 106 | Q3: 108 | R3: 110 | S3: 112 | T3: 114 | U3: 116 | V3: 118
A4: 25 | B4: 78 | C4: 80 | D4: 82 | E4: 84 | F4: 86 | G4: 88 | H4: 90 | I4: 92 | J4: 93 | K4: 95 | L4: 97 | M4: 99 | N4: 101 | O4: 103 | P4: 105 | Q4: 107 | R4: 109 | S4: 111 | T4: 113 | U4: 115 | V4: 117
A5: 30 | B5: 77 | C5: 79 | D5: 81 | E5: 83 | F5: 85 | G5: 87 | H5: 89 | I5: 91 | J5: 93 | K5: 95 | L5: 97 | M5: 99 | N5: 101 | O5: 103 | P5: 105 | Q5: 107 | R5: 109 | S5: 111 | T5: 113 | U5: 115 | V5: 117
A6: 35 | B6: 77 | C6: 79 | D6: 81 | E6: 83 | F6: 85 | G6: 87 | H6: 89 | I6: 90 | J6: 92 | K6: 94 | L6: 96 | M6: 98 | N6: 100 | O6: 102 | P6: 104 | Q6: 106 | R6: 108 | S6: 110 | T6: 112 | U6: 114 | V6: 116
A7: 40 | B7: 76 | C7: 78 | D7: 80 | E7: 82 | F7: 84 | G7: 86 | H7: 88 | I7: 90 | J7: 92 | K7: 94 | L7: 96 | M7: 98 | N7: 100 | O7: 102 | P7: 104 | Q7: 106 | R7: 108 | S7: 110 | T7: 112 | U7: 114 | V7: 116
A8: 45 | B8: 76 | C8: 78 | D8: 80 | E8: 82 | F8: 84 | G8: 85 | H8: 87 | I8: 89 | J8: 91 | K8: 93 | L8: 95 | M8: 97 | N8: 99 | O8: 101 | P8: 103 | Q8: 105 | R8: 107 | S8: 109 | T8: 111 | U8: 113 | V8: 115
A9: 50 | B9: 75 | C9: 77 | D9: 79 | E9: 81 | F9: 83 | G9: 85 | H9: 87 | I9: 89 | J9: 91 | K9: 93 | L9: 95 | M9: 97 | N9: 99 | O9: 101 | P9: 103 | Q9: 105 | R9: 107 | S9: 109 | T9: 111 | U9: 113 | V9: 115
A10: 55 | B10: 75 | C10: 77 | D10: 79 | E10: 80 | F10: 82 | G10: 84 | H10: 86 | I10: 88 | J10: 90 | K10: 92 | L10: 94 | M10: 96 | N10: 98 | O10: 100 | P10: 102 | Q10: 104 | R10: 106 | S10: 108 | T10: 110 | U10: 112 | V10: 114
A11: 60 | B11: 74 | C11: 76 | D11: 78 | E11: 80 | F11: 82 | G11: 84 | H11: 86 | I11: 88 | J11: 90 | K11: 92 | L11: 94 | M11: 96 | N11: 98 | O11: 100 | P11: 102 | Q11: 104 | R11: 106 | S11: 108 | T11: 110 | U11: 112 | V11: 113
A12: 65 | B12: 74 | C12: 76 | D12: 77 | E12: 79 | F12: 81 | G12: 83 | H12: 85 | I12: 87 | J12: 89 | K12: 91 | L12: 93 | M12: 95 | N12: 97 | O12: 99 | P12: 101 | Q12: 103 | R12: 105 | S12: 107 | T12: 109 | U12: 111 | V12: 113
A13: 70 | B13: 73 | C13: 75 | D13: 77 | E13: 79 | F13: 81 | G13: 83 | H13: 85 | I13: 87 | J13: 89 | K13: 91 | L13: 93 | M13: 95 | N13: 97 | O13: 99 | P13: 101 | Q13: 103 | R13: 105 | S13: 107 | T13: 108 | U13: 110 | V13: 112
... A19: 100 | B19: 70 | C19: 72 | D19: 74 | E19: 76 | F19: 78 | G19: 80 | H19: 82 | I19: 84 | J19: 86 | K19: 88 | L19: 90 | M19: 92 | N19: 94 | O19: 95 | P19: 97 | Q19: 99 | R19: 101 | S19: 103 | T19: 105 | U19: 107 | V19: 109
A21: Date of Birth: | C21: =IF('Scores Summary'!H7="","",'Scores Summary'!H7) -> 29722
A22: Date of Testing: | C22: =IF('Scores Summary'!C8="","",'Scores Summary'!C8) -> 44704
A23: Age: | C23: =IF(C21="","",IF(C22="","",YEARFRAC(C21,C22))) -> 41.019444
A24: Rounded Age: | C24: =IF(C23="","",MROUND(YEARFRAC(C21,C22),5)) -> 40 | F24: Predicted Score: | I24: =IF(C24="","",IF(B25="","",VLOOKUP(C24,A1:V19,B25+2,FALSE))) -> 112
A25: Ed: | B25: =IF('Scores Summary'!H8="Select:","",IF('Scores Summary'!H8="","",'Scores Summary'!H8)) -> 18

Sheet Stroop Color Predicted
B1: 0 | C1: 1 | D1: 2 | E1: 3 | F1: 4 | G1: 5 | H1: 6 | I1: 7 | J1: 8 | K1: 9 | L1: 10 | M1: 11 | N1: 12 | O1: 13 | P1: 14 | Q1: 15 | R1: 16 | S1: 17 | T1: 18 | U1: 19 | V1: 20
A2: 15 | B2: 67 | C2: 68 | D2: 69 | E2: 70 | F2: 71 | G2: 72 | H2: 73 | I2: 74 | J2: 75 | K2: 76 | L2: 77 | M2: 78 | N2: 79 | O2: 80 | P2: 81 | Q2: 82 | R2: 83 | S2: 84 | T2: 85 | U2: 86 | V2: 87
A3: 20 | B3: 66 | C3: 67 | D3: 68 | E3: 69 | F3: 70 | G3: 71 | H3: 72 | I3: 73 | J3: 74 | K3: 75 | L3: 76 | M3: 77 | N3: 78 | O3: 79 | P3: 80 | Q3: 81 | R3: 82 | S3: 83 | T3: 84 | U3: 85 | V3: 86
A4: 25 | B4: 65 | C4: 66 | D4: 67 | E4: 68 | F4: 69 | G4: 70 | H4: 71 | I4: 72 | J4: 73 | K4: 74 | L4: 75 | M4: 77 | N4: 78 | O4: 79 | P4: 80 | Q4: 81 | R4: 82 | S4: 83 | T4: 84 | U4: 85 | V4: 86
A5: 30 | B5: 65 | C5: 66 | D5: 67 | E5: 68 | F5: 69 | G5: 70 | H5: 71 | I5: 72 | J5: 73 | K5: 74 | L5: 75 | M5: 76 | N5: 77 | O5: 78 | P5: 79 | Q5: 80 | R5: 81 | S5: 82 | T5: 83 | U5: 84 | V5: 85
A6: 35 | B6: 64 | C6: 65 | D6: 66 | E6: 67 | F6: 68 | G6: 69 | H6: 70 | I6: 71 | J6: 72 | K6: 73 | L6: 74 | M6: 75 | N6: 76 | O6: 77 | P6: 78 | Q6: 79 | R6: 80 | S6: 81 | T6: 82 | U6: 83 | V6: 84
A7: 40 | B7: 63 | C7: 64 | D7: 65 | E7: 66 | F7: 67 | G7: 68 | H7: 69 | I7: 70 | J7: 71 | K7: 72 | L7: 73 | M7: 74 | N7: 75 | O7: 76 | P7: 77 | Q7: 78 | R7: 79 | S7: 81 | T7: 82 | U7: 83 | V7: 84
A8: 45 | B8: 62 | C8: 63 | D8: 64 | E8: 65 | F8: 66 | G8: 67 | H8: 69 | I8: 70 | J8: 71 | K8: 72 | L8: 73 | M8: 74 | N8: 75 | O8: 76 | P8: 77 | Q8: 78 | R8: 79 | S8: 80 | T8: 81 | U8: 82 | V8: 83
A9: 50 | B9: 62 | C9: 63 | D9: 64 | E9: 65 | F9: 66 | G9: 67 | H9: 68 | I9: 69 | J9: 70 | K9: 71 | L9: 72 | M9: 73 | N9: 74 | O9: 75 | P9: 76 | Q9: 77 | R9: 78 | S9: 79 | T9: 80 | U9: 81 | V9: 82
A10: 55 | B10: 61 | C10: 62 | D10: 63 | E10: 64 | F10: 65 | G10: 66 | H10: 67 | I10: 68 | J10: 69 | K10: 70 | L10: 71 | M10: 72 | N10: 73 | O10: 74 | P10: 75 | Q10: 76 | R10: 77 | S10: 78 | T10: 79 | U10: 80 | V10: 81
A11: 60 | B11: 60 | C11: 61 | D11: 62 | E11: 63 | F11: 64 | G11: 65 | H11: 66 | I11: 67 | J11: 68 | K11: 69 | L11: 70 | M11: 71 | N11: 73 | O11: 74 | P11: 75 | Q11: 76 | R11: 77 | S11: 78 | T11: 79 | U11: 80 | V11: 81
A12: 65 | B12: 59 | C12: 61 | D12: 62 | E12: 63 | F12: 64 | G12: 65 | H12: 66 | I12: 67 | J12: 68 | K12: 69 | L12: 70 | M12: 71 | N12: 72 | O12: 73 | P12: 74 | Q12: 75 | R12: 76 | S12: 77 | T12: 78 | U12: 79 | V12: 80
A13: 70 | B13: 59 | C13: 60 | D13: 61 | E13: 62 | F13: 63 | G13: 64 | H13: 65 | I13: 66 | J13: 67 | K13: 68 | L13: 69 | M13: 70 | N13: 71 | O13: 72 | P13: 73 | Q13: 74 | R13: 75 | S13: 76 | T13: 77 | U13: 78 | V13: 79
... A19: 100 | B19: 54 | C19: 55 | D19: 57 | E19: 58 | F19: 59 | G19: 60 | H19: 61 | I19: 62 | J19: 63 | K19: 64 | L19: 65 | M19: 66 | N19: 67 | O19: 68 | P19: 69 | Q19: 70 | R19: 71 | S19: 72 | T19: 73 | U19: 74 | V19: 75
A21: Date of Birth: | C21: ='Stroop Word Predicted'!C21:D21 -> 29722
A22: Date of Testing: | C22: ='Stroop Word Predicted'!C22:D22 -> 44704
A23: Age: | C23: ='Stroop Word Predicted'!C23 -> 41.019444
A24: Rounded Age: | C24: ='Stroop Word Predicted'!C24 -> 40 | F24: Predicted Score: | I24: =IF(C24="","",IF(B25="","",VLOOKUP(C24,A1:V19,B25+2,FALSE))) -> 82
A25: Ed: | B25: ='Stroop Word Predicted'!B25:C25 -> 18

Sheet Stroop Inhibition Predicted
B1: 0 | C1: 1 | D1: 2 | E1: 3 | F1: 4 | G1: 5 | H1: 6 | I1: 7 | J1: 8 | K1: 9 | L1: 10 | M1: 11 | N1: 12 | O1: 13 | P1: 14 | Q1: 15 | R1: 16 | S1: 17 | T1: 18 | U1: 19 | V1: 20
A2: 15 | B2: 29 | C2: 30 | D2: 32 | E2: 33 | F2: 34 | G2: 36 | H2: 37 | I2: 38 | J2: 40 | K2: 41 | L2: 42 | M2: 44 | N2: 45 | O2: 46 | P2: 48 | Q2: 49 | R2: 51 | S2: 52 | T2: 53 | U2: 55 | V2: 56
A3: 20 | B3: 28 | C3: 29 | D3: 30 | E3: 32 | F3: 33 | G3: 35 | H3: 36 | I3: 37 | J3: 39 | K3: 40 | L3: 41 | M3: 43 | N3: 44 | O3: 45 | P3: 47 | Q3: 48 | R3: 49 | S3: 51 | T3: 52 | U3: 53 | V3: 55
A4: 25 | B4: 27 | C4: 28 | D4: 29 | E4: 31 | F4: 32 | G4: 33 | H4: 35 | I4: 36 | J4: 37 | K4: 39 | L4: 40 | M4: 41 | N4: 43 | O4: 44 | P4: 46 | Q4: 47 | R4: 48 | S4: 50 | T4: 51 | U4: 52 | V4: 54
A5: 30 | B5: 25 | C5: 27 | D5: 28 | E5: 29 | F5: 31 | G5: 32 | H5: 34 | I5: 35 | J5: 36 | K5: 38 | L5: 39 | M5: 40 | N5: 42 | O5: 43 | P5: 44 | Q5: 46 | R5: 47 | S5: 48 | T5: 50 | U5: 51 | V5: 52
A6: 35 | B6: 24 | C6: 26 | D6: 27 | E6: 28 | F6: 30 | G6: 31 | H6: 32 | I6: 34 | J6: 35 | K6: 36 | L6: 38 | M6: 39 | N6: 40 | O6: 42 | P6: 43 | Q6: 45 | R6: 46 | S6: 47 | T6: 49 | U6: 50 | V6: 51
A7: 40 | B7: 23 | C7: 24 | D7: 26 | E7: 27 | F7: 29 | G7: 30 | H7: 31 | I7: 33 | J7: 34 | K7: 35 | L7: 37 | M7: 38 | N7: 39 | O7: 41 | P7: 42 | Q7: 43 | R7: 45 | S7: 46 | T7: 47 | U7: 49 | V7: 50
A8: 45 | B8: 22 | C8: 23 | D8: 25 | E8: 26 | F8: 27 | G8: 29 | H8: 30 | I8: 31 | J8: 33 | K8: 34 | L8: 35 | M8: 37 | N8: 38 | O8: 40 | P8: 41 | Q8: 42 | R8: 44 | S8: 45 | T8: 46 | U8: 48 | V8: 49
A9: 50 | B9: 21 | C9: 22 | D9: 24 | E9: 25 | F9: 26 | G9: 28 | H9: 29 | I9: 30 | J9: 32 | K9: 33 | L9: 34 | M9: 36 | N9: 37 | O9: 38 | P9: 40 | Q9: 41 | R9: 42 | S9: 44 | T9: 45 | U9: 46 | V9: 48
A10: 55 | B10: 20 | C10: 21 | D10: 22 | E10: 24 | F10: 25 | G10: 26 | H10: 28 | I10: 29 | J10: 30 | K10: 32 | L10: 33 | M10: 35 | N10: 36 | O10: 37 | P10: 39 | Q10: 40 | R10: 41 | S10: 43 | T10: 44 | U10: 45 | V10: 47
A11: 60 | B11: 19 | C11: 20 | D11: 21 | E11: 23 | F11: 24 | G11: 25 | H11: 27 | I11: 28 | J11: 29 | K11: 31 | L11: 32 | M11: 33 | N11: 35 | O11: 36 | P11: 37 | Q11: 39 | R11: 40 | S11: 41 | T11: 43 | U11: 44 | V11: 46
A12: 65 | B12: 17 | C12: 19 | D12: 20 | E12: 21 | F12: 23 | G12: 24 | H12: 25 | I12: 27 | J12: 28 | K12: 30 | L12: 31 | M12: 32 | N12: 34 | O12: 35 | P12: 36 | Q12: 38 | R12: 39 | S12: 40 | T12: 42 | U12: 43 | V12: 44
A13: 70 | B13: 16 | C13: 18 | D13: 19 | E13: 20 | F13: 22 | G13: 23 | H13: 24 | I13: 26 | J13: 27 | K13: 28 | L13: 30 | M13: 31 | N13: 32 | O13: 34 | P13: 35 | Q13: 36 | R13: 38 | S13: 39 | T13: 41 | U13: 42 | V13: 43
... A19: 100 | B19: 9 | C19: 11 | D19: 12 | E19: 13 | F19: 15 | G19: 16 | H19: 17 | I19: 19 | J19: 20 | K19: 21 | L19: 23 | M19: 24 | N19: 25 | O19: 27 | P19: 28 | Q19: 30 | R19: 31 | S19: 32 | T19: 34 | U19: 35 | V19: 36
A21: Date of Birth: | C21: ='Stroop Word Predicted'!C21:D21 -> 29722
A22: Date of Testing: | C22: ='Stroop Word Predicted'!C22:D22 -> 44704
A23: Age: | C23: ='Stroop Word Predicted'!C23 -> 41.019444
A24: Rounded Age: | C24: ='Stroop Word Predicted'!C24 -> 40 | F24: Predicted Score: | I24: =IF(C24="","",IF(B25="","",VLOOKUP(C24,A1:V19,B25+2,FALSE))) -> 47
A25: Ed: | B25: ='Stroop Word Predicted'!B25:C25 -> 18

Sheet Stroop T-Score Calc
A1: Deviation Score | B1: Word | C1: Color | D1: Color-Word | E1: Interferece
A2: 50 | B2: 85 | C2: 92 | D2: 98
A3: =A2-1 -> 49 | B3: 84 | C3: 91 | D3: 97
A4: =A3-1 -> 48 | B4: 84 | C4: 90 | D4: 97
A5: =A4-1 -> 47 | B5: 83 | C5: 89 | D5: 96
A6: =A5-1 -> 46 | B6: 82 | C6: 88 | D6: 95
A7: =A6-1 -> 45 | B7: 82 | C7: 87 | D7: 94
A8: =A7-1 -> 44 | B8: 81 | C8: 87 | D8: 93
A9: =A8-1 -> 43 | B9: 80 | C9: 86 | D9: 92
A10: =A9-1 -> 42 | B10: 80 | C10: 85 | D10: 91
A11: =A10-1 -> 41 | B11: 79 | C11: 84 | D11: 90
A12: =A11-1 -> 40 | B12: 78 | C12: 83 | D12: 89
A13: =A12-1 -> 39 | B13: 77 | C13: 82 | D13: 88
A14: =A13-1 -> 38 | B14: 77 | C14: 82 | D14: 87
... A21: =A20-1 -> 31 | B21: 72 | C21: 76 | D21: 80
A22: =A21-1 -> 30 | B22: 71 | C22: 75 | D22: 79 | E22: 80
A23: =A22-1 -> 29 | B23: 70 | C23: 74 | D23: 78 | E23: 79
A24: =A23-1 -> 28 | B24: 70 | C24: 73 | D24: 77 | E24: 78
A25: =A24-1 -> 27 | B25: 69 | C25: 72 | D25: 76 | E25: 77
A26: =A25-1 -> 26 | B26: 68 | C26: 72 | D26: 75 | E26: 76
A27: =A26-1 -> 25 | B27: 68 | C27: 71 | D27: 74 | E27: 75
A28: =A27-1 -> 24 | B28: 67 | C28: 70 | D28: 73 | E28: 74
A29: =A28-1 -> 23 | B29: 66 | C29: 69 | D29: 72 | E29: 73
A30: =A29-1 -> 22 | B30: 65 | C30: 68 | D30: 71 | E30: 72
A31: =A30-1 -> 21 | B31: 65 | C31: 67 | D31: 70 | E31: 71
A32: =A31-1 -> 20 | B32: 64 | C32: 67 | D32: 69 | E32: 70
A33: =A32-1 -> 19 | B33: 63 | C33: 66 | D33: 68 | E33: 69
... A81: =A80-1 -> -29 | B81: 30 | C81: 26 | D81: 22 | E81: 21
A82: =A81-1 -> -30 | B82: 29 | C82: 25 | D82: 21
A83: =A82-1 -> -31 | B83: 28 | C83: 24 | D83: 20
A84: =A83-1 -> -32 | B84: 28 | C84: 23 | D84: 19
A85: =A84-1 -> -33 | B85: 27 | C85: 23 | D85: 18
A86: =A85-1 -> -34 | B86: 26 | C86: 22 | D86: 17
A87: =A86-1 -> -35 | B87: 25 | C87: 21 | D87: 16
A88: =A87-1 -> -36 | B88: 25 | C88: 20 | D88: 15
A89: =A88-1 -> -37 | B89: 24 | C89: 19 | D89: 14
A90: =A89-1 -> -38 | B90: 23 | C90: 18 | D90: 13
A91: =A90-1 -> -39 | B91: 23 | C91: 18 | D91: 12
A92: =A91-1 -> -40 | B92: 22 | C92: 17 | D92: 11
A93: =A92-1 -> -41 | B93: 21 | C93: 16 | D93: 10
... A102: =A101-1 -> -50 | B102: 15 | C102: 8 | D102: 3

Sheet Stroop Inter. Pred.
B1: 2 | C1: =B1+4 -> 6 | D1: =C1+4 -> 10 | E1: =D1+4 -> 14 | F1: =E1+4 -> 18 | G1: =F1+4 -> 22 | H1: =G1+4 -> 26 | I1: =H1+4 -> 30 | J1: =I1+4 -> 34 | ... AC1: =AB1+4 -> 110 | AD1: ←Color
A2: 2 | B2: 1 | C2: 2 | D2: 2 | E2: 2 | F2: 2 | G2: 2 | H2: 2 | I2: 2 | J2: 2 | K2: 2 | L2: 2 | M2: 2 | N2: 2 | O2: 2 | P2: 2 | Q2: 2 | R2: 2 | S2: 2 | T2: 2 | U2: 2 | V2: 2 | W2: 2 | X2: 2 | Y2: 2 | Z2: 2 | AA2: 2 | AB2: 2 | AC2: 2
A3: =A2+4 -> 6 | B3: 2 | C3: 3 | D3: 4 | E3: 4 | F3: 5 | G3: 5 | H3: 5 | I3: 5 | J3: 5 | K3: 5 | L3: 5 | M3: 5 | N3: 5 | O3: 5 | P3: 5 | Q3: 5 | R3: 6 | S3: 6 | T3: 6 | U3: 6 | V3: 6 | W3: 6 | X3: 6 | Y3: 6 | Z3: 6 | AA3: 6 | AB3: 6 | AC3: 6
A4: =A3+4 -> 10 | B4: 2 | C4: 4 | D4: 5 | E4: 6 | F4: 6 | G4: 7 | H4: 7 | I4: 8 | J4: 8 | K4: 8 | L4: 8 | M4: 8 | N4: 8 | O4: 8 | P4: 9 | Q4: 9 | R4: 9 | S4: 9 | T4: 9 | U4: 9 | V4: 9 | W4: 9 | X4: 9 | Y4: 9 | Z4: 9 | AA4: 9 | AB4: 9 | AC4: 9
A5: =A4+4 -> 14 | B5: 2 | C5: 4 | D5: 6 | E5: 7 | F5: 8 | G5: 9 | H5: 9 | I5: 10 | J5: 10 | K5: 10 | L5: 11 | M5: 11 | N5: 11 | O5: 11 | P5: 11 | Q5: 11 | R5: 12 | S5: 12 | T5: 12 | U5: 12 | V5: 12 | W5: 12 | X5: 12 | Y5: 12 | Z5: 12 | AA5: 12 | AB5: 12 | AC5: 12
A6: =A5+4 -> 18 | B6: 2 | C6: 5 | D6: 6 | E6: 8 | F6: 9 | G6: 11 | H6: 11 | I6: 11 | J6: 12 | K6: 12 | L6: 13 | M6: 13 | N6: 13 | O6: 14 | P6: 14 | Q6: 14 | R6: 14 | S6: 14 | T6: 14 | U6: 15 | V6: 15 | W6: 15 | X6: 15 | Y6: 15 | Z6: 15 | AA6: 15 | AB6: 15 | AC6: 15
A7: =A6+4 -> 22 | B7: 2 | C7: 5 | D7: 7 | E7: 9 | F7: 10 | G7: 12 | H7: 12 | I7: 13 | J7: 13 | K7: 14 | L7: 14 | M7: 15 | N7: 15 | O7: 16 | P7: 16 | Q7: 16 | R7: 17 | S7: 17 | T7: 17 | U7: 17 | V7: 17 | W7: 18 | X7: 18 | Y7: 18 | Z7: 18 | AA7: 18 | AB7: 18 | AC7: 18
A8: =A7+4 -> 26 | B8: 2 | C8: 5 | D8: 7 | E8: 9 | F8: 11 | G8: 13 | H8: 13 | I8: 14 | J8: 15 | K8: 15 | L8: 16 | M8: 17 | N8: 17 | O8: 18 | P8: 18 | Q8: 18 | R8: 19 | S8: 19 | T8: 19 | U8: 20 | V8: 20 | W8: 20 | X8: 20 | Y8: 20 | Z8: 21 | AA8: 21 | AB8: 21 | AC8: 21
A9: =A8+4 -> 30 | B9: 2 | C9: 5 | D9: 8 | E9: 10 | F9: 11 | G9: 14 | H9: 14 | I9: 15 | J9: 16 | K9: 17 | L9: 18 | M9: 18 | N9: 19 | O9: 19 | P9: 20 | Q9: 20 | R9: 21 | S9: 21 | T9: 21 | U9: 22 | V9: 22 | W9: 22 | X9: 23 | Y9: 23 | Z9: 23 | AA9: 23 | AB9: 23 | AC9: 24
A10: =A9+4 -> 34 | B10: 2 | C10: 5 | D10: 8 | E10: 10 | F10: 12 | G10: 15 | H10: 15 | I10: 16 | J10: 17 | K10: 18 | L10: 19 | M10: 20 | N10: 20 | O10: 21 | P10: 21 | Q10: 22 | R10: 22 | S10: 23 | T10: 23 | U10: 24 | V10: 24 | W10: 24 | X10: 25 | Y10: 25 | Z10: 25 | AA10: 26 | AB10: 26 | AC10: 26
A11: =A10+4 -> 38 | B11: 2 | C11: 5 | D11: 8 | E11: 10 | F11: 12 | G11: 15 | H11: 15 | I11: 17 | J11: 18 | K11: 19 | L11: 20 | M11: 21 | N11: 22 | O11: 22 | P11: 23 | Q11: 24 | R11: 24 | S11: 25 | T11: 25 | U11: 26 | V11: 26 | W11: 26 | X11: 27 | Y11: 27 | Z11: 27 | AA11: 28 | AB11: 28 | AC11: 28
A12: =A11+4 -> 42 | B12: 2 | C12: 5 | D12: 8 | E12: 11 | F12: 13 | G12: 16 | H12: 16 | I12: 18 | J12: 19 | K12: 20 | L12: 21 | M12: 22 | N12: 23 | O12: 24 | P12: 24 | Q12: 25 | R12: 26 | S12: 26 | T12: 27 | U12: 27 | V12: 28 | W12: 28 | X12: 29 | Y12: 29 | Z12: 29 | AA12: 30 | AB12: 30 | AC12: 30
A13: =A12+4 -> 46 | B13: 2 | C13: 5 | D13: 8 | E13: 11 | F13: 13 | G13: 17 | H13: 17 | I13: 18 | J13: 20 | K13: 21 | L13: 22 | M13: 23 | N13: 24 | O13: 25 | P13: 26 | Q13: 26 | R13: 27 | S13: 28 | T13: 28 | U13: 29 | V13: 29 | W13: 30 | X13: 30 | Y13: 31 | Z13: 31 | AA13: 32 | AB13: 32 | AC13: 32
A14: =A13+4 -> 50 | B14: 2 | C14: 5 | D14: 8 | E14: 11 | F14: 13 | G14: 17 | H14: 17 | I14: 19 | J14: 20 | K14: 22 | L14: 23 | M14: 24 | N14: 25 | O14: 26 | P14: 27 | Q14: 28 | R14: 28 | S14: 29 | T14: 30 | U14: 30 | V14: 31 | W14: 32 | X14: 32 | Y14: 33 | Z14: 33 | AA14: 34 | AB14: 34 | AC14: 34
... A34: =A33+4 -> 130 | B34: 2 | C34: 6 | D34: 9 | E34: 13 | F34: 16 | G34: 22 | H34: 22 | I34: 24 | J34: 27 | K34: 29 | L34: 32 | M34: 34 | N34: 36 | O34: 38 | P34: 40 | Q34: 42 | R34: 44 | S34: 46 | T34: 47 | U34: 49 | V34: 50 | W34: 52 | X34: 53 | Y34: 55 | Z34: 56 | AA34: 57 | AB34: 58 | AC34: 60
A35: ↑Word↑
B37: Raw Word Score: | F37: =IF('Scores Summary'!D16="","",'Scores Summary'!D16) -> 88 | I37: Rounded Word Score: | N37: =IF(F37="","",CEILING(F37,4)-2) -> 86 | R37: Predicted CW Score: | V37: =IF(N37="","",IF(N38="","",VLOOKUP(N37,A1:AC34,((0.25*N38)+1.5),FALSE))) -> 41
B38: Raw Color Score: | F38: =IF('Scores Summary'!D17="","",'Scores Summary'!D17) -> 80 | I38: Rounded Color Score: | N38: =IF(F38="","",CEILING(F38,4)-2) -> 78
