Workbook

Sheet Score Summary
A1: ABAS-3, Adult Form (Ages 16-89)
C5: Age Range: | D5: 16-21 | F5: Include Work? | G5: No | I5: =IF(AND(D5="75-89",G5="Yes"),"N/A for this age range!","")
C6: Rater: | D6: Self | F6: Prefered C.I.: | G6: 0.95
B8: Adaptive Skill Area | D8: Raw | E8: Scaled Scores
B9: Communication | E9: =IF(D9="","",Calculation!D10) | F9: =E9
B10: Community Use | E10: =IF(D10="","",Calculation!D11) | H10: =E10
B11: Func. Academics | E11: =IF(D11="","",Calculation!D12) | F11: =E11
B12: Home Living | E12: =IF(D12="","",Calculation!D13) | H12: =E12
B13: Health & Safety | E13: =IF(D13="","",Calculation!D14) | H13: =E13
B14: Leisure | E14: =IF(D14="","",Calculation!D15) | G14: =E14
B15: Self-Care | E15: =IF(D15="","",Calculation!D16) | H15: =E15
B16: Self-Direction | E16: =IF(D16="","",Calculation!D17) | F16: =E16
B17: Social | E17: =IF(D17="","",Calculation!D18) | G17: =E17
B18: (Work) | E18: =IF(D18="","",Calculation!D19) | H18: =E18
B19: Sum of ss: | E19: =IF(G5="Yes",(IF(COUNTIF(E9:E18,"")>0,"",SUM(E9:E18))),(IF(COUNTIF(E9:E17,"")>0,"",SUM(E9:E17)))) | F19: =IF(SUMPRODUCT((F9="")+(F11="")+(F16=""))>0,"",SUM(F9,F11,F16)) | G19: =IF(SUMPRODUCT((G14="")+(G17=""))>0,"",SUM(G14,G17)) | H19: =IF(G5="yes",(IF(SUMPRODUCT((H10="")+(H12="")+(H13="")+(H15="")+(H18=""))>0,"",SUM(H10,H12,H13,H15,H18))),(IF(SUMPRODUCT((H10="")+(H12="")+(H13="")+(H15=""))>0,"",SUM(H10,H12,H13,H15))))
E20: GAC | F20: Conceptual | G20: Social | H20: Practical
B22: Composite | D22: Sum of Scaled | E22: Standard Score | F22: Percentile | G22: =IF(G6="","",G6) -> 0.95 | H22: Conf. Int.
A23: General Adaptive Composite | D23: =IF(E19="","",E19) | E23: =IF(D23="","",IF(G5="Yes",Calc2!D11,Calc2!D10)) | F23: =IFERROR(VLOOKUP(E23,Calc2!G44:CN124,86,FALSE),"") | G23: =IFERROR(IF(E23<40,"",IF(G5="Yes",E23-Calc2!F11,IF(G5="No",E23-Calc2!F10,""))),"") | H23: - | I23: =IFERROR(IF(E23<40,"",IF(G5="Yes",E23+Calc2!F11,IF(G5="No",E23+Calc2!F10,""))),"")
B24: Conceptual | D24: =IF(F19="","",F19) | E24: =IF(D24="","",Calc2!D12) | F24: =IFERROR(VLOOKUP(E24,Calc2!G44:CN124,86,FALSE),"") | G24: =IFERROR(IF(E24<40,"",E24-Calc2!F12),"") | H24: - | I24: =IFERROR(IF(E24<40,"",E24+Calc2!F12),"")
B25: Social | D25: =IF(G19="","",G19) | E25: =IF(D25="","",Calc2!D13) | F25: =IFERROR(VLOOKUP(E25,Calc2!G44:CN124,86,FALSE),"") | G25: =IFERROR(IF(E25<40,"",E25-Calc2!F13),"") | H25: - | I25: =IFERROR(IF(E25<40,"",E25+Calc2!F13),"")
B26: Practical | D26: =IF(H19="","",H19) | E26: =IF(D26="","",IF(G5="Yes",Calc2!D15,Calc2!D14)) | F26: =IFERROR(VLOOKUP(E26,Calc2!G44:CN124,86,FALSE),"") | G26: =IFERROR(IF(E26<40,"",IF(G5="Yes",E26-Calc2!F15,IF(G5="No",E26-Calc2!F14,""))),"") | H26: - | I26: =IFERROR(IF(E26<40,"",IF(G5="Yes",E26+Calc2!F15,IF(G5="No",E26+Calc2!F14,""))),"")

Sheet Optional
A1: Optional Analyses
A3: Adaptive Domain Comparisons
A4: Domain comparison | B4: SS 1 | C4: SS 2 | D4: Difference | E4: Crit Value. | G4: .05 level? | H4: Base rate
A5: Conceptual-Social | B5: ='Score Summary'!E24 | C5: ='Score Summary'!E25 | D5: =IFERROR(ABS(B5-C5),"") | E5: =IF('Score Summary'!$D$6="Self",Calc3!AL39,Calc3!AL45) -> 8.32 | G5: =IF(D5="","",IF(D5>=E5,"Yes","No")) | H5: =IF(D5="","",IF('Score Summary'!$D$6="Self",Calc3!AM39,Calc3!AM45))
A6: Conceptual-Practical* | B6: ='Score Summary'!E24 | C6: =Calc2!D14 -> 44 | D6: =IFERROR(ABS(B6-C6),"") | E6: =IF('Score Summary'!$D$6="Self",Calc3!AL40,Calc3!AL46) -> 7.78 | G6: =IF(D6="","",IF(D6>=E6,"Yes","No")) | H6: =IF(D5="","",IF('Score Summary'!$D$6="Self",Calc3!AM40,Calc3!AM46))
A7: Social-Practical* | B7: ='Score Summary'!E25 | C7: =Calc2!D14 -> 44 | D7: =IFERROR(ABS(B7-C7),"") | E7: =IF('Score Summary'!$D$6="Self",Calc3!AL41,Calc3!AL47) -> 7.78 | G7: =IF(D7="","",IF(D7>=E7,"Yes","No")) | H7: =IF(D5="","",IF('Score Summary'!$D$6="Self",Calc3!AM41,Calc3!AM47))
A8: *Only w/o Work available for this analysis; Practical calculated w/o Work
A9: Scatter in Adaptive Skill Area Scaled Scores
A10: Comparison Used: | B10: General Adaptive Composite (GAC) (all skill areas)
A11: GAC/Domain | B11: Highest Skill Area | D11: Lowest Skill Area | F11: Difference | G11: Crit Value. | H11: .05 level? | I11: Base Rate
B12: Name | C12: ss | D12: Name | E12: ss
A13: GAC: All skill areas | B13: =IFERROR(IF('Score Summary'!D6="Self",IF(I19="No",Calc3!G108,Calc3!G64),IF(I19="No",Calc3!P108,Calc3!P64)),"") | C13: =IF(B13="","",IF('Score Summary'!G5="No",MAX('Score Summary'!E9:E17),MAX('Score Summary'!E9:E18))) | D13: =IFERROR(IF('Score Summary'!D6="Self",IF(I19="No",Calc3!I108,Calc3!I64),IF(I19="No",Calc3!R108,Calc3!R64)),"") | E13: =IF(D13="","",IF('Score Summary'!G5="No",MIN('Score Summary'!E9:E17),MIN('Score Summary'!E9:E18))) | F13: =IFERROR(ABS(C13-E13),"") | G13: =IFERROR(IF('Score Summary'!D6="Self",IF(I19="No",Calc3!K108,Calc3!K64),IF(I19="No",Calc3!T108,Calc3!T64)),"") | H13: =IF(F13="","",IF(F13>=G13,"Yes","No")) | I13: =IF(F13="","",Calc3!M7)
A14: Conceptual skills | B14: =IFERROR(IF('Score Summary'!D6="Self",Calc3!G120,Calc3!P120),"") | C14: =IF(B14="","",MAX('Score Summary'!E9,'Score Summary'!E11,'Score Summary'!E16)) | D14: =IFERROR(IF('Score Summary'!D6="Self",Calc3!I120,Calc3!R120),"") | E14: =IF(D14="","",MIN('Score Summary'!E9,'Score Summary'!E11,'Score Summary'!E16)) | F14: =IFERROR(ABS(C14-E14),"") | G14: =IFERROR(IF('Score Summary'!D6="Self",Calc3!K120,Calc3!T120),"") | H14: =IF(F14="","",IF(F14>=G14,"Yes","No")) | I14: =IF(F14="","",Calc3!M8)
A15: Social skill areas | B15: =IFERROR(IF('Score Summary'!D6="Self",Calc3!G125,Calc3!P125),"") | C15: =IF(B15="","",MAX('Score Summary'!E14,'Score Summary'!E17)) | D15: =IFERROR(IF('Score Summary'!D6="Self",Calc3!I125,Calc3!R125),"") | E15: =IF(D15="","",MIN('Score Summary'!E14,'Score Summary'!E17)) | F15: =IFERROR(ABS(C15-E15),"") | G15: =IFERROR(IF('Score Summary'!D6="Self",Calc3!J124,Calc3!S124),"") -> 2.04 | H15: =IF(F15="","",IF(F15>=G15,"Yes","No")) | I15: =IF(F15="","",Calc3!M9)
A16: Practical skill areas | B16: =IFERROR(IF('Score Summary'!D6="Self",IF(I19="No",Calc3!G158,Calc3!G144),IF(I19="No",Calc3!P158,Calc3!P144)),"") | C16: =IF(B16="","",IF('Score Summary'!G5="No",MAX('Score Summary'!E10,'Score Summary'!E12,'Score Summary'!E13,'Score Summary'!E15),MAX('Score Summary'!E10,'Score Summary'!E12,'Score Summary'!E13,'Score Summary'!E15,'Score Summary'!E18))) | D16: =IFERROR(IF('Score Summary'!D6="Self",IF(I19="No",Calc3!I158,Calc3!I144),IF(I19="No",Calc3!R158,Calc3!R144)),"") | E16: =IF(D16="","",IF('Score Summary'!G5="No",MIN('Score Summary'!E10,'Score Summary'!E12,'Score Summary'!E13,'Score Summary'!E15),MIN('Score Summary'!E10,'Score Summary'!E12,'Score Summary'!E13,'Score Summary'!E15,'Score Summary'!E18))) | F16: =IFERROR(ABS(C16-E16),"") | G16: =IFERROR(IF('Score Summary'!D6="Self",IF(I19="No",Calc3!K158,Calc3!K144),IF(I19="No",Calc3!T158,Calc3!T144)),"") | H16: =IF(F16="","",IF(F16>=G16,"Yes","No")) | I16: =IF(F16="","",Calc3!M10)
A18: Strengths and Weaknesses in Adaptive Skill Areas
A19: Comparison Used?: | B19: General Adaptive Composite (GAC) (all skill areas) | H19: Include Work? | I19: ='Score Summary'!G5 -> No
B20: GAC | D20: Conceptual | F20: Social | H20: Practical
A21: Sum of scaled scores | B21: ='Score Summary'!D23 | D21: ='Score Summary'!D24 | F21: ='Score Summary'!D25 | H21: ='Score Summary'!D26
A22: Mean scaled score | B22: =IFERROR(IF(I19="No",B21/9,B21/10),"") | D22: =IFERROR(D21/3,"") | F22: =IFERROR(F21/2,"") | H22: =IFERROR(IF(I19="No",H21/4,H21/5),"")
A24: Determine Strengths and Weaknesses in Adaptive Skill Areas
A25: Skill area | B25: Scaled Score | D25: Mean | E25: Difference | G25: Crit Value. | H25: .05 level? | I25: Base Rate
A26: Communication | B26: ='Score Summary'!E9 | D26: =IF(B19="Adaptive domains",D22,B22) | E26: =IFERROR(ABS(B26-D26),"") | G26: =IF(E26="","",IF('Score Summary'!$D$6="Self",Calc3!AL13,Calc3!AL26)) | H26: =IF(E26="","",IF(E26>=G26,"Yes","No")) | I26: =IFERROR(IF('Score Summary'!$D$6="Self",Calc3!AM13,Calc3!AM26),"")
A27: Func. Academics | B27: ='Score Summary'!E11 | D27: =IF(B19="Adaptive domains",D22,B22) | E27: =IFERROR(ABS(B27-D27),"") | G27: =IF(E27="","",IF('Score Summary'!$D$6="Self",Calc3!AL14,Calc3!AL27)) | H27: =IF(E27="","",IF(E27>=G27,"Yes","No")) | I27: =IFERROR(IF('Score Summary'!$D$6="Self",Calc3!AM14,Calc3!AM27),"")
A28: Self-Direction | B28: ='Score Summary'!E16 | D28: =IF(B19="Adaptive domains",D22,B22) | E28: =IFERROR(ABS(B28-D28),"") | G28: =IF(E28="","",IF('Score Summary'!$D$6="Self",Calc3!AL15,Calc3!AL28)) | H28: =IF(E28="","",IF(E28>=G28,"Yes","No")) | I28: =IFERROR(IF('Score Summary'!$D$6="Self",Calc3!AM15,Calc3!AM28),"")
A29: Leisure | B29: ='Score Summary'!E14 | D29: =IF(B19="Adaptive domains",F22,B22) | E29: =IFERROR(ABS(B29-D29),"") | G29: =IF(E29="","",IF('Score Summary'!$D$6="Self",Calc3!AL16,Calc3!AL29)) | H29: =IF(E29="","",IF(E29>=G29,"Yes","No")) | I29: =IFERROR(IF('Score Summary'!$D$6="Self",Calc3!AM16,Calc3!AM29),"")
A30: Social | B30: ='Score Summary'!E17 | D30: =IF(B19="Adaptive domains",F22,B22) | E30: =IFERROR(ABS(B30-D30),"") | G30: =IF(E30="","",IF('Score Summary'!$D$6="Self",Calc3!AL17,Calc3!AL30)) | H30: =IF(E30="","",IF(E30>=G30,"Yes","No")) | I30: =IFERROR(IF('Score Summary'!$D$6="Self",Calc3!AM17,Calc3!AM30),"")
A31: Community Use | B31: ='Score Summary'!E10 | D31: =IF(B19="Adaptive domains",H22,B22) | E31: =IFERROR(ABS(B31-D31),"") | G31: =IF(E31="","",IF('Score Summary'!$D$6="Self",Calc3!AL18,Calc3!AL31)) | H31: =IF(E31="","",IF(E31>=G31,"Yes","No")) | I31: =IFERROR(IF('Score Summary'!$D$6="Self",Calc3!AM18,Calc3!AM31),"")
A32: Home Living | B32: ='Score Summary'!E12 | D32: =IF(B19="Adaptive domains",H22,B22) | E32: =IFERROR(ABS(B32-D32),"") | G32: =IF(E32="","",IF('Score Summary'!$D$6="Self",Calc3!AL19,Calc3!AL32)) | H32: =IF(E32="","",IF(E32>=G32,"Yes","No")) | I32: =IFERROR(IF('Score Summary'!$D$6="Self",Calc3!AM19,Calc3!AM32),"")
A33: Health & Safety | B33: ='Score Summary'!E13 | D33: =IF(B19="Adaptive domains",H22,B22) | E33: =IFERROR(ABS(B33-D33),"") | G33: =IF(E33="","",IF('Score Summary'!$D$6="Self",Calc3!AL20,Calc3!AL33)) | H33: =IF(E33="","",IF(E33>=G33,"Yes","No")) | I33: =IFERROR(IF('Score Summary'!$D$6="Self",Calc3!AM20,Calc3!AM33),"")
A34: Self-Care | B34: ='Score Summary'!E15 | D34: =IF(B19="Adaptive domains",H22,B22) | E34: =IFERROR(ABS(B34-D34),"") | G34: =IF(E34="","",IF('Score Summary'!$D$6="Self",Calc3!AL21,Calc3!AL34)) | H34: =IF(E34="","",IF(E34>=G34,"Yes","No")) | I34: =IFERROR(IF('Score Summary'!$D$6="Self",Calc3!AM21,Calc3!AM34),"")
A35: =IF(I19="No","","Work") | B35: =IF(I19="No","",'Score Summary'!E18) | D35: =IF(I19="No","",IF(B19="Adaptive domains",H22,B22)) | E35: =IFERROR(ABS(B35-D35),"") | G35: =IF(E35="","",IF(I19="No","",IF('Score Summary'!$D$6="Self",Calc3!AL22,Calc3!AL35))) | H35: =IF(E35="","",IF(I19="No","",IF(E35>=G35,"Yes","No"))) | I35: =IFERROR(IF(I19="No","",IF('Score Summary'!$D$6="Self",Calc3!AM22,Calc3!AM35)),"")

Sheet Calculation
H1: COMMUNICATION | V1: SELF-CARE | AJ1: SELF-DIRECTION | AX1: SOCIAL
H2: Rater: Self | O2: Rater: Other | V2: Rater: Self | AC2: Rater: Other | AJ2: Rater: Self | AQ2: Rater: Other | AX2: Rater: Self | BE2: Rater: Other
A3: Selections | C3: Col. Add | G3: Raw | H3: 16-21 | I3: 22-29 | J3: 30-39 | K3: 40-49 | L3: 50-64 | M3: 65-74 | N3: 75-89 | O3: 16-21 | P3: 22-29 | Q3: 30-39 | R3: 40-49 | S3: 50-64 | T3: 65-74 | U3: 75-89 | V3: 16-21 | W3: 22-29 | X3: 30-39 | Y3: 40-49 | Z3: 50-64 | AA3: 65-74 | AB3: 75-89 | AC3: 16-21 | AD3: 22-29 | AE3: 30-39 | AF3: 40-49 | AG3: 50-64 | AH3: 65-74 | AI3: 75-89 | AJ3: 16-21 | AK3: 22-29 | AL3: 30-39 | AM3: 40-49 | AN3: 50-64 | AO3: 65-74 | AP3: 75-89 | AQ3: 16-21 | AR3: 22-29 | AS3: 30-39 | AT3: 40-49 | AU3: 50-64 | AV3: 65-74 | AW3: 75-89 | AX3: 16-21 | AY3: 22-29 | AZ3: 30-39 | BA3: 40-49 | BB3: 50-64 | BC3: 65-74 | BD3: 75-89 | BE3: 16-21 | BF3: 22-29 | BG3: 30-39 | BH3: 40-49 | BI3: 50-64 | BJ3: 65-74 | BK3: 75-89
A4: Age: | B4: ='Score Summary'!D5 -> 16-21 | C4: =VLOOKUP(B4,A21:B28,2,FALSE) -> 0 | G4: 0 | H4: 1 | I4: 1 | J4: 1 | K4: 1 | L4: 1 | M4: 1 | N4: 1 | O4: 1 | P4: 1 | Q4: 1 | R4: 1 | S4: 1 | T4: 1 | U4: 1 | V4: 1 | W4: 1 | X4: 1 | Y4: 1 | Z4: 1 | AA4: 1 | AB4: 1 | AC4: 1 | AD4: 1 | AE4: 1 | AF4: 1 | AG4: 1 | AH4: 1 | AI4: 1 | AJ4: 1 | AK4: 1 | AL4: 1 | AM4: 1 | AN4: 1 | AO4: 1 | AP4: 1 | AQ4: 1 | AR4: 1 | AS4: 1 | AT4: 1 | AU4: 1 | AV4: 1 | AW4: 1 | AX4: 1 | AY4: 1 | AZ4: 1 | BA4: 1 | BB4: 1 | BC4: 1 | BD4: 1 | BE4: 1 | BF4: 1 | BG4: 1 | BH4: 1 | BI4: 1 | BJ4: 1 | BK4: 1
A5: Rater: | B5: ='Score Summary'!D6 -> Self | C5: =IF(B5="Self",0,IF(B5="Other",7,"")) -> 0 | G5: 1 | H5: 1 | I5: 1 | J5: 1 | K5: 1 | L5: 1 | M5: 1 | N5: 1 | O5: 1 | P5: 1 | Q5: 1 | R5: 1 | S5: 1 | T5: 1 | U5: 1 | V5: 1 | W5: 1 | X5: 1 | Y5: 1 | Z5: 1 | AA5: 1 | AB5: 1 | AC5: 1 | AD5: 1 | AE5: 1 | AF5: 1 | AG5: 1 | AH5: 1 | AI5: 1 | AJ5: 1 | AK5: 1 | AL5: 1 | AM5: 1 | AN5: 1 | AO5: 1 | AP5: 1 | AQ5: 1 | AR5: 1 | AS5: 1 | AT5: 1 | AU5: 1 | AV5: 1 | AW5: 1 | AX5: 1 | AY5: 1 | AZ5: 1 | BA5: 1 | BB5: 1 | BC5: 1 | BD5: 1 | BE5: 1 | BF5: 1 | BG5: 1 | BH5: 1 | BI5: 1 | BJ5: 1 | BK5: 1
A6: CI: | B6: ='Score Summary'!G6 -> 0.95 | G6: 2 | H6: 1 | I6: 1 | J6: 1 | K6: 1 | L6: 1 | M6: 1 | N6: 1 | O6: 1 | P6: 1 | Q6: 1 | R6: 1 | S6: 1 | T6: 1 | U6: 1 | V6: 1 | W6: 1 | X6: 1 | Y6: 1 | Z6: 1 | AA6: 1 | AB6: 1 | AC6: 1 | AD6: 1 | AE6: 1 | AF6: 1 | AG6: 1 | AH6: 1 | AI6: 1 | AJ6: 1 | AK6: 1 | AL6: 1 | AM6: 1 | AN6: 1 | AO6: 1 | AP6: 1 | AQ6: 1 | AR6: 1 | AS6: 1 | AT6: 1 | AU6: 1 | AV6: 1 | AW6: 1 | AX6: 1 | AY6: 1 | AZ6: 1 | BA6: 1 | BB6: 1 | BC6: 1 | BD6: 1 | BE6: 1 | BF6: 1 | BG6: 1 | BH6: 1 | BI6: 1 | BJ6: 1 | BK6: 1
A7: Work?: | B7: ='Score Summary'!G5 -> No | G7: 3 | H7: 1 | I7: 1 | J7: 1 | K7: 1 | L7: 1 | M7: 1 | N7: 1 | O7: 1 | P7: 1 | Q7: 1 | R7: 1 | S7: 1 | T7: 1 | U7: 1 | V7: 1 | W7: 1 | X7: 1 | Y7: 1 | Z7: 1 | AA7: 1 | AB7: 1 | AC7: 1 | AD7: 1 | AE7: 1 | AF7: 1 | AG7: 1 | AH7: 1 | AI7: 1 | AJ7: 1 | AK7: 1 | AL7: 1 | AM7: 1 | AN7: 1 | AO7: 1 | AP7: 1 | AQ7: 1 | AR7: 1 | AS7: 1 | AT7: 1 | AU7: 1 | AV7: 1 | AW7: 1 | AX7: 1 | AY7: 1 | AZ7: 1 | BA7: 1 | BB7: 1 | BC7: 1 | BD7: 1 | BE7: 1 | BF7: 1 | BG7: 1 | BH7: 1 | BI7: 1 | BJ7: 1 | BK7: 1
G8: 4 | H8: 1 | I8: 1 | J8: 1 | K8: 1 | L8: 1 | M8: 1 | N8: 1 | O8: 1 | P8: 1 | Q8: 1 | R8: 1 | S8: 1 | T8: 1 | U8: 1 | V8: 1 | W8: 1 | X8: 1 | Y8: 1 | Z8: 1 | AA8: 1 | AB8: 1 | AC8: 1 | AD8: 1 | AE8: 1 | AF8: 1 | AG8: 1 | AH8: 1 | AI8: 1 | AJ8: 1 | AK8: 1 | AL8: 1 | AM8: 1 | AN8: 1 | AO8: 1 | AP8: 1 | AQ8: 1 | AR8: 1 | AS8: 1 | AT8: 1 | AU8: 1 | AV8: 1 | AW8: 1 | AX8: 1 | AY8: 1 | AZ8: 1 | BA8: 1 | BB8: 1 | BC8: 1 | BD8: 1 | BE8: 1 | BF8: 1 | BG8: 1 | BH8: 1 | BI8: 1 | BJ8: 1 | BK8: 1
A9: Adaptive Skill Area | C9: Raw | D9: Scaled | E9: Col. | G9: 5 | H9: 1 | I9: 1 | J9: 1 | K9: 1 | L9: 1 | M9: 1 | N9: 1 | O9: 1 | P9: 1 | Q9: 1 | R9: 1 | S9: 1 | T9: 1 | U9: 1 | V9: 1 | W9: 1 | X9: 1 | Y9: 1 | Z9: 1 | AA9: 1 | AB9: 1 | AC9: 1 | AD9: 1 | AE9: 1 | AF9: 1 | AG9: 1 | AH9: 1 | AI9: 1 | AJ9: 1 | AK9: 1 | AL9: 1 | AM9: 1 | AN9: 1 | AO9: 1 | AP9: 1 | AQ9: 1 | AR9: 1 | AS9: 1 | AT9: 1 | AU9: 1 | AV9: 1 | AW9: 1 | AX9: 1 | AY9: 1 | AZ9: 1 | BA9: 1 | BB9: 1 | BC9: 1 | BD9: 1 | BE9: 1 | BF9: 1 | BG9: 1 | BH9: 1 | BI9: 1 | BJ9: 1 | BK9: 1
A10: Communication | C10: =IF('Score Summary'!D9="","",'Score Summary'!D9) | D10: =VLOOKUP(C10,G3:U79,SUM(C4,C5,E10),FALSE) -> #N/A | E10: 2 | G10: 6 | H10: 1 | I10: 1 | J10: 1 | K10: 1 | L10: 1 | M10: 1 | N10: 1 | O10: 1 | P10: 1 | Q10: 1 | R10: 1 | S10: 1 | T10: 1 | U10: 1 | V10: 1 | W10: 1 | X10: 1 | Y10: 1 | Z10: 1 | AA10: 1 | AB10: 1 | AC10: 1 | AD10: 1 | AE10: 1 | AF10: 1 | AG10: 1 | AH10: 1 | AI10: 1 | AJ10: 1 | AK10: 1 | AL10: 1 | AM10: 1 | AN10: 1 | AO10: 1 | AP10: 1 | AQ10: 1 | AR10: 1 | AS10: 1 | AT10: 1 | AU10: 1 | AV10: 1 | AW10: 1 | AX10: 1 | AY10: 1 | AZ10: 1 | BA10: 1 | BB10: 1 | BC10: 1 | BD10: 1 | BE10: 1 | BF10: 1 | BG10: 1 | BH10: 1 | BI10: 1 | BJ10: 1 | BK10: 1
A11: Community Use | C11: =IF('Score Summary'!D10="","",'Score Summary'!D10) | D11: =VLOOKUP(C11,G86:U159,SUM(E11,C4,C5),FALSE) -> #N/A | E11: 2 | G11: 7 | H11: 1 | I11: 1 | J11: 1 | K11: 1 | L11: 1 | M11: 1 | N11: 1 | O11: 1 | P11: 1 | Q11: 1 | R11: 1 | S11: 1 | T11: 1 | U11: 1 | V11: 1 | W11: 1 | X11: 1 | Y11: 1 | Z11: 1 | AA11: 1 | AB11: 1 | AC11: 1 | AD11: 1 | AE11: 1 | AF11: 1 | AG11: 1 | AH11: 1 | AI11: 1 | AJ11: 1 | AK11: 1 | AL11: 1 | AM11: 1 | AN11: 1 | AO11: 1 | AP11: 1 | AQ11: 1 | AR11: 1 | AS11: 1 | AT11: 1 | AU11: 1 | AV11: 1 | AW11: 1 | AX11: 1 | AY11: 1 | AZ11: 1 | BA11: 1 | BB11: 1 | BC11: 1 | BD11: 1 | BE11: 1 | BF11: 1 | BG11: 1 | BH11: 1 | BI11: 1 | BJ11: 1 | BK11: 1
A12: Func. Academics | C12: =IF('Score Summary'!D11="","",'Score Summary'!D11) | D12: =VLOOKUP(C12,G86:AI159,SUM(E12,C4,C5),FALSE) -> #N/A | E12: 16 | G12: 8 | H12: 1 | I12: 1 | J12: 1 | K12: 1 | L12: 1 | M12: 1 | N12: 1 | O12: 1 | P12: 1 | Q12: 1 | R12: 1 | S12: 1 | T12: 1 | U12: 1 | V12: 1 | W12: 1 | X12: 1 | Y12: 1 | Z12: 1 | AA12: 1 | AB12: 1 | AC12: 1 | AD12: 1 | AE12: 1 | AF12: 1 | AG12: 1 | AH12: 1 | AI12: 1 | AJ12: 1 | AK12: 1 | AL12: 1 | AM12: 1 | AN12: 1 | AO12: 1 | AP12: 1 | AQ12: 1 | AR12: 1 | AS12: 1 | AT12: 1 | AU12: 1 | AV12: 1 | AW12: 1 | AX12: 1 | AY12: 1 | AZ12: 1 | BA12: 1 | BB12: 1 | BC12: 1 | BD12: 1 | BE12: 1 | BF12: 1 | BG12: 1 | BH12: 1 | BI12: 1 | BJ12: 1 | BK12: 1
A13: Home Living | C13: =IF('Score Summary'!D12="","",'Score Summary'!D12) | D13: =VLOOKUP(C13,G86:AW159,SUM(E13,C4,C5),FALSE) -> #N/A | E13: 30 | G13: 9 | H13: 1 | I13: 1 | J13: 1 | K13: 1 | L13: 1 | M13: 1 | N13: 1 | O13: 1 | P13: 1 | Q13: 1 | R13: 1 | S13: 1 | T13: 1 | U13: 1 | V13: 1 | W13: 1 | X13: 1 | Y13: 1 | Z13: 1 | AA13: 1 | AB13: 1 | AC13: 1 | AD13: 1 | AE13: 1 | AF13: 1 | AG13: 1 | AH13: 1 | AI13: 1 | AJ13: 1 | AK13: 1 | AL13: 1 | AM13: 1 | AN13: 1 | AO13: 1 | AP13: 1 | AQ13: 1 | AR13: 1 | AS13: 1 | AT13: 1 | AU13: 1 | AV13: 1 | AW13: 1 | AX13: 1 | AY13: 1 | AZ13: 1 | BA13: 1 | BB13: 1 | BC13: 1 | BD13: 1 | BE13: 1 | BF13: 1 | BG13: 1 | BH13: 1 | BI13: 1 | BJ13: 1 | BK13: 1
A14: Health & Safety | C14: =IF('Score Summary'!D13="","",'Score Summary'!D13) | D14: =VLOOKUP(C14,G163:U224,SUM(E14,C4,C5),FALSE) -> #N/A | E14: 2 | G14: 10 | H14: 1 | I14: 1 | J14: 1 | K14: 1 | L14: 1 | M14: 1 | N14: 1 | O14: 1 | P14: 1 | Q14: 1 | R14: 1 | S14: 1 | T14: 1 | U14: 1 | V14: 1 | W14: 1 | X14: 1 | Y14: 1 | Z14: 1 | AA14: 1 | AB14: 1 | AC14: 1 | AD14: 1 | AE14: 1 | AF14: 1 | AG14: 1 | AH14: 1 | AI14: 1 | AJ14: 1 | AK14: 1 | AL14: 1 | AM14: 1 | AN14: 1 | AO14: 1 | AP14: 1 | AQ14: 1 | AR14: 1 | AS14: 1 | AT14: 1 | AU14: 1 | AV14: 1 | AW14: 1 | AX14: 1 | AY14: 1 | AZ14: 1 | BA14: 1 | BB14: 1 | BC14: 1 | BD14: 1 | BE14: 1 | BF14: 1 | BG14: 1 | BH14: 1 | BI14: 1 | BJ14: 1 | BK14: 1
A15: Leisure | C15: =IF('Score Summary'!D14="","",'Score Summary'!D14) | D15: =VLOOKUP(C15,G163:AI230,SUM(E15,C4,C5),FALSE) -> #N/A | E15: 16 | G15: 11 | H15: 1 | I15: 1 | J15: 1 | K15: 1 | L15: 1 | M15: 1 | N15: 1 | O15: 1 | P15: 1 | Q15: 1 | R15: 1 | S15: 1 | T15: 1 | U15: 1 | V15: 1 | W15: 1 | X15: 1 | Y15: 1 | Z15: 1 | AA15: 1 | AB15: 1 | AC15: 1 | AD15: 1 | AE15: 1 | AF15: 1 | AG15: 1 | AH15: 1 | AI15: 1 | AJ15: 1 | AK15: 1 | AL15: 1 | AM15: 1 | AN15: 1 | AO15: 1 | AP15: 1 | AQ15: 1 | AR15: 1 | AS15: 1 | AT15: 1 | AU15: 1 | AV15: 1 | AW15: 1 | AX15: 1 | AY15: 1 | AZ15: 1 | BA15: 1 | BB15: 1 | BC15: 1 | BD15: 1 | BE15: 1 | BF15: 1 | BG15: 1 | BH15: 1 | BI15: 1 | BJ15: 1 | BK15: 1
A16: Self-Care | C16: =IF('Score Summary'!D15="","",'Score Summary'!D15) | D16: =VLOOKUP(C16,G3:AI82,SUM(E16,C4,C5),FALSE) -> #N/A | E16: 16 | G16: 12 | H16: 1 | I16: 1 | J16: 1 | K16: 1 | L16: 1 | M16: 1 | N16: 1 | O16: 1 | P16: 1 | Q16: 1 | R16: 1 | S16: 1 | T16: 1 | U16: 1 | V16: 1 | W16: 1 | X16: 1 | Y16: 1 | Z16: 1 | AA16: 1 | AB16: 1 | AC16: 1 | AD16: 1 | AE16: 1 | AF16: 1 | AG16: 1 | AH16: 1 | AI16: 1 | AJ16: 1 | AK16: 1 | AL16: 1 | AM16: 1 | AN16: 1 | AO16: 1 | AP16: 1 | AQ16: 1 | AR16: 1 | AS16: 1 | AT16: 1 | AU16: 1 | AV16: 1 | AW16: 1 | AX16: 1 | AY16: 1 | AZ16: 1 | BA16: 1 | BB16: 1 | BC16: 1 | BD16: 1 | BE16: 1 | BF16: 1 | BG16: 1 | BH16: 1 | BI16: 1 | BJ16: 1 | BK16: 1
A17: Self-Direction | C17: =IF('Score Summary'!D16="","",'Score Summary'!D16) | D17: =VLOOKUP(C17,G3:AW79,SUM(E17,C4,C5),FALSE) -> #N/A | E17: 30 | G17: 13 | H17: 1 | I17: 1 | J17: 1 | K17: 1 | L17: 1 | M17: 1 | N17: 1 | O17: 1 | P17: 1 | Q17: 1 | R17: 1 | S17: 1 | T17: 1 | U17: 1 | V17: 1 | W17: 1 | X17: 1 | Y17: 1 | Z17: 1 | AA17: 1 | AB17: 1 | AC17: 1 | AD17: 1 | AE17: 1 | AF17: 1 | AG17: 1 | AH17: 1 | AI17: 1 | AJ17: 1 | AK17: 1 | AL17: 1 | AM17: 1 | AN17: 1 | AO17: 1 | AP17: 1 | AQ17: 1 | AR17: 1 | AS17: 1 | AT17: 1 | AU17: 1 | AV17: 1 | AW17: 1 | AX17: 1 | AY17: 1 | AZ17: 1 | BA17: 1 | BB17: 1 | BC17: 1 | BD17: 1 | BE17: 1 | BF17: 1 | BG17: 1 | BH17: 1 | BI17: 1 | BJ17: 1 | BK17: 1
A18: Social | C18: =IF('Score Summary'!D17="","",'Score Summary'!D17) | D18: =VLOOKUP(C18,G3:BK79,SUM(E18,C4,C5),FALSE) -> #N/A | E18: 44 | G18: 14 | H18: 1 | I18: 1 | J18: 1 | K18: 1 | L18: 1 | M18: 1 | N18: 1 | O18: 1 | P18: 1 | Q18: 1 | R18: 1 | S18: 1 | T18: 1 | U18: 1 | V18: 1 | W18: 1 | X18: 1 | Y18: 1 | Z18: 1 | AA18: 1 | AB18: 1 | AC18: 1 | AD18: 1 | AE18: 1 | AF18: 1 | AG18: 1 | AH18: 1 | AI18: 1 | AJ18: 1 | AK18: 1 | AL18: 1 | AM18: 1 | AN18: 1 | AO18: 1 | AP18: 1 | AQ18: 1 | AR18: 1 | AS18: 1 | AT18: 1 | AU18: 1 | AV18: 1 | AW18: 1 | AX18: 1 | AY18: 1 | AZ18: 1 | BA18: 1 | BB18: 1 | BC18: 1 | BD18: 1 | BE18: 1 | BF18: 1 | BG18: 1 | BH18: 1 | BI18: 1 | BJ18: 1 | BK18: 1
A19: (Work) | C19: =IF('Score Summary'!D18="","",'Score Summary'!D18) | D19: =VLOOKUP(C19,G86:BK159,SUM(E19,C4,C5),FALSE) -> #N/A | E19: 44 | G19: 15 | H19: 1 | I19: 1 | J19: 1 | K19: 1 | L19: 1 | M19: 1 | N19: 1 | O19: 1 | P19: 1 | Q19: 1 | R19: 1 | S19: 1 | T19: 1 | U19: 1 | V19: 1 | W19: 1 | X19: 1 | Y19: 1 | Z19: 1 | AA19: 1 | AB19: 1 | AC19: 1 | AD19: 1 | AE19: 1 | AF19: 1 | AG19: 1 | AH19: 1 | AI19: 1 | AJ19: 1 | AK19: 1 | AL19: 1 | AM19: 1 | AN19: 1 | AO19: 1 | AP19: 1 | AQ19: 1 | AR19: 1 | AS19: 1 | AT19: 1 | AU19: 1 | AV19: 1 | AW19: 1 | AX19: 1 | AY19: 1 | AZ19: 1 | BA19: 1 | BB19: 1 | BC19: 1 | BD19: 1 | BE19: 1 | BF19: 1 | BG19: 1 | BH19: 1 | BI19: 1 | BJ19: 1 | BK19: 1
G20: 16 | H20: 1 | I20: 1 | J20: 1 | K20: 1 | L20: 1 | M20: 1 | N20: 1 | O20: 1 | P20: 1 | Q20: 1 | R20: 1 | S20: 1 | T20: 1 | U20: 1 | V20: 1 | W20: 1 | X20: 1 | Y20: 1 | Z20: 1 | AA20: 1 | AB20: 1 | AC20: 1 | AD20: 1 | AE20: 1 | AF20: 1 | AG20: 1 | AH20: 1 | AI20: 1 | AJ20: 1 | AK20: 1 | AL20: 1 | AM20: 1 | AN20: 1 | AO20: 1 | AP20: 1 | AQ20: 1 | AR20: 1 | AS20: 1 | AT20: 1 | AU20: 1 | AV20: 1 | AW20: 1 | AX20: 1 | AY20: 1 | AZ20: 1 | BA20: 1 | BB20: 1 | BC20: 1 | BD20: 1 | BE20: 1 | BF20: 1 | BG20: 1 | BH20: 1 | BI20: 1 | BJ20: 1 | BK20: 1
A21: Age | B21: Col | G21: 17 | H21: 1 | I21: 1 | J21: 1 | K21: 1 | L21: 1 | M21: 1 | N21: 1 | O21: 1 | P21: 1 | Q21: 1 | R21: 1 | S21: 1 | T21: 1 | U21: 1 | V21: 1 | W21: 1 | X21: 1 | Y21: 1 | Z21: 1 | AA21: 1 | AB21: 1 | AC21: 1 | AD21: 1 | AE21: 1 | AF21: 1 | AG21: 1 | AH21: 1 | AI21: 1 | AJ21: 1 | AK21: 1 | AL21: 1 | AM21: 1 | AN21: 1 | AO21: 1 | AP21: 1 | AQ21: 1 | AR21: 1 | AS21: 1 | AT21: 1 | AU21: 1 | AV21: 1 | AW21: 1 | AX21: 1 | AY21: 1 | AZ21: 1 | BA21: 1 | BB21: 1 | BC21: 1 | BD21: 1 | BE21: 1 | BF21: 1 | BG21: 1 | BH21: 1 | BI21: 1 | BJ21: 1 | BK21: 1
A22: 16-21 | B22: 0 | G22: 18 | H22: 1 | I22: 1 | J22: 1 | K22: 1 | L22: 1 | M22: 1 | N22: 1 | O22: 1 | P22: 1 | Q22: 1 | R22: 1 | S22: 1 | T22: 1 | U22: 1 | V22: 1 | W22: 1 | X22: 1 | Y22: 1 | Z22: 1 | AA22: 1 | AB22: 1 | AC22: 1 | AD22: 1 | AE22: 1 | AF22: 1 | AG22: 1 | AH22: 1 | AI22: 1 | AJ22: 1 | AK22: 1 | AL22: 1 | AM22: 1 | AN22: 1 | AO22: 1 | AP22: 1 | AQ22: 1 | AR22: 1 | AS22: 1 | AT22: 1 | AU22: 1 | AV22: 1 | AW22: 1 | AX22: 1 | AY22: 1 | AZ22: 1 | BA22: 1 | BB22: 1 | BC22: 1 | BD22: 1 | BE22: 1 | BF22: 1 | BG22: 1 | BH22: 1 | BI22: 1 | BJ22: 1 | BK22: 1
A23: 22-29 | B23: 1 | G23: 19 | H23: 1 | I23: 1 | J23: 1 | K23: 1 | L23: 1 | M23: 1 | N23: 1 | O23: 1 | P23: 1 | Q23: 1 | R23: 1 | S23: 1 | T23: 1 | U23: 1 | V23: 1 | W23: 1 | X23: 1 | Y23: 1 | Z23: 1 | AA23: 1 | AB23: 1 | AC23: 1 | AD23: 1 | AE23: 1 | AF23: 1 | AG23: 1 | AH23: 1 | AI23: 1 | AJ23: 1 | AK23: 1 | AL23: 1 | AM23: 1 | AN23: 1 | AO23: 1 | AP23: 1 | AQ23: 1 | AR23: 1 | AS23: 1 | AT23: 1 | AU23: 1 | AV23: 1 | AW23: 1 | AX23: 1 | AY23: 1 | AZ23: 1 | BA23: 1 | BB23: 1 | BC23: 1 | BD23: 1 | BE23: 1 | BF23: 1 | BG23: 1 | BH23: 1 | BI23: 1 | BJ23: 1 | BK23: 1
A24: 30-39 | B24: 2 | G24: 20 | H24: 1 | I24: 1 | J24: 1 | K24: 1 | L24: 1 | M24: 1 | N24: 1 | O24: 1 | P24: 1 | Q24: 1 | R24: 1 | S24: 1 | T24: 1 | U24: 1 | V24: 1 | W24: 1 | X24: 1 | Y24: 1 | Z24: 1 | AA24: 1 | AB24: 1 | AC24: 1 | AD24: 1 | AE24: 1 | AF24: 1 | AG24: 1 | AH24: 1 | AI24: 1 | AJ24: 1 | AK24: 1 | AL24: 1 | AM24: 1 | AN24: 1 | AO24: 1 | AP24: 1 | AQ24: 1 | AR24: 1 | AS24: 1 | AT24: 1 | AU24: 1 | AV24: 1 | AW24: 1 | AX24: 1 | AY24: 1 | AZ24: 1 | BA24: 1 | BB24: 1 | BC24: 1 | BD24: 1 | BE24: 1 | BF24: 1 | BG24: 1 | BH24: 1 | BI24: 1 | BJ24: 1 | BK24: 1
A25: 40-49 | B25: 3 | G25: 21 | H25: 1 | I25: 1 | J25: 1 | K25: 1 | L25: 1 | M25: 1 | N25: 1 | O25: 1 | P25: 1 | Q25: 1 | R25: 1 | S25: 1 | T25: 1 | U25: 1 | V25: 1 | W25: 1 | X25: 1 | Y25: 1 | Z25: 1 | AA25: 1 | AB25: 1 | AC25: 1 | AD25: 1 | AE25: 1 | AF25: 1 | AG25: 1 | AH25: 1 | AI25: 1 | AJ25: 1 | AK25: 1 | AL25: 1 | AM25: 1 | AN25: 1 | AO25: 1 | AP25: 1 | AQ25: 1 | AR25: 1 | AS25: 1 | AT25: 1 | AU25: 1 | AV25: 1 | AW25: 1 | AX25: 1 | AY25: 1 | AZ25: 1 | BA25: 1 | BB25: 1 | BC25: 1 | BD25: 1 | BE25: 1 | BF25: 1 | BG25: 1 | BH25: 1 | BI25: 1 | BJ25: 1 | BK25: 1
A26: 50-64 | B26: 4 | G26: 22 | H26: 1 | I26: 1 | J26: 1 | K26: 1 | L26: 1 | M26: 1 | N26: 1 | O26: 1 | P26: 1 | Q26: 1 | R26: 1 | S26: 1 | T26: 1 | U26: 1 | V26: 1 | W26: 1 | X26: 1 | Y26: 1 | Z26: 1 | AA26: 1 | AB26: 1 | AC26: 1 | AD26: 1 | AE26: 1 | AF26: 1 | AG26: 1 | AH26: 1 | AI26: 1 | AJ26: 1 | AK26: 1 | AL26: 1 | AM26: 1 | AN26: 1 | AO26: 1 | AP26: 1 | AQ26: 1 | AR26: 1 | AS26: 1 | AT26: 1 | AU26: 1 | AV26: 1 | AW26: 2 | AX26: 1 | AY26: 1 | AZ26: 1 | BA26: 1 | BB26: 1 | BC26: 1 | BD26: 1 | BE26: 1 | BF26: 1 | BG26: 1 | BH26: 1 | BI26: 1 | BJ26: 1 | BK26: 1
A27: 65-74 | B27: 5 | G27: 23 | H27: 1 | I27: 1 | J27: 1 | K27: 1 | L27: 1 | M27: 1 | N27: 1 | O27: 1 | P27: 1 | Q27: 1 | R27: 1 | S27: 1 | T27: 1 | U27: 1 | V27: 1 | W27: 1 | X27: 1 | Y27: 1 | Z27: 1 | AA27: 1 | AB27: 1 | AC27: 1 | AD27: 1 | AE27: 1 | AF27: 1 | AG27: 1 | AH27: 1 | AI27: 1 | AJ27: 1 | AK27: 1 | AL27: 1 | AM27: 1 | AN27: 1 | AO27: 1 | AP27: 1 | AQ27: 1 | AR27: 1 | AS27: 1 | AT27: 1 | AU27: 1 | AV27: 1 | AW27: 2 | AX27: 1 | AY27: 1 | AZ27: 1 | BA27: 1 | BB27: 1 | BC27: 1 | BD27: 1 | BE27: 1 | BF27: 1 | BG27: 1 | BH27: 1 | BI27: 1 | BJ27: 1 | BK27: 1
A28: 75-89 | B28: 6 | G28: 24 | H28: 1 | I28: 1 | J28: 1 | K28: 1 | L28: 1 | M28: 1 | N28: 1 | O28: 1 | P28: 1 | Q28: 1 | R28: 1 | S28: 1 | T28: 1 | U28: 1 | V28: 1 | W28: 1 | X28: 1 | Y28: 1 | Z28: 1 | AA28: 1 | AB28: 1 | AC28: 1 | AD28: 1 | AE28: 1 | AF28: 1 | AG28: 1 | AH28: 1 | AI28: 1 | AJ28: 1 | AK28: 1 | AL28: 1 | AM28: 1 | AN28: 1 | AO28: 1 | AP28: 1 | AQ28: 1 | AR28: 1 | AS28: 1 | AT28: 1 | AU28: 1 | AV28: 1 | AW28: 2 | AX28: 1 | AY28: 1 | AZ28: 1 | BA28: 1 | BB28: 1 | BC28: 1 | BD28: 1 | BE28: 1 | BF28: 1 | BG28: 1 | BH28: 1 | BI28: 1 | BJ28: 1 | BK28: 1
G29: 25 | H29: 1 | I29: 1 | J29: 1 | K29: 1 | L29: 1 | M29: 1 | N29: 1 | O29: 1 | P29: 1 | Q29: 1 | R29: 1 | S29: 1 | T29: 1 | U29: 1 | V29: 1 | W29: 1 | X29: 1 | Y29: 1 | Z29: 1 | AA29: 1 | AB29: 1 | AC29: 1 | AD29: 1 | AE29: 1 | AF29: 1 | AG29: 1 | AH29: 1 | AI29: 1 | AJ29: 1 | AK29: 1 | AL29: 1 | AM29: 1 | AN29: 1 | AO29: 1 | AP29: 1 | AQ29: 1 | AR29: 1 | AS29: 1 | AT29: 1 | AU29: 1 | AV29: 1 | AW29: 2 | AX29: 1 | AY29: 1 | AZ29: 1 | BA29: 1 | BB29: 1 | BC29: 1 | BD29: 1 | BE29: 1 | BF29: 1 | BG29: 1 | BH29: 1 | BI29: 1 | BJ29: 1 | BK29: 1
G30: 26 | H30: 1 | I30: 1 | J30: 1 | K30: 1 | L30: 1 | M30: 1 | N30: 1 | O30: 1 | P30: 1 | Q30: 1 | R30: 1 | S30: 1 | T30: 1 | U30: 1 | V30: 1 | W30: 1 | X30: 1 | Y30: 1 | Z30: 1 | AA30: 1 | AB30: 1 | AC30: 1 | AD30: 1 | AE30: 1 | AF30: 1 | AG30: 1 | AH30: 1 | AI30: 1 | AJ30: 1 | AK30: 1 | AL30: 1 | AM30: 1 | AN30: 1 | AO30: 1 | AP30: 1 | AQ30: 1 | AR30: 1 | AS30: 1 | AT30: 1 | AU30: 1 | AV30: 1 | AW30: 2 | AX30: 1 | AY30: 1 | AZ30: 1 | BA30: 1 | BB30: 1 | BC30: 1 | BD30: 1 | BE30: 1 | BF30: 1 | BG30: 1 | BH30: 1 | BI30: 1 | BJ30: 1 | BK30: 1
G31: 27 | H31: 1 | I31: 1 | J31: 1 | K31: 1 | L31: 1 | M31: 1 | N31: 1 | O31: 1 | P31: 1 | Q31: 1 | R31: 1 | S31: 1 | T31: 1 | U31: 1 | V31: 1 | W31: 1 | X31: 1 | Y31: 1 | Z31: 1 | AA31: 1 | AB31: 1 | AC31: 1 | AD31: 1 | AE31: 1 | AF31: 1 | AG31: 1 | AH31: 1 | AI31: 1 | AJ31: 1 | AK31: 1 | AL31: 1 | AM31: 1 | AN31: 1 | AO31: 1 | AP31: 1 | AQ31: 1 | AR31: 1 | AS31: 1 | AT31: 1 | AU31: 1 | AV31: 1 | AW31: 2 | AX31: 1 | AY31: 1 | AZ31: 1 | BA31: 1 | BB31: 1 | BC31: 1 | BD31: 1 | BE31: 1 | BF31: 1 | BG31: 1 | BH31: 1 | BI31: 1 | BJ31: 1 | BK31: 1
G32: 28 | H32: 1 | I32: 1 | J32: 1 | K32: 1 | L32: 1 | M32: 1 | N32: 1 | O32: 1 | P32: 1 | Q32: 1 | R32: 1 | S32: 1 | T32: 1 | U32: 1 | V32: 1 | W32: 1 | X32: 1 | Y32: 1 | Z32: 1 | AA32: 1 | AB32: 1 | AC32: 1 | AD32: 1 | AE32: 1 | AF32: 1 | AG32: 1 | AH32: 1 | AI32: 1 | AJ32: 1 | AK32: 1 | AL32: 1 | AM32: 1 | AN32: 1 | AO32: 1 | AP32: 1 | AQ32: 1 | AR32: 1 | AS32: 1 | AT32: 1 | AU32: 1 | AV32: 1 | AW32: 3 | AX32: 1 | AY32: 1 | AZ32: 1 | BA32: 1 | BB32: 1 | BC32: 1 | BD32: 1 | BE32: 1 | BF32: 1 | BG32: 1 | BH32: 1 | BI32: 1 | BJ32: 1 | BK32: 1
G33: 29 | H33: 1 | I33: 1 | J33: 1 | K33: 1 | L33: 1 | M33: 1 | N33: 1 | O33: 1 | P33: 1 | Q33: 1 | R33: 1 | S33: 1 | T33: 1 | U33: 1 | V33: 1 | W33: 1 | X33: 1 | Y33: 1 | Z33: 1 | AA33: 1 | AB33: 1 | AC33: 1 | AD33: 1 | AE33: 1 | AF33: 1 | AG33: 1 | AH33: 1 | AI33: 1 | AJ33: 1 | AK33: 1 | AL33: 1 | AM33: 1 | AN33: 1 | AO33: 1 | AP33: 1 | AQ33: 1 | AR33: 1 | AS33: 1 | AT33: 1 | AU33: 1 | AV33: 1 | AW33: 3 | AX33: 1 | AY33: 1 | AZ33: 1 | BA33: 1 | BB33: 1 | BC33: 1 | BD33: 1 | BE33: 1 | BF33: 1 | BG33: 1 | BH33: 1 | BI33: 1 | BJ33: 1 | BK33: 1
G34: 30 | H34: 1 | I34: 1 | J34: 1 | K34: 1 | L34: 1 | M34: 1 | N34: 1 | O34: 1 | P34: 1 | Q34: 1 | R34: 1 | S34: 1 | T34: 1 | U34: 1 | V34: 1 | W34: 1 | X34: 1 | Y34: 1 | Z34: 1 | AA34: 1 | AB34: 1 | AC34: 1 | AD34: 1 | AE34: 1 | AF34: 1 | AG34: 1 | AH34: 1 | AI34: 1 | AJ34: 1 | AK34: 1 | AL34: 1 | AM34: 1 | AN34: 1 | AO34: 1 | AP34: 1 | AQ34: 1 | AR34: 1 | AS34: 1 | AT34: 1 | AU34: 1 | AV34: 1 | AW34: 3 | AX34: 1 | AY34: 1 | AZ34: 1 | BA34: 1 | BB34: 1 | BC34: 1 | BD34: 1 | BE34: 2 | BF34: 1 | BG34: 1 | BH34: 1 | BI34: 1 | BJ34: 1 | BK34: 1
G35: 31 | H35: 1 | I35: 1 | J35: 1 | K35: 1 | L35: 1 | M35: 1 | N35: 1 | O35: 1 | P35: 1 | Q35: 1 | R35: 1 | S35: 1 | T35: 1 | U35: 1 | V35: 1 | W35: 1 | X35: 1 | Y35: 1 | Z35: 1 | AA35: 1 | AB35: 1 | AC35: 1 | AD35: 1 | AE35: 1 | AF35: 1 | AG35: 1 | AH35: 1 | AI35: 1 | AJ35: 1 | AK35: 1 | AL35: 1 | AM35: 1 | AN35: 1 | AO35: 1 | AP35: 1 | AQ35: 2 | AR35: 1 | AS35: 1 | AT35: 1 | AU35: 1 | AV35: 1 | AW35: 3 | AX35: 1 | AY35: 1 | AZ35: 1 | BA35: 1 | BB35: 1 | BC35: 1 | BD35: 1 | BE35: 2 | BF35: 1 | BG35: 1 | BH35: 1 | BI35: 1 | BJ35: 1 | BK35: 1
G36: 32 | H36: 1 | I36: 1 | J36: 1 | K36: 1 | L36: 1 | M36: 1 | N36: 1 | O36: 1 | P36: 1 | Q36: 1 | R36: 1 | S36: 1 | T36: 1 | U36: 1 | V36: 1 | W36: 1 | X36: 1 | Y36: 1 | Z36: 1 | AA36: 1 | AB36: 1 | AC36: 1 | AD36: 1 | AE36: 1 | AF36: 1 | AG36: 1 | AH36: 1 | AI36: 1 | AJ36: 1 | AK36: 1 | AL36: 1 | AM36: 1 | AN36: 1 | AO36: 1 | AP36: 1 | AQ36: 2 | AR36: 1 | AS36: 1 | AT36: 1 | AU36: 1 | AV36: 1 | AW36: 3 | AX36: 1 | AY36: 1 | AZ36: 1 | BA36: 1 | BB36: 1 | BC36: 1 | BD36: 1 | BE36: 2 | BF36: 1 | BG36: 1 | BH36: 1 | BI36: 1 | BJ36: 1 | BK36: 1
G37: 33 | H37: 1 | I37: 1 | J37: 1 | K37: 1 | L37: 1 | M37: 1 | N37: 1 | O37: 1 | P37: 1 | Q37: 1 | R37: 1 | S37: 1 | T37: 1 | U37: 1 | V37: 1 | W37: 1 | X37: 1 | Y37: 1 | Z37: 1 | AA37: 1 | AB37: 1 | AC37: 1 | AD37: 1 | AE37: 1 | AF37: 1 | AG37: 1 | AH37: 1 | AI37: 1 | AJ37: 1 | AK37: 1 | AL37: 1 | AM37: 1 | AN37: 1 | AO37: 1 | AP37: 1 | AQ37: 2 | AR37: 1 | AS37: 1 | AT37: 1 | AU37: 1 | AV37: 1 | AW37: 3 | AX37: 1 | AY37: 1 | AZ37: 1 | BA37: 1 | BB37: 1 | BC37: 1 | BD37: 1 | BE37: 2 | BF37: 1 | BG37: 1 | BH37: 1 | BI37: 1 | BJ37: 1 | BK37: 1
G38: 34 | H38: 1 | I38: 1 | J38: 1 | K38: 1 | L38: 1 | M38: 1 | N38: 1 | O38: 1 | P38: 1 | Q38: 1 | R38: 1 | S38: 1 | T38: 1 | U38: 1 | V38: 1 | W38: 1 | X38: 1 | Y38: 1 | Z38: 1 | AA38: 1 | AB38: 1 | AC38: 1 | AD38: 1 | AE38: 1 | AF38: 1 | AG38: 1 | AH38: 1 | AI38: 1 | AJ38: 1 | AK38: 1 | AL38: 1 | AM38: 1 | AN38: 1 | AO38: 1 | AP38: 1 | AQ38: 2 | AR38: 1 | AS38: 1 | AT38: 1 | AU38: 1 | AV38: 1 | AW38: 4 | AX38: 1 | AY38: 1 | AZ38: 1 | BA38: 1 | BB38: 1 | BC38: 1 | BD38: 1 | BE38: 2 | BF38: 1 | BG38: 1 | BH38: 1 | BI38: 1 | BJ38: 1 | BK38: 1
G39: 35 | H39: 1 | I39: 1 | J39: 1 | K39: 1 | L39: 1 | M39: 1 | N39: 1 | O39: 1 | P39: 1 | Q39: 1 | R39: 1 | S39: 1 | T39: 1 | U39: 1 | V39: 1 | W39: 1 | X39: 1 | Y39: 1 | Z39: 1 | AA39: 1 | AB39: 1 | AC39: 1 | AD39: 1 | AE39: 1 | AF39: 1 | AG39: 1 | AH39: 1 | AI39: 1 | AJ39: 1 | AK39: 1 | AL39: 1 | AM39: 1 | AN39: 1 | AO39: 1 | AP39: 1 | AQ39: 2 | AR39: 1 | AS39: 1 | AT39: 1 | AU39: 1 | AV39: 1 | AW39: 4 | AX39: 1 | AY39: 1 | AZ39: 1 | BA39: 1 | BB39: 1 | BC39: 1 | BD39: 1 | BE39: 3 | BF39: 1 | BG39: 1 | BH39: 1 | BI39: 1 | BJ39: 1 | BK39: 1
G40: 36 | H40: 1 | I40: 1 | J40: 1 | K40: 1 | L40: 1 | M40: 1 | N40: 1 | O40: 1 | P40: 1 | Q40: 1 | R40: 1 | S40: 1 | T40: 1 | U40: 1 | V40: 1 | W40: 1 | X40: 1 | Y40: 1 | Z40: 1 | AA40: 1 | AB40: 1 | AC40: 1 | AD40: 1 | AE40: 1 | AF40: 1 | AG40: 1 | AH40: 1 | AI40: 1 | AJ40: 1 | AK40: 1 | AL40: 1 | AM40: 1 | AN40: 1 | AO40: 1 | AP40: 1 | AQ40: 3 | AR40: 1 | AS40: 1 | AT40: 1 | AU40: 1 | AV40: 1 | AW40: 4 | AX40: 1 | AY40: 1 | AZ40: 1 | BA40: 1 | BB40: 1 | BC40: 1 | BD40: 1 | BE40: 3 | BF40: 1 | BG40: 1 | BH40: 1 | BI40: 1 | BJ40: 1 | BK40: 1
... G79: 75 | H79: 13 | I79: 13 | J79: 13 | K79: 13 | L79: 13 | M79: 13 | N79: 14 | O79: 14 | P79: 14 | Q79: 14 | R79: 15 | S79: 14 | T79: 13 | U79: 13 | V79: 10 | W79: 10 | X79: 9 | Y79: 9 | Z79: 9 | AA79: 9 | AB79: 9 | AC79: 9 | AD79: 9 | AE79: 9 | AF79: 9 | AG79: 8 | AH79: 9 | AI79: 10 | AJ79: 13 | AK79: 13 | AL79: 13 | AM79: 13 | AN79: 13 | AO79: 14 | AP79: 14 | AQ79: 13 | AR79: 13 | AS79: 13 | AT79: 14 | AU79: 14 | AV79: 14 | AW79: 13 | AX79: 13 | AY79: 13 | AZ79: 13 | BA79: 13 | BB79: 13 | BC79: 14 | BD79: 14 | BE79: 13 | BF79: 13 | BG79: 13 | BH79: 13 | BI79: 13 | BJ79: 13 | BK79: 13
G80: 76 | V80: 10 | W80: 10 | X80: 10 | Y80: 10 | Z80: 10 | AA80: 10 | AB80: 10 | AC80: 10 | AD80: 10 | AE80: 9 | AF80: 9 | AG80: 9 | AH80: 10 | AI80: 10
G81: 77 | V81: 12 | W81: 12 | X81: 11 | Y81: 11 | Z81: 11 | AA81: 11 | AB81: 11 | AC81: 12 | AD81: 11 | AE81: 11 | AF81: 10 | AG81: 10 | AH81: 11 | AI81: 11
G82: 78 | V82: 13 | W82: 13 | X82: 13 | Y82: 14 | Z82: 14 | AA82: 14 | AB82: 14 | AC82: 14 | AD82: 14 | AE82: 14 | AF82: 13 | AG82: 15 | AH82: 13 | AI82: 13
H84: COMMUNITY USE | V84: FUNCTIONAL ACADEMICS | AJ84: HOME LIVING | AX84: WORK
H85: Rater: Self | O85: Rater: Other | V85: Rater: Self | AC85: Rater: Other | AJ85: Rater: Self | AQ85: Rater: Other | AX85: Rater: Self | BE85: Rater: Other
G86: Raw | H86: 16-21 | I86: 22-29 | J86: 30-39 | K86: 40-49 | L86: 50-64 | M86: 65-74 | N86: 75-89 | O86: 16-21 | P86: 22-29 | Q86: 30-39 | R86: 40-49 | S86: 50-64 | T86: 65-74 | U86: 75-89 | V86: 16-21 | W86: 22-29 | X86: 30-39 | Y86: 40-49 | Z86: 50-64 | AA86: 65-74 | AB86: 75-89 | AC86: 16-21 | AD86: 22-29 | AE86: 30-39 | AF86: 40-49 | AG86: 50-64 | AH86: 65-74 | AI86: 75-89 | AJ86: 16-21 | AK86: 22-29 | AL86: 30-39 | AM86: 40-49 | AN86: 50-64 | AO86: 65-74 | AP86: 75-89 | AQ86: 16-21 | AR86: 22-29 | AS86: 30-39 | AT86: 40-49 | AU86: 50-64 | AV86: 65-74 | AW86: 75-89 | AX86: 16-21 | AY86: 22-29 | AZ86: 30-39 | BA86: 40-49 | BB86: 50-64 | BC86: 65-74 | BD86: 75-89 | BE86: 16-21 | BF86: 22-29 | BG86: 30-39 | BH86: 40-49 | BI86: 50-64 | BJ86: 65-74 | BK86: 75-89
G87: 0 | H87: 1 | I87: 1 | J87: 1 | K87: 1 | L87: 1 | M87: 1 | N87: 1 | O87: 1 | P87: 1 | Q87: 1 | R87: 1 | S87: 1 | T87: 1 | U87: 1 | V87: 1 | W87: 1 | X87: 1 | Y87: 1 | Z87: 1 | AA87: 1 | AB87: 1 | AC87: 1 | AD87: 1 | AE87: 1 | AF87: 1 | AG87: 1 | AH87: 1 | AI87: 1 | AJ87: 1 | AK87: 1 | AL87: 1 | AM87: 1 | AN87: 1 | AO87: 1 | AP87: 1 | AQ87: 1 | AR87: 1 | AS87: 1 | AT87: 1 | AU87: 1 | AV87: 1 | AW87: 2 | AX87: 1 | AY87: 1 | AZ87: 1 | BA87: 1 | BB87: 1 | BC87: 1 | BD87: N/A | BE87: 1 | BF87: 1 | BG87: 1 | BH87: 1 | BI87: 1 | BJ87: 1 | BK87: N/A
G88: 1 | H88: 1 | I88: 1 | J88: 1 | K88: 1 | L88: 1 | M88: 1 | N88: 1 | O88: 1 | P88: 1 | Q88: 1 | R88: 1 | S88: 1 | T88: 1 | U88: 1 | V88: 1 | W88: 1 | X88: 1 | Y88: 1 | Z88: 1 | AA88: 1 | AB88: 1 | AC88: 1 | AD88: 1 | AE88: 1 | AF88: 1 | AG88: 1 | AH88: 1 | AI88: 1 | AJ88: 1 | AK88: 1 | AL88: 1 | AM88: 1 | AN88: 1 | AO88: 1 | AP88: 1 | AQ88: 1 | AR88: 1 | AS88: 1 | AT88: 1 | AU88: 1 | AV88: 1 | AW88: 2 | AX88: 1 | AY88: 1 | AZ88: 1 | BA88: 1 | BB88: 1 | BC88: 1 | BD88: N/A | BE88: 1 | BF88: 1 | BG88: 1 | BH88: 1 | BI88: 1 | BJ88: 1 | BK88: N/A
G89: 2 | H89: 1 | I89: 1 | J89: 1 | K89: 1 | L89: 1 | M89: 1 | N89: 1 | O89: 1 | P89: 1 | Q89: 1 | R89: 1 | S89: 1 | T89: 1 | U89: 1 | V89: 1 | W89: 1 | X89: 1 | Y89: 1 | Z89: 1 | AA89: 1 | AB89: 1 | AC89: 1 | AD89: 1 | AE89: 1 | AF89: 1 | AG89: 1 | AH89: 1 | AI89: 1 | AJ89: 1 | AK89: 1 | AL89: 1 | AM89: 1 | AN89: 1 | AO89: 1 | AP89: 1 | AQ89: 1 | AR89: 1 | AS89: 1 | AT89: 1 | AU89: 1 | AV89: 1 | AW89: 2 | AX89: 1 | AY89: 1 | AZ89: 1 | BA89: 1 | BB89: 1 | BC89: 1 | BD89: N/A | BE89: 1 | BF89: 1 | BG89: 1 | BH89: 1 | BI89: 1 | BJ89: 1 | BK89: N/A
G90: 3 | H90: 1 | I90: 1 | J90: 1 | K90: 1 | L90: 1 | M90: 1 | N90: 1 | O90: 1 | P90: 1 | Q90: 1 | R90: 1 | S90: 1 | T90: 1 | U90: 1 | V90: 1 | W90: 1 | X90: 1 | Y90: 1 | Z90: 1 | AA90: 1 | AB90: 1 | AC90: 1 | AD90: 1 | AE90: 1 | AF90: 1 | AG90: 1 | AH90: 1 | AI90: 1 | AJ90: 1 | AK90: 1 | AL90: 1 | AM90: 1 | AN90: 1 | AO90: 1 | AP90: 1 | AQ90: 1 | AR90: 1 | AS90: 1 | AT90: 1 | AU90: 1 | AV90: 1 | AW90: 2 | AX90: 1 | AY90: 1 | AZ90: 1 | BA90: 1 | BB90: 1 | BC90: 1 | BD90: N/A | BE90: 1 | BF90: 1 | BG90: 1 | BH90: 1 | BI90: 1 | BJ90: 1 | BK90: N/A
G91: 4 | H91: 1 | I91: 1 | J91: 1 | K91: 1 | L91: 1 | M91: 1 | N91: 1 | O91: 1 | P91: 1 | Q91: 1 | R91: 1 | S91: 1 | T91: 1 | U91: 1 | V91: 1 | W91: 1 | X91: 1 | Y91: 1 | Z91: 1 | AA91: 1 | AB91: 1 | AC91: 1 | AD91: 1 | AE91: 1 | AF91: 1 | AG91: 1 | AH91: 1 | AI91: 1 | AJ91: 1 | AK91: 1 | AL91: 1 | AM91: 1 | AN91: 1 | AO91: 1 | AP91: 1 | AQ91: 1 | AR91: 1 | AS91: 1 | AT91: 1 | AU91: 1 | AV91: 1 | AW91: 2 | AX91: 1 | AY91: 1 | AZ91: 1 | BA91: 1 | BB91: 1 | BC91: 1 | BD91: N/A | BE91: 1 | BF91: 1 | BG91: 1 | BH91: 1 | BI91: 1 | BJ91: 1 | BK91: N/A
G92: 5 | H92: 1 | I92: 1 | J92: 1 | K92: 1 | L92: 1 | M92: 1 | N92: 1 | O92: 1 | P92: 1 | Q92: 1 | R92: 1 | S92: 1 | T92: 1 | U92: 1 | V92: 1 | W92: 1 | X92: 1 | Y92: 1 | Z92: 1 | AA92: 1 | AB92: 1 | AC92: 1 | AD92: 1 | AE92: 1 | AF92: 1 | AG92: 1 | AH92: 1 | AI92: 1 | AJ92: 1 | AK92: 1 | AL92: 1 | AM92: 1 | AN92: 1 | AO92: 1 | AP92: 1 | AQ92: 1 | AR92: 1 | AS92: 1 | AT92: 1 | AU92: 1 | AV92: 1 | AW92: 3 | AX92: 1 | AY92: 1 | AZ92: 1 | BA92: 1 | BB92: 1 | BC92: 1 | BD92: N/A | BE92: 1 | BF92: 1 | BG92: 1 | BH92: 1 | BI92: 1 | BJ92: 1 | BK92: N/A
G93: 6 | H93: 1 | I93: 1 | J93: 1 | K93: 1 | L93: 1 | M93: 1 | N93: 1 | O93: 1 | P93: 1 | Q93: 1 | R93: 1 | S93: 1 | T93: 1 | U93: 1 | V93: 1 | W93: 1 | X93: 1 | Y93: 1 | Z93: 1 | AA93: 1 | AB93: 1 | AC93: 1 | AD93: 1 | AE93: 1 | AF93: 1 | AG93: 1 | AH93: 1 | AI93: 1 | AJ93: 1 | AK93: 1 | AL93: 1 | AM93: 1 | AN93: 1 | AO93: 1 | AP93: 1 | AQ93: 1 | AR93: 1 | AS93: 1 | AT93: 1 | AU93: 1 | AV93: 1 | AW93: 3 | AX93: 1 | AY93: 1 | AZ93: 1 | BA93: 1 | BB93: 1 | BC93: 1 | BD93: N/A | BE93: 1 | BF93: 1 | BG93: 1 | BH93: 1 | BI93: 1 | BJ93: 1 | BK93: N/A
G94: 7 | H94: 1 | I94: 1 | J94: 1 | K94: 1 | L94: 1 | M94: 1 | N94: 1 | O94: 1 | P94: 1 | Q94: 1 | R94: 1 | S94: 1 | T94: 1 | U94: 1 | V94: 1 | W94: 1 | X94: 1 | Y94: 1 | Z94: 1 | AA94: 1 | AB94: 1 | AC94: 1 | AD94: 1 | AE94: 1 | AF94: 1 | AG94: 1 | AH94: 1 | AI94: 1 | AJ94: 1 | AK94: 1 | AL94: 1 | AM94: 1 | AN94: 1 | AO94: 1 | AP94: 1 | AQ94: 1 | AR94: 1 | AS94: 1 | AT94: 1 | AU94: 1 | AV94: 1 | AW94: 3 | AX94: 1 | AY94: 1 | AZ94: 1 | BA94: 1 | BB94: 1 | BC94: 1 | BD94: N/A | BE94: 1 | BF94: 1 | BG94: 1 | BH94: 1 | BI94: 1 | BJ94: 1 | BK94: N/A
G95: 8 | H95: 1 | I95: 1 | J95: 1 | K95: 1 | L95: 1 | M95: 1 | N95: 1 | O95: 1 | P95: 1 | Q95: 1 | R95: 1 | S95: 1 | T95: 1 | U95: 1 | V95: 1 | W95: 1 | X95: 1 | Y95: 1 | Z95: 1 | AA95: 1 | AB95: 1 | AC95: 1 | AD95: 1 | AE95: 1 | AF95: 1 | AG95: 1 | AH95: 1 | AI95: 1 | AJ95: 1 | AK95: 1 | AL95: 1 | AM95: 1 | AN95: 1 | AO95: 1 | AP95: 1 | AQ95: 1 | AR95: 1 | AS95: 1 | AT95: 1 | AU95: 1 | AV95: 1 | AW95: 3 | AX95: 1 | AY95: 1 | AZ95: 1 | BA95: 1 | BB95: 1 | BC95: 1 | BD95: N/A | BE95: 1 | BF95: 1 | BG95: 1 | BH95: 1 | BI95: 1 | BJ95: 1 | BK95: N/A
G96: 9 | H96: 1 | I96: 1 | J96: 1 | K96: 1 | L96: 1 | M96: 1 | N96: 1 | O96: 1 | P96: 1 | Q96: 1 | R96: 1 | S96: 1 | T96: 1 | U96: 1 | V96: 1 | W96: 1 | X96: 1 | Y96: 1 | Z96: 1 | AA96: 1 | AB96: 1 | AC96: 1 | AD96: 1 | AE96: 1 | AF96: 1 | AG96: 1 | AH96: 1 | AI96: 1 | AJ96: 1 | AK96: 1 | AL96: 1 | AM96: 1 | AN96: 1 | AO96: 1 | AP96: 1 | AQ96: 1 | AR96: 1 | AS96: 1 | AT96: 1 | AU96: 1 | AV96: 1 | AW96: 3 | AX96: 1 | AY96: 1 | AZ96: 1 | BA96: 1 | BB96: 1 | BC96: 1 | BD96: N/A | BE96: 1 | BF96: 1 | BG96: 1 | BH96: 1 | BI96: 1 | BJ96: 1 | BK96: N/A
G97: 10 | H97: 1 | I97: 1 | J97: 1 | K97: 1 | L97: 1 | M97: 1 | N97: 1 | O97: 1 | P97: 1 | Q97: 1 | R97: 1 | S97: 1 | T97: 1 | U97: 1 | V97: 1 | W97: 1 | X97: 1 | Y97: 1 | Z97: 1 | AA97: 1 | AB97: 1 | AC97: 1 | AD97: 1 | AE97: 1 | AF97: 1 | AG97: 1 | AH97: 1 | AI97: 1 | AJ97: 1 | AK97: 1 | AL97: 1 | AM97: 1 | AN97: 1 | AO97: 1 | AP97: 1 | AQ97: 1 | AR97: 1 | AS97: 1 | AT97: 1 | AU97: 1 | AV97: 1 | AW97: 3 | AX97: 1 | AY97: 1 | AZ97: 1 | BA97: 1 | BB97: 1 | BC97: 1 | BD97: N/A | BE97: 1 | BF97: 1 | BG97: 1 | BH97: 1 | BI97: 1 | BJ97: 1 | BK97: N/A
G98: 11 | H98: 1 | I98: 1 | J98: 1 | K98: 1 | L98: 1 | M98: 1 | N98: 1 | O98: 1 | P98: 1 | Q98: 1 | R98: 1 | S98: 1 | T98: 1 | U98: 1 | V98: 1 | W98: 1 | X98: 1 | Y98: 1 | Z98: 1 | AA98: 1 | AB98: 1 | AC98: 1 | AD98: 1 | AE98: 1 | AF98: 1 | AG98: 1 | AH98: 1 | AI98: 1 | AJ98: 1 | AK98: 1 | AL98: 1 | AM98: 1 | AN98: 1 | AO98: 1 | AP98: 1 | AQ98: 1 | AR98: 1 | AS98: 1 | AT98: 1 | AU98: 1 | AV98: 1 | AW98: 3 | AX98: 1 | AY98: 1 | AZ98: 1 | BA98: 1 | BB98: 1 | BC98: 1 | BD98: N/A | BE98: 1 | BF98: 1 | BG98: 1 | BH98: 1 | BI98: 1 | BJ98: 1 | BK98: N/A
... G159: 72 | H159: 13 | I159: 13 | J159: 13 | K159: 13 | L159: 13 | M159: 13 | N159: 13 | O159: 13 | P159: 13 | Q159: 14 | R159: 14 | S159: 13 | T159: 13 | U159: 13 | V159: 14 | W159: 13 | X159: 13 | Y159: 13 | Z159: 13 | AA159: 13 | AB159: 13 | AC159: 13 | AD159: 14 | AE159: 14 | AF159: 12 | AG159: 13 | AH159: 15 | AI159: 12 | AJ159: 14 | AK159: 14 | AL159: 14 | AM159: 14 | AN159: 14 | AO159: 14 | AP159: 14 | AQ159: 14 | AR159: 13 | AS159: 13 | AT159: 13 | AU159: 14 | AV159: 14 | AW159: 12 | AX159: 13 | AY159: 13 | AZ159: 13 | BA159: 14 | BB159: 14 | BC159: 14 | BD159: N/A | BE159: 14 | BF159: 14 | BG159: 14 | BH159: 14 | BI159: 14 | BJ159: 13 | BK159: N/A
H161: HEALTH AND SAFETY | V161: LEISURE
H162: Rater: Self | O162: Rater: Other | V162: Rater: Self | AC162: Rater: Other
G163: Raw | H163: 16-21 | I163: 22-29 | J163: 30-39 | K163: 40-49 | L163: 50-64 | M163: 65-74 | N163: 75-89 | O163: 16-21 | P163: 22-29 | Q163: 30-39 | R163: 40-49 | S163: 50-64 | T163: 65-74 | U163: 75-89 | V163: 16-21 | W163: 22-29 | X163: 30-39 | Y163: 40-49 | Z163: 50-64 | AA163: 65-74 | AB163: 75-89 | AC163: 16-21 | AD163: 22-29 | AE163: 30-39 | AF163: 40-49 | AG163: 50-64 | AH163: 65-74 | AI163: 75-89
G164: 0 | H164: 1 | I164: 1 | J164: 1 | K164: 1 | L164: 1 | M164: 1 | N164: 1 | O164: 1 | P164: 1 | Q164: 1 | R164: 1 | S164: 1 | T164: 1 | U164: 1 | V164: 1 | W164: 1 | X164: 1 | Y164: 1 | Z164: 1 | AA164: 1 | AB164: 1 | AC164: 1 | AD164: 1 | AE164: 1 | AF164: 1 | AG164: 1 | AH164: 1 | AI164: 1
G165: 1 | H165: 1 | I165: 1 | J165: 1 | K165: 1 | L165: 1 | M165: 1 | N165: 1 | O165: 1 | P165: 1 | Q165: 1 | R165: 1 | S165: 1 | T165: 1 | U165: 1 | V165: 1 | W165: 1 | X165: 1 | Y165: 1 | Z165: 1 | AA165: 1 | AB165: 1 | AC165: 1 | AD165: 1 | AE165: 1 | AF165: 1 | AG165: 1 | AH165: 1 | AI165: 1
G166: 2 | H166: 1 | I166: 1 | J166: 1 | K166: 1 | L166: 1 | M166: 1 | N166: 1 | O166: 1 | P166: 1 | Q166: 1 | R166: 1 | S166: 1 | T166: 1 | U166: 1 | V166: 1 | W166: 1 | X166: 1 | Y166: 1 | Z166: 1 | AA166: 1 | AB166: 1 | AC166: 1 | AD166: 1 | AE166: 1 | AF166: 1 | AG166: 1 | AH166: 1 | AI166: 1
G167: 3 | H167: 1 | I167: 1 | J167: 1 | K167: 1 | L167: 1 | M167: 1 | N167: 1 | O167: 1 | P167: 1 | Q167: 1 | R167: 1 | S167: 1 | T167: 1 | U167: 1 | V167: 1 | W167: 1 | X167: 1 | Y167: 1 | Z167: 1 | AA167: 1 | AB167: 1 | AC167: 1 | AD167: 1 | AE167: 1 | AF167: 1 | AG167: 1 | AH167: 1 | AI167: 1
G168: 4 | H168: 1 | I168: 1 | J168: 1 | K168: 1 | L168: 1 | M168: 1 | N168: 1 | O168: 1 | P168: 1 | Q168: 1 | R168: 1 | S168: 1 | T168: 1 | U168: 1 | V168: 1 | W168: 1 | X168: 1 | Y168: 1 | Z168: 1 | AA168: 1 | AB168: 1 | AC168: 1 | AD168: 1 | AE168: 1 | AF168: 1 | AG168: 1 | AH168: 1 | AI168: 1
G169: 5 | H169: 1 | I169: 1 | J169: 1 | K169: 1 | L169: 1 | M169: 1 | N169: 1 | O169: 1 | P169: 1 | Q169: 1 | R169: 1 | S169: 1 | T169: 1 | U169: 1 | V169: 1 | W169: 1 | X169: 1 | Y169: 1 | Z169: 1 | AA169: 1 | AB169: 1 | AC169: 1 | AD169: 1 | AE169: 1 | AF169: 1 | AG169: 1 | AH169: 1 | AI169: 1
G170: 6 | H170: 1 | I170: 1 | J170: 1 | K170: 1 | L170: 1 | M170: 1 | N170: 1 | O170: 1 | P170: 1 | Q170: 1 | R170: 1 | S170: 1 | T170: 1 | U170: 1 | V170: 1 | W170: 1 | X170: 1 | Y170: 1 | Z170: 1 | AA170: 1 | AB170: 1 | AC170: 1 | AD170: 1 | AE170: 1 | AF170: 1 | AG170: 1 | AH170: 1 | AI170: 1
G171: 7 | H171: 1 | I171: 1 | J171: 1 | K171: 1 | L171: 1 | M171: 1 | N171: 1 | O171: 1 | P171: 1 | Q171: 1 | R171: 1 | S171: 1 | T171: 1 | U171: 1 | V171: 1 | W171: 1 | X171: 1 | Y171: 1 | Z171: 1 | AA171: 1 | AB171: 1 | AC171: 1 | AD171: 1 | AE171: 1 | AF171: 1 | AG171: 1 | AH171: 1 | AI171: 1
G172: 8 | H172: 1 | I172: 1 | J172: 1 | K172: 1 | L172: 1 | M172: 1 | N172: 1 | O172: 1 | P172: 1 | Q172: 1 | R172: 1 | S172: 1 | T172: 1 | U172: 1 | V172: 1 | W172: 1 | X172: 1 | Y172: 1 | Z172: 1 | AA172: 1 | AB172: 1 | AC172: 1 | AD172: 1 | AE172: 1 | AF172: 1 | AG172: 1 | AH172: 1 | AI172: 1
G173: 9 | H173: 1 | I173: 1 | J173: 1 | K173: 1 | L173: 1 | M173: 1 | N173: 1 | O173: 1 | P173: 1 | Q173: 1 | R173: 1 | S173: 1 | T173: 1 | U173: 1 | V173: 1 | W173: 1 | X173: 1 | Y173: 1 | Z173: 1 | AA173: 1 | AB173: 1 | AC173: 1 | AD173: 1 | AE173: 1 | AF173: 1 | AG173: 1 | AH173: 1 | AI173: 2
G174: 10 | H174: 1 | I174: 1 | J174: 1 | K174: 1 | L174: 1 | M174: 1 | N174: 1 | O174: 1 | P174: 1 | Q174: 1 | R174: 1 | S174: 1 | T174: 1 | U174: 1 | V174: 1 | W174: 1 | X174: 1 | Y174: 1 | Z174: 1 | AA174: 1 | AB174: 1 | AC174: 1 | AD174: 1 | AE174: 1 | AF174: 1 | AG174: 1 | AH174: 1 | AI174: 2
G175: 11 | H175: 1 | I175: 1 | J175: 1 | K175: 1 | L175: 1 | M175: 1 | N175: 1 | O175: 1 | P175: 1 | Q175: 1 | R175: 1 | S175: 1 | T175: 1 | U175: 1 | V175: 1 | W175: 1 | X175: 1 | Y175: 1 | Z175: 1 | AA175: 1 | AB175: 1 | AC175: 1 | AD175: 1 | AE175: 1 | AF175: 1 | AG175: 1 | AH175: 1 | AI175: 2
... G224: 60 | H224: 13 | I224: 13 | J224: 14 | K224: 14 | L224: 15 | M224: 15 | N224: 14 | O224: 13 | P224: 15 | Q224: 13 | R224: 14 | S224: 14 | T224: 14 | U224: 14 | V224: 9 | W224: 9 | X224: 9 | Y224: 9 | Z224: 9 | AA224: 10 | AB224: 10 | AC224: 9 | AD224: 9 | AE224: 9 | AF224: 9 | AG224: 9 | AH224: 10 | AI224: 10
G225: 61 | V225: 10 | W225: 10 | X225: 10 | Y225: 10 | Z225: 10 | AA225: 10 | AB225: 10 | AC225: 9 | AD225: 9 | AE225: 9 | AF225: 9 | AG225: 9 | AH225: 10 | AI225: 10
G226: 62 | V226: 10 | W226: 10 | X226: 10 | Y226: 10 | Z226: 10 | AA226: 10 | AB226: 10 | AC226: 10 | AD226: 9 | AE226: 9 | AF226: 9 | AG226: 10 | AH226: 10 | AI226: 11
G227: 63 | V227: 11 | W227: 11 | X227: 10 | Y227: 10 | Z227: 11 | AA227: 11 | AB227: 11 | AC227: 10 | AD227: 10 | AE227: 10 | AF227: 10 | AG227: 10 | AH227: 11 | AI227: 11
G228: 64 | V228: 11 | W228: 11 | X228: 11 | Y228: 11 | Z228: 11 | AA228: 11 | AB228: 12 | AC228: 11 | AD228: 10 | AE228: 10 | AF228: 10 | AG228: 11 | AH228: 11 | AI228: 12
G229: 65 | V229: 12 | W229: 12 | X229: 12 | Y229: 12 | Z229: 12 | AA229: 12 | AB229: 12 | AC229: 12 | AD229: 11 | AE229: 11 | AF229: 11 | AG229: 12 | AH229: 12 | AI229: 12
G230: 66 | V230: 13 | W230: 13 | X230: 13 | Y230: 13 | Z230: 13 | AA230: 13 | AB230: 13 | AC230: 13 | AD230: 13 | AE230: 13 | AF230: 13 | AG230: 13 | AH230: 13 | AI230: 13

Sheet Calc2
H1: GAC without Work | V1: GAC with Work | AJ1: CONCEPTUAL FUNCTIONING | AX1: SOCIAL FUNCTIONING | BL1: PRACTICAL FUNCTIONING w/o Work | BZ1: PRACTICAL FUNCTIONING with Work
H2: Rater: Self | O2: Rater: Other | V2: Rater: Self | AC2: Rater: Other | AJ2: Rater: Self | AQ2: Rater: Other | AX2: Rater: Self | BE2: Rater: Other | BL2: Rater: Self | BS2: Rater: Other | BZ2: Rater: Self | CG2: Rater: Other
A3: Selections | C3: Col. Add | G3: Raw | H3: 16-21 | I3: 22-29 | J3: 30-39 | K3: 40-49 | L3: 50-64 | M3: 65-74 | N3: 75-89 | O3: 16-21 | P3: 22-29 | Q3: 30-39 | R3: 40-49 | S3: 50-64 | T3: 65-74 | U3: 75-89 | V3: 16-21 | W3: 22-29 | X3: 30-39 | Y3: 40-49 | Z3: 50-64 | AA3: 65-74 | AB3: 75-89 | AC3: 16-21 | AD3: 22-29 | AE3: 30-39 | AF3: 40-49 | AG3: 50-64 | AH3: 65-74 | AI3: 75-89 | AJ3: 16-21 | AK3: 22-29 | AL3: 30-39 | AM3: 40-49 | AN3: 50-64 | AO3: 65-74 | AP3: 75-89 | AQ3: 16-21 | AR3: 22-29 | AS3: 30-39 | AT3: 40-49 | AU3: 50-64 | AV3: 65-74 | AW3: 75-89 | AX3: 16-21 | AY3: 22-29 | AZ3: 30-39 | BA3: 40-49 | BB3: 50-64 | BC3: 65-74 | BD3: 75-89 | BE3: 16-21 | BF3: 22-29 | BG3: 30-39 | BH3: 40-49 | BI3: 50-64 | BJ3: 65-74 | BK3: 75-89 | BL3: 16-21 | BM3: 22-29 | BN3: 30-39 | BO3: 40-49 | BP3: 50-64 | BQ3: 65-74 | BR3: 75-89 | BS3: 16-21 | BT3: 22-29 | BU3: 30-39 | BV3: 40-49 | BW3: 50-64 | BX3: 65-74 | BY3: 75-89 | BZ3: 16-21 | CA3: 22-29 | CB3: 30-39 | CC3: 40-49 | CD3: 50-64 | CE3: 65-74 | CF3: 75-89 | CG3: 16-21 | CH3: 22-29 | CI3: 30-39 | CJ3: 40-49 | CK3: 50-64 | CL3: 65-74 | CM3: 75-89
A4: Age: | B4: ='Score Summary'!D5 -> 16-21 | C4: =VLOOKUP(B4,A17:B24,2,FALSE) -> 0 | G4: 0 | H4: 41 | I4: 46 | J4: 49 | K4: 50 | L4: 50 | M4: 49 | N4: 46 | O4: 45 | P4: 44 | Q4: 45 | R4: 48 | S4: 52 | T4: 57 | U4: 62 | V4: 40 | W4: 47 | X4: 50 | Y4: 51 | Z4: 49 | AA4: 43 | AC4: 45 | AD4: 49 | AE4: 51 | AF4: 51 | AG4: 49 | AH4: 45 | AJ4: 41 | AK4: 47 | AL4: 50 | AM4: 52 | AN4: 52 | AO4: 51 | AP4: 49 | AQ4: 50 | AR4: 49 | AS4: 49 | AT4: 50 | AU4: 51 | AV4: 53 | AW4: 55 | AX4: 49 | AY4: 50 | AZ4: 51 | BA4: 52 | BB4: 52 | BC4: 52 | BD4: 52 | BE4: 54 | BF4: 52 | BG4: 51 | BH4: 52 | BI4: 54 | BJ4: 58 | BK4: 62 | BL4: 44 | BM4: 49 | BN4: 52 | BO4: 54 | BP4: 54 | BQ4: 53 | BR4: 50 | BS4: 45 | BT4: 44 | BU4: 46 | BV4: 50 | BW4: 55 | BX4: 61 | BY4: 66 | BZ4: 40 | CA4: 47 | CB4: 52 | CC4: 54 | CD4: 53 | CE4: 51 | CG4: 43 | CH4: 49 | CI4: 52 | CJ4: 52 | CK4: 51 | CL4: 48
A5: Rater: | B5: ='Score Summary'!D6 -> Self | C5: =IF(B5="Self",0,IF(B5="Other",7,"")) -> 0 | G5: 1 | H5: 41 | I5: 46 | J5: 49 | K5: 51 | L5: 51 | M5: 49 | N5: 47 | O5: 46 | P5: 45 | Q5: 46 | R5: 48 | S5: 52 | T5: 57 | U5: 62 | V5: 40 | W5: 47 | X5: 51 | Y5: 51 | Z5: 49 | AA5: 44 | AC5: 46 | AD5: 50 | AE5: 51 | AF5: 51 | AG5: 50 | AH5: 46 | AJ5: 43 | AK5: 48 | AL5: 52 | AM5: 53 | AN5: 54 | AO5: 53 | AP5: 51 | AQ5: 52 | AR5: 51 | AS5: 51 | AT5: 51 | AU5: 52 | AV5: 54 | AW5: 57 | AX5: 51 | AY5: 53 | AZ5: 54 | BA5: 54 | BB5: =BB4+2 -> 54 | BC5: 54 | BD5: =BD4+2 -> 54 | BE5: 56 | BF5: 54 | BG5: 53 | BH5: 54 | BI5: =BI4+2 -> 56 | BJ5: =BJ4+2 -> 60 | BK5: =BK4+2 -> 64 | BL5: 45 | BM5: 50 | BN5: =BN4+1 -> 53 | BO5: =BO4+1 -> 55 | BP5: =BP4+1 -> 55 | BQ5: =BQ4+1 -> 54 | BR5: 52 | BS5: 46 | BT5: 46 | BU5: =BU4+1 -> 47 | BV5: =BV4+1 -> 51 | BW5: =BW4+1 -> 56 | BX5: 62 | BY5: =BY4+1 -> 67 | BZ5: 40 | CA5: =CA4+1 -> 48 | CB5: =CB4+1 -> 53 | CC5: =CC4+1 -> 55 | CD5: =CD4+1 -> 54 | CE5: 52 | CG5: =CG4+1 -> 44 | CH5: =CH4+1 -> 50 | CI5: 52 | CJ5: =CJ4+1 -> 53 | CK5: =CK4+1 -> 52 | CL5: =CL4+1 -> 49
A6: CI: | B6: ='Score Summary'!G6 -> 0.95 | G6: 2 | H6: 42 | I6: 47 | J6: =J4+1 -> 50 | K6: 51 | L6: 51 | M6: =M4+1 -> 50 | N6: 47 | O6: 46 | P6: 45 | Q6: 46 | R6: =R4+1 -> 49 | S6: =S4+1 -> 53 | T6: 57 | U6: 62 | V6: 40 | W6: =W4+1 -> 48 | X6: 51 | Y6: =Y4+1 -> 52 | Z6: =Z4+1 -> 50 | AA6: 44 | AC6: 46 | AD6: 50 | AE6: 52 | AF6: 52 | AG6: 50 | AH6: 46 | AJ6: 44 | AK6: 50 | AL6: 53 | AM6: 55 | AN6: 55 | AO6: 54 | AP6: 52 | AQ6: 53 | AR6: 52 | AS6: 52 | AT6: 53 | AU6: 54 | AV6: 56 | AW6: 58 | AX6: =AX5+3 -> 54 | AY6: 55 | AZ6: 56 | BA6: 56 | BB6: 57 | BC6: 57 | BD6: =BD5+2 -> 56 | BE6: 58 | BF6: 56 | BG6: 56 | BH6: 56 | BI6: =BI5+2 -> 58 | BJ6: =BJ5+2 -> 62 | BK6: =BK5+2 -> 66 | BL6: 46 | BM6: 52 | BN6: =BN5+1 -> 54 | BO6: =BO5+1 -> 56 | BP6: =BP5+1 -> 56 | BQ6: =BQ5+1 -> 55 | BR6: =BR5+1 -> 53 | BS6: 48 | BT6: =BT5+1 -> 47 | BU6: 49 | BV6: =BV5+1 -> 52 | BW6: =BW5+1 -> 57 | BX6: 62 | BY6: =BY5+1 -> 68 | BZ6: 40 | CA6: =CA5+1 -> 49 | CB6: =CB5+1 -> 54 | CC6: =CC5+1 -> 56 | CD6: =CD5+1 -> 55 | CE6: 53 | CG6: =CG5+1 -> 45 | CH6: =CH5+1 -> 51 | CI6: =CI5+1 -> 53 | CJ6: =CJ5+1 -> 54 | CK6: =CK5+1 -> 53 | CL6: =CL5+1 -> 50
A7: Work?: | B7: ='Score Summary'!G5 -> No | G7: 3 | H7: 42 | I7: 48 | J7: =J5+1 -> 50 | K7: =K5+1 -> 52 | L7: =L5+1 -> 52 | M7: =M5+1 -> 50 | N7: =N5+1 -> 48 | O7: =O5+1 -> 47 | P7: =P5+1 -> 46 | Q7: =Q5+1 -> 47 | ... S7: =S5+1 -> 53 | T7: 58 | U7: =U5+1 -> 63 | V7: 40 | W7: =W5+1 -> 48 | X7: =X5+1 -> 52 | Y7: =Y5+1 -> 52 | Z7: =Z5+1 -> 50 | AA7: =AA5+1 -> 45 | AC7: =AC5+1 -> 47 | AD7: 50 | AE7: 52 | AF7: 52 | AG7: 50 | AH7: =AH5+1 -> 47 | AJ7: 46 | AK7: 52 | AL7: 55 | AM7: 56 | AN7: 57 | AO7: 56 | AP7: 54 | AQ7: 55 | AR7: 54 | AS7: 54 | AT7: 54 | AU7: 55 | AV7: 57 | AW7: 60 | AX7: 56 | AY7: 57 | AZ7: 58 | BA7: 59 | BB7: =BB6+2 -> 59 | BC7: 59 | BD7: =BD6+2 -> 58 | BE7: 61 | BF7: 58 | BG7: 58 | BH7: 58 | BI7: 61 | BJ7: =BJ6+2 -> 64 | BK7: 67 | BL7: 48 | BM7: =BM6+1 -> 53 | BN7: =BN6+1 -> 55 | BO7: =BO6+1 -> 57 | BP7: =BP6+1 -> 57 | BQ7: =BQ6+1 -> 56 | BR7: =BR6+1 -> 54 | BS7: =BS6+1 -> 49 | BT7: =BT6+1 -> 48 | ... BW7: =BW6+1 -> 58 | BX7: 63 | BY7: =BY6+1 -> 69 | BZ7: 41 | CA7: =CA6+1 -> 50 | CB7: =CB6+1 -> 55 | CC7: 56 | CD7: =CD6+1 -> 56 | CE7: 53 | CG7: =CG6+1 -> 46 | CH7: =CH6+1 -> 52 | CI7: =CI6+1 -> 54 | CJ7: =CJ6+1 -> 55 | CK7: =CK6+1 -> 54 | CL7: =CL6+1 -> 51
G8: 4 | H8: 43 | I8: 48 | J8: =J6+1 -> 51 | K8: =K6+1 -> 52 | L8: =L6+1 -> 52 | M8: =M6+1 -> 51 | N8: =N6+1 -> 48 | O8: =O6+1 -> 47 | P8: =P6+1 -> 46 | Q8: =Q6+1 -> 47 | ... S8: =S6+1 -> 54 | T8: 58 | U8: =U6+1 -> 63 | V8: 41 | W8: =W6+1 -> 49 | X8: =X6+1 -> 52 | Y8: =Y6+1 -> 53 | Z8: =Z6+1 -> 51 | AA8: =AA6+1 -> 45 | AC8: =AC6+1 -> 47 | AD8: 51 | AE8: 52 | AF8: 52 | AG8: 51 | AH8: =AH6+1 -> 47 | AJ8: 48 | AK8: 53 | AL8: 56 | AM8: =AM6+3 -> 58 | AN8: 58 | AO8: 57 | AP8: 55 | AQ8: 56 | AR8: 55 | AS8: 55 | AT8: 55 | AU8: 57 | AV8: 58 | AW8: 61 | AX8: 58 | AY8: 60 | AZ8: 60 | BA8: 61 | BB8: =BB7+2 -> 61 | BC8: 61 | BD8: 61 | BE8: 63 | BF8: 61 | BG8: 60 | BH8: 61 | BI8: =BI7+2 -> 63 | BJ8: =BJ7+2 -> 66 | BK8: =BK7+2 -> 69 | BL8: =BL7+1 -> 49 | BM8: =BM7+1 -> 54 | BN8: 57 | BO8: =BO7+1 -> 58 | BP8: =BP7+1 -> 58 | BQ8: =BQ7+1 -> 57 | BR8: =BR7+1 -> 55 | BS8: =BS7+1 -> 50 | BT8: 50 | BU8: =BU7+1 -> 51 | BV8: =BV7+1 -> 54 | BW8: =BW7+1 -> 59 | BX8: =BX7+1 -> 64 | BY8: 69 | BZ8: 42 | CA8: =CA7+1 -> 51 | CB8: =CB7+1 -> 56 | CC8: =CC7+1 -> 57 | CD8: =CD7+1 -> 57 | CE8: =CE7+1 -> 54 | CG8: =CG7+1 -> 47 | CH8: =CH7+1 -> 53 | CI8: =CI7+1 -> 55 | CJ8: =CJ7+1 -> 56 | CK8: =CK7+1 -> 55 | CL8: =CL7+1 -> 52
A9: Composite | C9: Sum of SS | D9: Comp | E9: Col. | F9: Conf. Int. | G9: 5 | H9: 44 | I9: 49 | J9: =J7+1 -> 51 | K9: =K7+1 -> 53 | L9: =L7+1 -> 53 | M9: =M7+1 -> 51 | N9: =N7+1 -> 49 | O9: =O7+1 -> 48 | P9: =P7+1 -> 47 | Q9: =Q7+1 -> 48 | ... U9: =U7+1 -> 64 | V9: 41 | W9: =W7+1 -> 49 | X9: =X7+1 -> 53 | Y9: =Y7+1 -> 53 | Z9: =Z7+1 -> 51 | AA9: =AA7+1 -> 46 | AC9: =AC7+1 -> 48 | AD9: 51 | AE9: 53 | AF9: 53 | AG9: 51 | AH9: =AH7+1 -> 48 | AJ9: 50 | AK9: 55 | AL9: 58 | AM9: =AM7+3 -> 59 | AN9: 59 | AO9: 59 | AP9: 57 | AQ9: 58 | AR9: 57 | AS9: 56 | AT9: 57 | AU9: 58 | AV9: 60 | AW9: 63 | AX9: =AX8+3 -> 61 | AY9: 62 | AZ9: 63 | BA9: 63 | BB9: =BB8+2 -> 63 | BC9: 63 | BD9: =BD8+2 -> 63 | BE9: 65 | BF9: 63 | BG9: 62 | BH9: 63 | BI9: =BI8+2 -> 65 | BJ9: =BJ8+2 -> 68 | BK9: =BK8+2 -> 71 | BL9: =BL8+1 -> 50 | BM9: =BM8+1 -> 55 | BN9: =BN8+1 -> 58 | BO9: =BO8+1 -> 59 | BP9: =BP8+1 -> 59 | BQ9: =BQ8+1 -> 58 | BR9: =BR8+1 -> 56 | BS9: 52 | BT9: =BT8+1 -> 51 | BU9: =BU8+1 -> 52 | BV9: 56 | BW9: =BW8+1 -> 60 | BX9: =BX8+1 -> 65 | BY9: =BY8+1 -> 70 | BZ9: 44 | CA9: =CA8+1 -> 52 | CB9: =CB8+1 -> 57 | CC9: =CC8+1 -> 58 | CD9: =CD8+1 -> 58 | CE9: =CE8+1 -> 55 | CG9: =CG8+1 -> 48 | CH9: 53 | CI9: =CI8+1 -> 56 | CJ9: 56 | CK9: 55 | CL9: 52
A10: GAC w/o Work | C10: =SUM('Score Summary'!E9:E17) -> 0 | D10: =VLOOKUP(C10,G4:U140,SUM(C4,C5,E10),FALSE) -> 41 | E10: 2 | F10: =VLOOKUP(B6,G144:CM146,SUM(E10,C4,C5),FALSE) -> 4 | G10: 6 | H10: 44 | I10: 49 | J10: =J8+1 -> 52 | K10: =K8+1 -> 53 | L10: =L8+1 -> 53 | M10: =M8+1 -> 52 | N10: 50 | O10: =O8+1 -> 48 | P10: =P8+1 -> 47 | Q10: =Q8+1 -> 48 | R10: =R8+1 -> 51 | S10: =S8+1 -> 55 | T10: =T8+1 -> 59 | U10: =U8+1 -> 64 | V10: 42 | W10: =W8+1 -> 50 | X10: =X8+1 -> 53 | Y10: =Y8+1 -> 54 | Z10: =Z8+1 -> 52 | AA10: =AA8+1 -> 46 | AC10: =AC8+1 -> 48 | AD10: =AD8+1 -> 52 | AE10: 53 | AF10: 53 | AG10: =AG8+1 -> 52 | AH10: =AH8+1 -> 48 | AJ10: 52 | AK10: 57 | AL10: 59 | AM10: =AM8+3 -> 61 | AN10: 61 | AO10: 60 | AP10: 59 | AQ10: 60 | AR10: 58 | AS10: 58 | AT10: 58 | AU10: 59 | AV10: 61 | AW10: 64 | AX10: 63 | AY10: 64 | AZ10: 65 | BA10: 65 | BB10: 66 | BC10: 65 | BD10: =BD9+2 -> 65 | BE10: 67 | BF10: 65 | BG10: 65 | BH10: 65 | BI10: =BI9+2 -> 67 | BJ10: =BJ9+2 -> 70 | BK10: =BK9+2 -> 73 | BL10: 52 | BM10: =BM9+1 -> 56 | BN10: =BN9+1 -> 59 | BO10: =BO9+1 -> 60 | BP10: =BP9+1 -> 60 | BQ10: =BQ9+1 -> 59 | BR10: =BR9+1 -> 57 | BS10: =BS9+1 -> 53 | BT10: =BT9+1 -> 52 | ... CA10: =CA9+1 -> 53 | CB10: 57 | CC10: =CC9+1 -> 59 | CD10: =CD9+1 -> 59 | CE10: =CE9+1 -> 56 | CG10: =CG9+1 -> 49 | CH10: =CH9+1 -> 54 | CI10: =CI9+1 -> 57 | CJ10: =CJ9+1 -> 57 | CK10: =CK9+1 -> 56 | CL10: =CL9+1 -> 53
A11: GAC w/ Work | C11: =SUM('Score Summary'!E9:E18) -> 0 | D11: =VLOOKUP(C11,G4:AI140,SUM(C4,C5,E11),FALSE) -> 40 | E11: =E10+14 -> 16 | F11: =VLOOKUP(B6,G144:CM146,SUM(C4,C5,E11),FALSE) -> 3 | G11: 7 | H11: 45 | I11: 50 | J11: =J9+1 -> 52 | K11: =K9+1 -> 54 | L11: =L9+1 -> 54 | M11: =M9+1 -> 52 | N11: =N9+1 -> 50 | O11: =O9+1 -> 49 | P11: =P9+1 -> 48 | Q11: =Q9+1 -> 49 | ... T11: =T9+1 -> 60 | U11: 64 | V11: 43 | W11: =W9+1 -> 50 | X11: =X9+1 -> 54 | Y11: =Y9+1 -> 54 | Z11: =Z9+1 -> 52 | AA11: =AA9+1 -> 47 | AC11: =AC9+1 -> 49 | AD11: =AD9+1 -> 52 | AE11: =AE9+1 -> 54 | AF11: =AF9+1 -> 54 | AG11: =AG9+1 -> 52 | AH11: =AH9+1 -> 49 | AJ11: 54 | AK11: 58 | AL11: 61 | AM11: =AM9+3 -> 62 | AN11: 62 | AO11: 62 | AP11: 60 | AQ11: 61 | AR11: 60 | AS11: 59 | AT11: 60 | AU11: 61 | AV11: 63 | AW11: 65 | AX11: =AX10+3 -> 66 | AY11: 67 | AZ11: 67 | BA11: 68 | BB11: =BB10+2 -> 68 | BC11: 68 | BD11: =BD10+2 -> 67 | BE11: 69 | BF11: 67 | BG11: 67 | BH11: 67 | BI11: =BI10+2 -> 69 | BJ11: =BJ10+2 -> 72 | BK11: =BK10+2 -> 75 | BL11: =BL10+1 -> 53 | BM11: =BM10+1 -> 57 | BN11: =BN10+1 -> 60 | BO11: =BO10+1 -> 61 | BP11: =BP10+1 -> 61 | BQ11: =BQ10+1 -> 60 | BR11: =BR10+1 -> 58 | BS11: =BS10+1 -> 54 | BT11: =BT10+1 -> 53 | BU11: 55 | BV11: =BV10+1 -> 58 | BW11: =BW10+1 -> 62 | BX11: =BX10+1 -> 67 | BY11: =BY10+1 -> 72 | BZ11: =BZ10+1 -> 46 | CA11: =CA10+1 -> 54 | CB11: =CB10+1 -> 58 | CC11: =CC10+1 -> 60 | CD11: 59 | CE11: =CE10+1 -> 57 | CG11: =CG10+1 -> 50 | CH11: =CH10+1 -> 55 | CI11: 57 | CJ11: =CJ10+1 -> 58 | CK11: =CK10+1 -> 57 | CL11: =CL10+1 -> 54
A12: CON | C12: =SUM('Score Summary'!F16,'Score Summary'!F11,'Score Summary'!F9) -> 0 | D12: =VLOOKUP(C12,G4:AW44,SUM(C4,C5,E12),FALSE) -> 41 | E12: =E11+14 -> 30 | F12: =VLOOKUP(B6,G144:CM146,SUM(C4,C5,E12),FALSE) -> 6 | G12: 8 | H12: 46 | I12: 50 | J12: =J10+1 -> 53 | K12: =K10+1 -> 54 | L12: =L10+1 -> 54 | M12: =M10+1 -> 53 | N12: =N10+1 -> 51 | O12: 50 | P12: 49 | Q12: =Q10+1 -> 49 | R12: =R10+1 -> 52 | S12: =S10+1 -> 56 | T12: =T10+1 -> 60 | U12: =U10+1 -> 65 | V12: 43 | W12: =W10+1 -> 51 | X12: =X10+1 -> 54 | Y12: =Y10+1 -> 55 | Z12: =Z10+1 -> 53 | AA12: =AA10+1 -> 47 | AC12: =AC10+1 -> 49 | AD12: =AD10+1 -> 53 | AE12: =AE10+1 -> 54 | AF12: =AF10+1 -> 54 | AG12: =AG10+1 -> 53 | AH12: =AH10+1 -> 49 | AJ12: 56 | AK12: 60 | AL12: 62 | AM12: =AM10+3 -> 64 | AN12: 64 | AO12: 63 | AP12: 62 | AQ12: 63 | AR12: 61 | AS12: 61 | AT12: 61 | AU12: 62 | AV12: 64 | AW12: 67 | AX12: 68 | AY12: 69 | AZ12: 70 | BA12: 70 | BB12: =BB11+2 -> 70 | BC12: 70 | BD12: =BD11+2 -> 69 | BE12: 71 | BF12: 70 | BG12: 69 | BH12: 70 | BI12: =BI11+2 -> 71 | BJ12: =BJ11+2 -> 74 | BK12: =BK11+2 -> 77 | BL12: 55 | BM12: 59 | BN12: =BN11+1 -> 61 | BO12: =BO11+1 -> 62 | BP12: =BP11+1 -> 62 | BQ12: =BQ11+1 -> 61 | BR12: 60 | BS12: 56 | BT12: 55 | BU12: =BU11+1 -> 56 | BV12: =BV11+1 -> 59 | BW12: =BW11+1 -> 63 | BX12: =BX11+1 -> 68 | BY12: =BY11+1 -> 73 | BZ12: =BZ11+1 -> 47 | CA12: =CA11+1 -> 55 | CB12: =CB11+1 -> 59 | ... CE12: =CE11+1 -> 58 | CG12: =CG11+1 -> 51 | CH12: =CH11+1 -> 56 | CI12: =CI11+1 -> 58 | CJ12: =CJ11+1 -> 59 | CK12: =CK11+1 -> 58 | CL12: =CL11+1 -> 55
A13: SO | C13: =SUM('Score Summary'!G14,'Score Summary'!G17) -> 0 | D13: =VLOOKUP(C13,G3:BK30,SUM(C4:C5,E13),FALSE) -> 49 | E13: =E12+14 -> 44 | F13: =VLOOKUP(B6,G144:CM146,SUM(C4,C5,E13),FALSE) -> 6 | G13: 9 | H13: 46 | I13: 51 | J13: =J11+1 -> 53 | K13: =K11+1 -> 55 | L13: =L11+1 -> 55 | M13: =M11+1 -> 53 | N13: =N11+1 -> 51 | O13: =O11+1 -> 50 | P13: =P11+1 -> 49 | Q13: =Q11+1 -> 50 | ... S13: =S11+1 -> 56 | T13: 60 | U13: =U11+1 -> 65 | V13: 44 | W13: =W11+1 -> 51 | X13: =X11+1 -> 55 | Y13: =Y11+1 -> 55 | Z13: =Z11+1 -> 53 | AA13: =AA11+1 -> 48 | AC13: =AC11+1 -> 50 | AD13: =AD11+1 -> 53 | AE13: =AE11+1 -> 55 | AF13: =AF11+1 -> 55 | AG13: =AG11+1 -> 53 | AH13: =AH11+1 -> 50 | AJ13: 58 | AK13: 62 | AL13: 64 | AM13: =AM11+3 -> 65 | AN13: 65 | AO13: 65 | AP13: 63 | AQ13: 64 | AR13: 63 | AS13: 62 | AT13: 63 | AU13: 64 | AV13: 66 | AW13: 68 | AX13: =AX12+3 -> 71 | AY13: 71 | AZ13: 72 | BA13: 72 | BB13: =BB12+2 -> 72 | BC13: 72 | BD13: 72 | BE13: 73 | BF13: 72 | BG13: 71 | BH13: 72 | BI13: =BI12+2 -> 73 | BJ13: =BJ12+2 -> 76 | BK13: 78 | BL13: =BL12+1 -> 56 | BM13: =BM12+1 -> 60 | BN13: =BN12+1 -> 62 | BO13: =BO12+1 -> 63 | BP13: =BP12+1 -> 63 | BQ13: =BQ12+1 -> 62 | BR13: =BR12+1 -> 61 | BS13: =BS12+1 -> 57 | ... BX13: =BX12+1 -> 69 | BY13: 73 | BZ13: 49 | CA13: 57 | CB13: =CB12+1 -> 60 | CC13: 61 | CD13: =CD12+1 -> 61 | CE13: =CE12+1 -> 59 | CG13: =CG12+1 -> 52 | CH13: =CH12+1 -> 57 | CI13: =CI12+1 -> 59 | CJ13: =CJ12+1 -> 60 | CK13: =CK12+1 -> 59 | CL13: =CL12+1 -> 56
A14: PR w/o Work | C14: =SUM('Score Summary'!H10:I10,'Score Summary'!H12:I12,'Score Summary'!H13:I13,'Score Summary'!H15:I15) -> 0 | D14: =VLOOKUP(C14,G3:BY58,SUM(C4,C5,E14),FALSE) -> 44 | E14: =E13+14 -> 58 | F14: =VLOOKUP(B6,G144:CM146,SUM(C4,C5,E14),FALSE) -> 5 | G14: 10 | H14: 47 | I14: 51 | J14: =J12+1 -> 54 | K14: =K12+1 -> 55 | L14: =L12+1 -> 55 | M14: =M12+1 -> 54 | N14: =N12+1 -> 52 | O14: =O12+1 -> 51 | P14: =P12+1 -> 50 | Q14: =Q12+1 -> 50 | ... U14: =U12+1 -> 66 | V14: 44 | W14: =W12+1 -> 52 | X14: =X12+1 -> 55 | Y14: 55 | Z14: 53 | AA14: =AA12+1 -> 48 | AC14: =AC12+1 -> 50 | AD14: =AD12+1 -> 54 | AE14: =AE12+1 -> 55 | AF14: =AF12+1 -> 55 | AG14: =AG12+1 -> 54 | AH14: =AH12+1 -> 50 | AJ14: 60 | AK14: 63 | AL14: 66 | AM14: =AM12+3 -> 67 | AN14: 67 | AO14: 66 | AP14: 65 | AQ14: 66 | AR14: 64 | AS14: 64 | AT14: 64 | AU14: 65 | AV14: 67 | AW14: 70 | AX14: 73 | AY14: 74 | AZ14: 74 | BA14: 74 | BB14: =BB13+2 -> 74 | BC14: 74 | BD14: =BD13+2 -> 74 | BE14: 75 | BF14: 74 | BG14: 74 | BH14: 74 | BI14: 76 | BJ14: =BJ13+2 -> 78 | BK14: =BK13+2 -> 80 | BL14: =BL13+1 -> 57 | BM14: =BM13+1 -> 61 | BN14: =BN13+1 -> 63 | BO14: =BO13+1 -> 64 | BP14: =BP13+1 -> 64 | BQ14: =BQ13+1 -> 63 | BR14: =BR13+1 -> 62 | BS14: =BS13+1 -> 58 | ... BW14: =BW13+1 -> 65 | BX14: 69 | BY14: =BY13+1 -> 74 | BZ14: =BZ13+1 -> 50 | CA14: =CA13+1 -> 58 | CB14: =CB13+1 -> 61 | CC14: =CC13+1 -> 62 | CD14: =CD13+1 -> 62 | CE14: =CE13+1 -> 60 | CG14: 54 | CH14: =CH13+1 -> 58 | CI14: =CI13+1 -> 60 | CJ14: 60 | CK14: =CK13+1 -> 60 | CL14: =CL13+1 -> 57
A15: PR w/ WORK | C15: =SUM('Score Summary'!H10:I10,'Score Summary'!H12:I12,'Score Summary'!H13:I13,'Score Summary'!H15:I15,'Score Summary'!H18:I18) -> 0 | D15: =VLOOKUP(C15,G3:CM72,SUM(C4,C5,E15),FALSE) -> 40 | E15: =E14+14 -> 72 | F15: =VLOOKUP(B6,G144:CM146,SUM(C4,C5,E15),FALSE) -> 5 | G15: 11 | H15: 48 | I15: 52 | J15: 55 | K15: =K13+1 -> 56 | L15: =L13+1 -> 56 | M15: =M13+1 -> 54 | N15: =N13+1 -> 52 | O15: =O13+1 -> 51 | P15: =P13+1 -> 50 | Q15: =Q13+1 -> 51 | R15: =R13+1 -> 53 | ... U15: =U13+1 -> 66 | V15: 45 | W15: =W13+1 -> 52 | X15: 55 | Y15: =Y13+1 -> 56 | Z15: =Z13+1 -> 54 | AA15: =AA13+1 -> 49 | AC15: =AC13+1 -> 51 | AD15: =AD13+1 -> 54 | AE15: 55 | AF15: 55 | AG15: =AG13+1 -> 54 | AH15: =AH13+1 -> 51 | AJ15: 62 | AK15: 65 | AL15: 67 | AM15: =AM13+3 -> 68 | AN15: 68 | AO15: 68 | AP15: 66 | AQ15: 67 | AR15: 66 | AS15: 65 | AT15: 66 | AU15: 67 | AV15: 68 | AW15: 71 | AX15: =AX14+3 -> 76 | AY15: 76 | AZ15: 77 | BA15: 77 | BB15: 77 | BC15: 76 | BD15: =BD14+2 -> 76 | BE15: 78 | BF15: 76 | BG15: 76 | BH15: 76 | BI15: =BI14+2 -> 78 | BJ15: =BJ14+2 -> 80 | BK15: =BK14+2 -> 82 | BL15: 59 | BM15: =BM14+1 -> 62 | BN15: =BN14+1 -> 64 | BO15: =BO14+1 -> 65 | BP15: =BP14+1 -> 65 | BQ15: =BQ14+1 -> 64 | BR15: =BR14+1 -> 63 | BS15: 60 | BT15: =BT14+1 -> 58 | BU15: =BU14+1 -> 59 | BV15: =BV14+1 -> 62 | BW15: =BW14+1 -> 66 | BX15: =BX14+1 -> 70 | BY15: =BY14+1 -> 75 | BZ15: =BZ14+1 -> 51 | CA15: =CA14+1 -> 59 | ... CE15: =CE14+1 -> 61 | CG15: =CG14+1 -> 55 | CH15: =CH14+1 -> 59 | CI15: =CI14+1 -> 61 | CJ15: =CJ14+1 -> 61 | CK15: 60 | CL15: =CL14+1 -> 58
G16: 12 | H16: 48 | I16: 53 | J16: =J14+1 -> 55 | K16: =K14+1 -> 56 | L16: =L14+1 -> 56 | M16: =M14+1 -> 55 | N16: =N14+1 -> 53 | O16: =O14+1 -> 52 | P16: =P14+1 -> 51 | Q16: 52 | R16: =R14+1 -> 54 | S16: 57 | T16: =T14+1 -> 62 | U16: 66 | V16: 46 | W16: =W14+1 -> 53 | X16: =X14+1 -> 56 | Y16: =Y14+1 -> 56 | Z16: =Z14+1 -> 54 | AA16: =AA14+1 -> 49 | AC16: =AC14+1 -> 51 | AD16: =AD14+1 -> 55 | AE16: =AE14+1 -> 56 | AF16: =AF14+1 -> 56 | AG16: 54 | AH16: =AH14+1 -> 51 | AJ16: 64 | AK16: 67 | AL16: 69 | AM16: 69 | AN16: 70 | AO16: 69 | AP16: 68 | AQ16: 69 | AR16: 67 | AS16: 67 | AT16: 67 | AU16: 68 | AV16: 70 | AW16: 72 | AX16: 78 | AY16: 79 | AZ16: 79 | BA16: 79 | BB16: =BB15+2 -> 79 | BC16: 79 | BD16: =BD15+2 -> 78 | BE16: 80 | BF16: 78 | BG16: 78 | BH16: 78 | BI16: =BI15+2 -> 80 | BJ16: =BJ15+2 -> 82 | BK16: =BK15+2 -> 84 | BL16: =BL15+1 -> 60 | BM16: =BM15+1 -> 63 | BN16: =BN15+1 -> 65 | BO16: =BO15+1 -> 66 | BP16: =BP15+1 -> 66 | BQ16: =BQ15+1 -> 65 | BR16: =BR15+1 -> 64 | BS16: =BS15+1 -> 61 | BT16: 60 | BU16: 61 | BV16: =BV15+1 -> 63 | BW16: =BW15+1 -> 67 | BX16: =BX15+1 -> 71 | BY16: =BY15+1 -> 76 | BZ16: =BZ15+1 -> 52 | CA16: =CA15+1 -> 60 | CB16: =CB15+1 -> 63 | CC16: =CC15+1 -> 64 | CD16: =CD15+1 -> 64 | CE16: 61 | CG16: =CG15+1 -> 56 | CH16: =CH15+1 -> 60 | CI16: =CI15+1 -> 62 | CJ16: =CJ15+1 -> 62 | CK16: =CK15+1 -> 61 | CL16: =CL15+1 -> 59
A17: Age | B17: Col | G17: 13 | H17: 49 | I17: 53 | J17: =J15+1 -> 56 | K17: =K15+1 -> 57 | L17: =L15+1 -> 57 | M17: =M15+1 -> 55 | N17: =N15+1 -> 53 | O17: =O15+1 -> 52 | P17: =P15+1 -> 51 | Q17: =Q15+1 -> 52 | ... U17: =U15+1 -> 67 | V17: 46 | W17: =W15+1 -> 53 | X17: =X15+1 -> 56 | Y17: =Y15+1 -> 57 | Z17: =Z15+1 -> 55 | AA17: =AA15+1 -> 50 | AC17: =AC15+1 -> 52 | AD17: =AD15+1 -> 55 | AE17: =AE15+1 -> 56 | AF17: =AF15+1 -> 56 | AG17: =AG15+1 -> 55 | AH17: =AH15+1 -> 52 | AJ17: 66 | AK17: 69 | AL17: 70 | AM17: =AM15+3 -> 71 | AN17: 71 | AO17: 71 | AP17: 69 | AQ17: 71 | AR17: 69 | AS17: 68 | AT17: 68 | AU17: 69 | AV17: 71 | AW17: 74 | AX17: 80 | AY17: 81 | AZ17: 81 | BA17: 81 | BB17: =BB16+2 -> 81 | BC17: 81 | BD17: =BD16+2 -> 80 | BE17: 82 | BF17: 81 | BG17: 80 | BH17: 81 | BI17: =BI16+2 -> 82 | BJ17: =BJ16+2 -> 84 | BK17: =BK16+2 -> 86 | BL17: =BL16+1 -> 61 | BM17: =BM16+1 -> 64 | BN17: =BN16+1 -> 66 | BO17: =BO16+1 -> 67 | BP17: =BP16+1 -> 67 | BQ17: 67 | BR17: =BR16+1 -> 65 | BS17: =BS16+1 -> 62 | BT17: =BT16+1 -> 61 | BU17: =BU16+1 -> 62 | BV17: =BV16+1 -> 64 | BW17: =BW16+1 -> 68 | BX17: =BX16+1 -> 72 | BY17: 76 | BZ17: 54 | CA17: =CA16+1 -> 61 | CB17: =CB16+1 -> 64 | CC17: =CC16+1 -> 65 | CD17: 64 | CE17: =CE16+1 -> 62 | CG17: =CG16+1 -> 57 | CH17: =CH16+1 -> 61 | CI17: =CI16+1 -> 63 | CJ17: =CJ16+1 -> 63 | CK17: =CK16+1 -> 62 | CL17: =CL16+1 -> 60
A18: 16-21 | B18: 0 | G18: 14 | H18: 49 | I18: 54 | J18: =J16+1 -> 56 | K18: =K16+1 -> 57 | L18: =L16+1 -> 57 | M18: =M16+1 -> 56 | N18: =N16+1 -> 54 | O18: =O16+1 -> 53 | P18: =P16+1 -> 52 | Q18: =Q16+1 -> 53 | ... U18: =U16+1 -> 67 | V18: 47 | W18: =W16+1 -> 54 | X18: =X16+1 -> 57 | Y18: =Y16+1 -> 57 | Z18: =Z16+1 -> 55 | AA18: =AA16+1 -> 50 | AC18: =AC16+1 -> 52 | AD18: 55 | AE18: =AE16+1 -> 57 | AF18: =AF16+1 -> 57 | AG18: =AG16+1 -> 55 | AH18: =AH16+1 -> 52 | AJ18: 68 | AK18: 70 | AL18: 72 | AM18: =AM16+3 -> 72 | AN18: 73 | AO18: 72 | AP18: 71 | AQ18: 72 | AR18: 71 | AS18: 70 | AT18: 70 | AU18: 71 | AV18: 73 | AW18: 75 | AX18: =AX17+3 -> 83 | AY18: 83 | AZ18: 83 | BA18: 83 | BB18: =BB17+2 -> 83 | BC18: 83 | BD18: =BD17+2 -> 82 | BE18: 84 | BF18: 83 | BG18: 83 | BH18: 83 | BI18: =BI17+2 -> 84 | BJ18: =BJ17+2 -> 86 | BK18: =BK17+2 -> 88 | BL18: 63 | BM18: 66 | BN18: =BN17+1 -> 67 | BO18: =BO17+1 -> 68 | BP18: =BP17+1 -> 68 | BQ18: =BQ17+1 -> 68 | BR18: =BR17+1 -> 66 | BS18: =BS17+1 -> 63 | BT18: =BT17+1 -> 62 | BU18: =BU17+1 -> 63 | ... CE18: =CE17+1 -> 63 | CG18: =CG17+1 -> 58 | CH18: =CH17+1 -> 62 | CI18: 63 | CJ18: =CJ17+1 -> 64 | CK18: =CK17+1 -> 63 | CL18: =CL17+1 -> 61
A19: 22-29 | B19: 1 | G19: 15 | H19: 50 | I19: 54 | J19: =J17+1 -> 57 | K19: =K17+1 -> 58 | L19: =L17+1 -> 58 | M19: =M17+1 -> 56 | N19: =N17+1 -> 54 | O19: 54 | P19: =P17+1 -> 52 | Q19: =Q17+1 -> 53 | R19: =R17+1 -> 55 | S19: =S17+1 -> 59 | T19: =T17+1 -> 63 | U19: =U17+1 -> 68 | V19: 47 | W19: =W17+1 -> 54 | X19: =X17+1 -> 57 | Y19: =Y17+1 -> 58 | Z19: =Z17+1 -> 56 | AA19: =AA17+1 -> 51 | AC19: =AC17+1 -> 53 | AD19: =AD17+1 -> 56 | AE19: =AE17+1 -> 57 | AF19: =AF17+1 -> 57 | AG19: =AG17+1 -> 56 | AH19: =AH17+1 -> 53 | AJ19: 69 | AK19: 72 | AL19: 73 | AM19: =AM17+3 -> 74 | AN19: 74 | AO19: 74 | AP19: 73 | AQ19: 74 | AR19: 72 | AS19: 71 | AT19: 71 | AU19: 72 | AV19: 74 | AW19: 77 | AX19: 85 | AY19: 86 | AZ19: 86 | BA19: 86 | BB19: 86 | BC19: 85 | BD19: 85 | BE19: 86 | BF19: 85 | BG19: 85 | BH19: 85 | BI19: =BI18+2 -> 86 | BJ19: =BJ18+2 -> 88 | BK19: 89 | BL19: =BL18+1 -> 64 | BM19: =BM18+1 -> 67 | BN19: =BN18+1 -> 68 | BO19: =BO18+1 -> 69 | BP19: =BP18+1 -> 69 | BQ19: =BQ18+1 -> 69 | BR19: 68 | BS19: 65 | BT19: =BT18+1 -> 63 | BU19: =BU18+1 -> 64 | BV19: =BV18+1 -> 66 | BW19: =BW18+1 -> 70 | BX19: =BX18+1 -> 74 | BY19: =BY18+1 -> 78 | BZ19: =BZ18+1 -> 56 | CA19: =CA18+1 -> 63 | ... CE19: =CE18+1 -> 64 | CG19: =CG18+1 -> 59 | CH19: =CH18+1 -> 63 | CI19: =CI18+1 -> 64 | CJ19: =CJ18+1 -> 65 | CK19: =CK18+1 -> 64 | CL19: =CL18+1 -> 62
A20: 30-39 | B20: 2 | G20: 16 | H20: 51 | I20: 55 | J20: =J18+1 -> 57 | K20: =K18+1 -> 58 | L20: =L18+1 -> 58 | M20: =M18+1 -> 57 | N20: =N18+1 -> 55 | O20: =O18+1 -> 54 | P20: =P18+1 -> 53 | Q20: =Q18+1 -> 54 | ... S20: =S18+1 -> 59 | T20: 63 | U20: =U18+1 -> 68 | V20: 48 | W20: =W18+1 -> 55 | X20: =X18+1 -> 58 | Y20: =Y18+1 -> 58 | Z20: =Z18+1 -> 56 | AA20: =AA18+1 -> 51 | AC20: =AC18+1 -> 53 | AD20: =AD18+1 -> 56 | AE20: =AE18+1 -> 58 | AF20: =AF18+1 -> 58 | AG20: =AG18+1 -> 56 | AH20: =AH18+1 -> 53 | AJ20: 71 | AK20: 74 | AL20: 75 | AM20: =AM18+3 -> 75 | AN20: 75 | AO20: 75 | AP20: 74 | AQ20: 75 | AR20: 74 | AS20: 73 | AT20: 73 | AU20: 74 | AV20: 75 | AW20: 78 | AX20: =AX19+3 -> 88 | AY20: 88 | AZ20: 88 | BA20: 88 | BB20: =BB19+2 -> 88 | BC20: 87 | BD20: =BD19+2 -> 87 | BE20: 88 | BF20: 87 | BG20: 87 | BH20: 87 | BI20: =BI19+2 -> 88 | BJ20: =BJ19+2 -> 90 | BK20: =BK19+2 -> 91 | BL20: 66 | BM20: =BM19+1 -> 68 | BN20: =BN19+1 -> 69 | BO20: =BO19+1 -> 70 | BP20: =BP19+1 -> 70 | BQ20: =BQ19+1 -> 70 | BR20: =BR19+1 -> 69 | BS20: =BS19+1 -> 66 | BT20: 65 | BU20: =BU19+1 -> 65 | BV20: 68 | BW20: =BW19+1 -> 71 | BX20: =BX19+1 -> 75 | BY20: =BY19+1 -> 79 | BZ20: =BZ19+1 -> 57 | CA20: =CA19+1 -> 64 | CB20: 66 | CC20: 67 | CD20: =CD19+1 -> 67 | CE20: =CE19+1 -> 65 | CG20: =CG19+1 -> 60 | CH20: =CH19+1 -> 64 | CI20: =CI19+1 -> 65 | CJ20: 65 | CK20: =CK19+1 -> 65 | CL20: =CL19+1 -> 63
A21: 40-49 | B21: 3 | G21: 17 | H21: 51 | I21: 55 | J21: =J19+1 -> 58 | K21: =K19+1 -> 59 | L21: =L19+1 -> 59 | M21: =M19+1 -> 57 | N21: =N19+1 -> 55 | O21: =O19+1 -> 55 | P21: 54 | Q21: =Q19+1 -> 54 | R21: =R19+1 -> 56 | S21: =S19+1 -> 60 | T21: =T19+1 -> 64 | U21: 68 | V21: 49 | W21: =W19+1 -> 55 | X21: =X19+1 -> 58 | Y21: =Y19+1 -> 59 | Z21: =Z19+1 -> 57 | AA21: =AA19+1 -> 52 | AC21: =AC19+1 -> 54 | AD21: =AD19+1 -> 57 | AE21: =AE19+1 -> 58 | AF21: =AF19+1 -> 58 | AG21: =AG19+1 -> 57 | AH21: =AH19+1 -> 54 | AJ21: 73 | AK21: 75 | AL21: 76 | AM21: =AM19+3 -> 77 | AN21: 77 | AO21: 77 | AP21: 76 | AQ21: 77 | AR21: 75 | AS21: 74 | AT21: 74 | AU21: 75 | AV21: 77 | AW21: 79 | AX21: 90 | AY21: 90 | AZ21: 90 | BA21: 90 | BB21: =BB20+2 -> 90 | BC21: 90 | BD21: =BD20+2 -> 89 | BE21: 90 | BF21: 89 | BG21: 89 | BH21: 90 | BI21: =BI20+2 -> 90 | BJ21: =BJ20+2 -> 92 | BK21: =BK20+2 -> 93 | BL21: =BL20+1 -> 67 | BM21: =BM20+1 -> 69 | BN21: =BN20+1 -> 70 | BO21: =BO20+1 -> 71 | BP21: =BP20+1 -> 71 | BQ21: =BQ20+1 -> 71 | BR21: =BR20+1 -> 70 | BS21: =BS20+1 -> 67 | BT21: =BT20+1 -> 66 | BU21: 67 | BV21: =BV20+1 -> 69 | BW21: =BW20+1 -> 72 | BX21: =BX20+1 -> 76 | BY21: 79 | BZ21: 59 | CA21: =CA20+1 -> 65 | CB21: =CB20+1 -> 67 | CC21: =CC20+1 -> 68 | CD21: =CD20+1 -> 68 | CE21: =CE20+1 -> 66 | CG21: =CG20+1 -> 61 | CH21: 64 | CI21: =CI20+1 -> 66 | CJ21: =CJ20+1 -> 66 | CK21: =CK20+1 -> 66 | CL21: =CL20+1 -> 64
A22: 50-64 | B22: 4 | G22: 18 | H22: 52 | I22: 56 | J22: =J20+1 -> 58 | K22: =K20+1 -> 59 | L22: =L20+1 -> 59 | M22: =M20+1 -> 58 | N22: =N20+1 -> 56 | O22: =O20+1 -> 55 | P22: =P20+1 -> 54 | Q22: =Q20+1 -> 55 | ... U22: =U20+1 -> 69 | V22: 49 | W22: =W20+1 -> 56 | X22: =X20+1 -> 59 | Y22: =Y20+1 -> 59 | Z22: =Z20+1 -> 57 | AA22: =AA20+1 -> 52 | AC22: =AC20+1 -> 54 | AD22: =AD20+1 -> 57 | AE22: =AE20+1 -> 59 | AF22: 58 | AG22: =AG20+1 -> 57 | AH22: =AH20+1 -> 54 | AJ22: 75 | AK22: 77 | AL22: 78 | AM22: =AM20+3 -> 78 | AN22: 78 | AO22: 78 | AP22: 77 | AQ22: 78 | AR22: 77 | AS22: 76 | AT22: 76 | AU22: 77 | AV22: 78 | AW22: 81 | AX22: =AX21+3 -> 93 | AY22: 93 | AZ22: 93 | BA22: 93 | BB22: =BB21+2 -> 92 | BC22: 92 | BD22: =BD21+2 -> 91 | BE22: 92 | BF22: 92 | BG22: 92 | BH22: 92 | BI22: 93 | BJ22: =BJ21+2 -> 94 | BK22: =BK21+2 -> 95 | BL22: =BL21+1 -> 68 | BM22: =BM21+1 -> 70 | BN22: =BN21+1 -> 71 | BO22: =BO21+1 -> 72 | BP22: =BP21+1 -> 72 | BQ22: =BQ21+1 -> 72 | BR22: =BR21+1 -> 71 | BS22: 69 | BT22: =BT21+1 -> 67 | BU22: =BU21+1 -> 68 | BV22: =BV21+1 -> 70 | BW22: =BW21+1 -> 73 | BX22: 76 | BY22: =BY21+1 -> 80 | BZ22: =BZ21+1 -> 60 | CA22: =CA21+1 -> 66 | CB22: =CB21+1 -> 68 | CC22: =CC21+1 -> 69 | CD22: =CD21+1 -> 69 | CE22: =CE21+1 -> 67 | CG22: =CG21+1 -> 62 | CH22: =CH21+1 -> 65 | CI22: =CI21+1 -> 67 | CJ22: =CJ21+1 -> 67 | CK22: 66 | CL22: =CL21+1 -> 65
A23: 65-74 | B23: 5 | G23: 19 | H23: 53 | I23: 57 | J23: =J21+1 -> 59 | K23: =K21+1 -> 60 | L23: =L21+1 -> 60 | M23: =M21+1 -> 58 | N23: =N21+1 -> 56 | O23: =O21+1 -> 56 | P23: =P21+1 -> 55 | Q23: =Q21+1 -> 55 | ... U23: =U21+1 -> 69 | V23: 50 | W23: =W21+1 -> 56 | X23: =X21+1 -> 59 | Y23: 59 | Z23: =Z21+1 -> 58 | AA23: =AA21+1 -> 53 | AC23: =AC21+1 -> 55 | AD23: =AD21+1 -> 58 | AE23: =AE21+1 -> 59 | AF23: =AF21+1 -> 59 | AG23: =AG21+1 -> 58 | AH23: =AH21+1 -> 55 | AJ23: 77 | AK23: 79 | AL23: 79 | AM23: =AM21+3 -> 80 | AN23: 80 | AO23: 80 | AP23: 79 | AQ23: 80 | AR23: 78 | AS23: 77 | AT23: 77 | AU23: 78 | AV23: 80 | AW23: 82 | AX23: 95 | AY23: 95 | AZ23: 95 | BA23: 95 | BB23: =BB22+2 -> 94 | BC23: 94 | BD23: =BD22+2 -> 93 | BE23: 95 | BF23: 94 | BG23: 94 | BH23: 94 | BI23: =BI22+2 -> 95 | BJ23: =BJ22+2 -> 96 | BK23: =BK22+2 -> 97 | BL23: 70 | BM23: 72 | BN23: 73 | BO23: =BO22+1 -> 73 | BP23: =BP22+1 -> 73 | BQ23: =BQ22+1 -> 73 | BR23: =BR22+1 -> 72 | BS23: =BS22+1 -> 70 | BT23: 69 | BU23: =BU22+1 -> 69 | BV23: =BV22+1 -> 71 | BW23: =BW22+1 -> 74 | BX23: =BX22+1 -> 77 | BY23: =BY22+1 -> 81 | BZ23: =BZ22+1 -> 61 | CA23: =CA22+1 -> 67 | CB23: =CB22+1 -> 69 | CC23: =CC22+1 -> 70 | CD23: 69 | CE23: =CE22+1 -> 68 | CG23: =CG22+1 -> 63 | CH23: =CH22+1 -> 66 | CI23: =CI22+1 -> 68 | CJ23: =CJ22+1 -> 68 | CK23: =CK22+1 -> 67 | CL23: =CL22+1 -> 66
A24: 75-89 | B24: 6 | G24: 20 | H24: 53 | I24: 57 | J24: =J22+1 -> 59 | K24: =K22+1 -> 60 | L24: =L22+1 -> 60 | M24: =M22+1 -> 59 | N24: =N22+1 -> 57 | O24: =O22+1 -> 56 | P24: =P22+1 -> 55 | Q24: =Q22+1 -> 56 | ... U24: =U22+1 -> 70 | V24: 50 | W24: =W22+1 -> 57 | X24: =X22+1 -> 60 | Y24: =Y22+1 -> 60 | Z24: =Z22+1 -> 58 | AA24: =AA22+1 -> 53 | AC24: =AC22+1 -> 55 | AD24: =AD22+1 -> 58 | AE24: 59 | AF24: =AF22+1 -> 59 | AG24: =AG22+1 -> 58 | AH24: =AH22+1 -> 55 | AJ24: 79 | AK24: 80 | AL24: 81 | AM24: =AM22+3 -> 81 | AN24: 81 | AO24: 81 | AP24: 80 | AQ24: 82 | AR24: 80 | AS24: 79 | AT24: 79 | AU24: 79 | AV24: 81 | AW24: 84 | AX24: 97 | AY24: 97 | AZ24: 97 | BA24: 97 | BB24: 97 | BC24: 96 | BD24: 96 | BE24: 97 | BF24: 96 | BG24: 96 | BH24: 96 | BI24: =BI23+2 -> 97 | BJ24: =BJ23+2 -> 98 | BK24: =BK23+2 -> 99 | BL24: =BL23+1 -> 71 | BM24: =BM23+1 -> 73 | BN24: =BN23+1 -> 74 | BO24: =BO23+1 -> 74 | BP24: =BP23+1 -> 74 | BQ24: =BQ23+1 -> 74 | BR24: =BR23+1 -> 73 | BS24: =BS23+1 -> 71 | ... CD24: =CD23+1 -> 70 | CE24: 68 | CG24: 65 | CH24: =CH23+1 -> 67 | CI24: 68 | CJ24: =CJ23+1 -> 69 | CK24: =CK23+1 -> 68 | CL24: 66
G25: 21 | H25: 54 | I25: 58 | J25: =J23+1 -> 60 | K25: =K23+1 -> 61 | L25: 60 | M25: =M23+1 -> 59 | N25: =N23+1 -> 57 | O25: =O23+1 -> 57 | P25: =P23+1 -> 56 | Q25: =Q23+1 -> 56 | R25: =R23+1 -> 58 | S25: =S23+1 -> 62 | T25: =T23+1 -> 66 | U25: =U23+1 -> 70 | V25: 51 | W25: =W23+1 -> 57 | X25: =X23+1 -> 60 | Y25: =Y23+1 -> 60 | Z25: =Z23+1 -> 59 | AA25: =AA23+1 -> 54 | AC25: =AC23+1 -> 56 | AD25: =AD23+1 -> 59 | AE25: =AE23+1 -> 60 | AF25: =AF23+1 -> 60 | AG25: 58 | AH25: =AH23+1 -> 56 | AJ25: 81 | AK25: 82 | AL25: 83 | AM25: =AM23+3 -> 83 | AN25: 83 | AO25: 82 | AP25: 82 | AQ25: 83 | AR25: 81 | AS25: 80 | AT25: 80 | AU25: 81 | AV25: 83 | AW25: 85 | AX25: =AX24+3 -> 100 | AY25: 100 | AZ25: 100 | BA25: 99 | BB25: =BB24+2 -> 99 | BC25: 98 | BD25: =BD24+2 -> 98 | BE25: 99 | BF25: 98 | BG25: 98 | BH25: 98 | BI25: =BI24+2 -> 99 | BJ25: =BJ24+2 -> 100 | BK25: =BK24+2 -> 101 | BL25: =BL24+1 -> 72 | BM25: =BM24+1 -> 74 | BN25: =BN24+1 -> 75 | BO25: =BO24+1 -> 75 | BP25: =BP24+1 -> 75 | BQ25: =BQ24+1 -> 75 | BR25: =BR24+1 -> 74 | BS25: 73 | BT25: =BT24+1 -> 71 | BU25: =BU24+1 -> 71 | BV25: =BV24+1 -> 73 | BW25: =BW24+1 -> 76 | BX25: =BX24+1 -> 79 | BY25: =BY24+1 -> 83 | BZ25: =BZ24+1 -> 63 | CA25: =CA24+1 -> 69 | ... CE25: =CE24+1 -> 69 | CG25: =CG24+1 -> 66 | CH25: =CH24+1 -> 68 | CI25: =CI24+1 -> 69 | CJ25: 69 | CK25: =CK24+1 -> 69 | CL25: =CL24+1 -> 67
A26: Composite | C26: CI | G26: 22 | H26: 55 | I26: 58 | J26: =J24+1 -> 60 | K26: =K24+1 -> 61 | L26: =L24+1 -> 61 | M26: =M24+1 -> 60 | N26: =N24+1 -> 58 | O26: =O24+1 -> 57 | P26: =P24+1 -> 56 | Q26: =Q24+1 -> 57 | ... T26: =T24+1 -> 66 | U26: 70 | V26: 52 | W26: =W24+1 -> 58 | X26: =X24+1 -> 61 | Y26: =Y24+1 -> 61 | Z26: =Z24+1 -> 59 | AA26: =AA24+1 -> 54 | AC26: =AC24+1 -> 56 | AD26: =AD24+1 -> 59 | AE26: =AE24+1 -> 60 | AF26: =AF24+1 -> 60 | AG26: =AG24+1 -> 59 | AH26: =AH24+1 -> 56 | AJ26: =AJ25+2 -> 83 | AK26: 84 | AL26: 84 | AM26: =AM24+3 -> 84 | AN26: 84 | AO26: 84 | AP26: 83 | AQ26: 85 | AR26: 83 | AS26: 82 | AT26: 81 | AU26: 82 | AV26: 84 | AW26: 86 | AX26: =AX25+3 -> 103 | AY26: 103 | AZ26: 103 | BA26: 102 | BB26: =BB25+2 -> 101 | BC26: 101 | BD26: =BD25+2 -> 100 | BE26: 102 | BF26: 101 | BG26: 101 | BH26: 101 | BI26: 102 | BJ26: =BJ25+2 -> 102 | BK26: =BK25+2 -> 103 | BL26: 74 | BM26: =BM25+1 -> 75 | BN26: =BN25+1 -> 76 | BO26: =BO25+1 -> 76 | BP26: =BP25+1 -> 76 | BQ26: =BQ25+1 -> 76 | BR26: 76 | BS26: =BS25+1 -> 74 | BT26: =BT25+1 -> 72 | BU26: =BU25+1 -> 72 | BV26: =BV25+1 -> 74 | BW26: =BW25+1 -> 77 | BX26: =BX25+1 -> 80 | BY26: 83 | BZ26: 65 | CA26: =CA25+1 -> 70 | CB26: =CB25+1 -> 72 | CC26: 72 | CD26: =CD25+1 -> 72 | CE26: =CE25+1 -> 70 | CG26: =CG25+1 -> 67 | CH26: =CH25+1 -> 69 | CI26: =CI25+1 -> 70 | CJ26: =CJ25+1 -> 70 | CK26: =CK25+1 -> 70 | CL26: =CL25+1 -> 68
A27: GAC w/o Work | C27: =VLOOKUP(B6,G144:CM146,SUM(C4:C5,E10),FALSE) -> 4 | G27: 23 | H27: 55 | I27: 59 | J27: =J25+1 -> 61 | K27: =K25+1 -> 62 | L27: =L25+1 -> 61 | M27: =M25+1 -> 60 | N27: =N25+1 -> 58 | O27: =O25+1 -> 58 | P27: =P25+1 -> 57 | Q27: =Q25+1 -> 57 | R27: 60 | S27: =S25+1 -> 63 | T27: =T25+1 -> 67 | U27: =U25+1 -> 71 | V27: 52 | W27: =W25+1 -> 58 | X27: =X25+1 -> 61 | Y27: =Y25+1 -> 61 | Z27: =Z25+1 -> 60 | AA27: =AA25+1 -> 55 | AC27: =AC25+1 -> 57 | AD27: =AD25+1 -> 60 | AE27: =AE25+1 -> 61 | AF27: =AF25+1 -> 61 | AG27: =AG25+1 -> 59 | AH27: =AH25+1 -> 57 | AJ27: =AJ26+2 -> 85 | AK27: 85 | AL27: 86 | AM27: =AM25+3 -> 86 | AN27: 86 | AO27: 85 | AP27: 85 | AQ27: 86 | AR27: 84 | AS27: 83 | AT27: 83 | AU27: 84 | AV27: 85 | AW27: 88 | AX27: =AX26+3 -> 106 | AY27: 106 | AZ27: 106 | BA27: 105 | BB27: 105 | BC27: 104 | BD27: 103 | BE27: 106 | BF27: 105 | BG27: 105 | BH27: 105 | BI27: 105 | BJ27: 105 | BK27: 106 | BL27: =BL26+1 -> 75 | BM27: =BM26+1 -> 76 | BN27: =BN26+1 -> 77 | BO27: =BO26+1 -> 77 | BP27: =BP26+1 -> 77 | BQ27: =BQ26+1 -> 77 | BR27: =BR26+1 -> 77 | BS27: =BS26+1 -> 75 | BT27: 74 | BU27: 74 | BV27: =BV26+1 -> 75 | BW27: =BW26+1 -> 78 | BX27: =BX26+1 -> 81 | BY27: =BY26+1 -> 84 | BZ27: =BZ26+1 -> 66 | CA27: =CA26+1 -> 71 | CB27: =CB26+1 -> 73 | CC27: =CC26+1 -> 73 | ... CE27: =CE26+1 -> 71 | CG27: =CG26+1 -> 68 | CH27: =CH26+1 -> 70 | CI27: =CI26+1 -> 71 | CJ27: =CJ26+1 -> 71 | CK27: =CK26+1 -> 71 | CL27: =CL26+1 -> 69
A28: GAC w/ Work | C28: =VLOOKUP(B6,G144:CM146,SUM(C4,C5,E11),FALSE) -> 3 | G28: 24 | H28: 56 | I28: 59 | J28: =J26+1 -> 61 | K28: =K26+1 -> 62 | L28: =L26+1 -> 62 | M28: =M26+1 -> 61 | N28: =N26+1 -> 59 | O28: 59 | P28: =P26+1 -> 57 | Q28: =Q26+1 -> 58 | R28: =R26+1 -> 60 | S28: =S26+1 -> 63 | T28: =T26+1 -> 67 | U28: =U26+1 -> 71 | V28: 53 | W28: =W26+1 -> 59 | X28: 61 | Y28: =Y26+1 -> 62 | Z28: =Z26+1 -> 60 | AA28: 56 | AC28: =AC26+1 -> 57 | AD28: =AD26+1 -> 60 | AE28: =AE26+1 -> 61 | AF28: =AF26+1 -> 61 | AG28: =AG26+1 -> 60 | AH28: =AH26+1 -> 57 | AJ28: =AJ27+2 -> 87 | AK28: 87 | AL28: 87 | AM28: =AM26+3 -> 87 | AN28: 87 | AO28: 87 | AP28: 87 | AQ28: 88 | AR28: 86 | AS28: 85 | AT28: 84 | AU28: 85 | AV28: 87 | AW28: 89 | AX28: 109 | AY28: 109 | AZ28: 109 | BA28: 108 | BB28: 108 | BC28: 107 | BD28: 106 | BE28: 110 | BF28: 109 | BG28: 109 | BH28: 108 | BI28: 108 | BJ28: 108 | BK28: 109 | BL28: 77 | BM28: =BM27+1 -> 77 | BN28: =BN27+1 -> 78 | BO28: =BO27+1 -> 78 | BP28: =BP27+1 -> 78 | BQ28: =BQ27+1 -> 78 | BR28: =BR27+1 -> 78 | BS28: 77 | BT28: =BT27+1 -> 75 | BU28: =BU27+1 -> 75 | BV28: =BV27+1 -> 76 | BW28: =BW27+1 -> 79 | BX28: =BX27+1 -> 82 | BY28: =BY27+1 -> 85 | BZ28: =BZ27+1 -> 67 | CA28: =CA27+1 -> 72 | ... CE28: =CE27+1 -> 72 | CG28: =CG27+1 -> 69 | CH28: =CH27+1 -> 71 | CI28: =CI27+1 -> 72 | CJ28: =CJ27+1 -> 72 | CK28: 71 | CL28: =CL27+1 -> 70
A29: CON | G29: 25 | H29: 56 | I29: 60 | J29: =J27+1 -> 62 | K29: =K27+1 -> 63 | L29: =L27+1 -> 62 | M29: =M27+1 -> 61 | N29: 60 | O29: =O27+1 -> 59 | P29: =P27+1 -> 58 | Q29: 59 | R29: =R27+1 -> 61 | S29: =S27+1 -> 64 | T29: 67 | U29: =U27+1 -> 72 | V29: 53 | W29: =W27+1 -> 59 | X29: =X27+1 -> 62 | Y29: =Y27+1 -> 62 | Z29: 60 | AA29: =AA27+1 -> 56 | AC29: =AC27+1 -> 58 | AD29: 60 | AE29: =AE27+1 -> 62 | AF29: 61 | AG29: =AG27+1 -> 60 | AH29: =AH27+1 -> 58 | AJ29: =AJ28+2 -> 89 | AK29: 89 | AL29: 89 | AM29: =AM27+3 -> 89 | AN29: 89 | AO29: 88 | AP29: 88 | AQ29: 89 | AR29: 87 | AS29: 86 | AT29: 86 | AU29: 87 | AV29: 88 | AW29: 91 | AX29: 113 | AY29: 112 | AZ29: 112 | BA29: 111 | BB29: 111 | BC29: 110 | BD29: 109 | BE29: 115 | BF29: 113 | BG29: 112 | BH29: 112 | BI29: 111 | BJ29: 111 | BK29: =BK28+2 -> 111 | BL29: =BL28+1 -> 78 | BM29: 79 | BN29: =BN28+1 -> 79 | BO29: =BO28+1 -> 79 | BP29: =BP28+1 -> 79 | BQ29: =BQ28+1 -> 79 | BR29: =BR28+1 -> 79 | BS29: =BS28+1 -> 78 | BT29: =BT28+1 -> 76 | BU29: =BU28+1 -> 76 | ... CE29: =CE28+1 -> 73 | CG29: =CG28+1 -> 70 | CH29: =CH28+1 -> 72 | CI29: =CI28+1 -> 73 | CJ29: =CJ28+1 -> 73 | CK29: =CK28+1 -> 72 | CL29: =CL28+1 -> 71
A30: SO | G30: 26 | H30: 57 | I30: 61 | J30: =J28+1 -> 62 | K30: =K28+1 -> 63 | L30: =L28+1 -> 63 | M30: =M28+1 -> 62 | N30: =N28+1 -> 60 | O30: =O28+1 -> 60 | P30: 59 | Q30: =Q28+1 -> 59 | R30: =R28+1 -> 61 | S30: =S28+1 -> 64 | T30: =T28+1 -> 68 | U30: =U28+1 -> 72 | V30: 54 | W30: =W28+1 -> 60 | X30: =X28+1 -> 62 | Y30: =Y28+1 -> 63 | Z30: =Z28+1 -> 61 | AA30: =AA28+1 -> 57 | AC30: =AC28+1 -> 58 | AD30: =AD28+1 -> 61 | AE30: =AE28+1 -> 62 | AF30: =AF28+1 -> 62 | AG30: =AG28+1 -> 61 | AH30: =AH28+1 -> 58 | AJ30: =AJ29+2 -> 91 | AK30: 90 | AL30: 90 | AM30: =AM28+3 -> 90 | AN30: 90 | AO30: 90 | AP30: 90 | AQ30: 91 | AR30: 89 | AS30: 87 | AT30: 87 | AU30: 88 | AV30: 90 | AW30: 92 | AX30: =AX29+3 -> 116 | AY30: 115 | AZ30: 115 | BA30: 114 | BB30: 114 | BC30: 113 | BD30: 112 | BE30: 119 | BF30: 117 | BG30: 116 | BH30: 115 | BI30: 115 | BJ30: 114 | BK30: 114 | BL30: =BL29+1 -> 79 | BM30: =BM29+1 -> 80 | BN30: =BN29+1 -> 80 | BO30: =BO29+1 -> 80 | BP30: =BP29+1 -> 80 | BQ30: =BQ29+1 -> 80 | BR30: =BR29+1 -> 80 | BS30: =BS29+1 -> 79 | ... BW30: =BW29+1 -> 81 | BX30: 83 | BY30: 86 | BZ30: 70 | CA30: =CA29+1 -> 74 | CB30: 75 | CC30: =CC29+1 -> 76 | CD30: 75 | CE30: =CE29+1 -> 74 | CG30: =CG29+1 -> 71 | CH30: =CH29+1 -> 73 | CI30: 73 | CJ30: =CJ29+1 -> 74 | CK30: =CK29+1 -> 73 | CL30: =CL29+1 -> 72
A31: PR w/o Work | G31: 27 | H31: 58 | I31: 61 | J31: =J29+1 -> 63 | K31: =K29+1 -> 64 | L31: =L29+1 -> 63 | M31: =M29+1 -> 62 | N31: =N29+1 -> 61 | O31: =O29+1 -> 60 | P31: =P29+1 -> 59 | Q31: =Q29+1 -> 60 | ... T31: =T29+1 -> 68 | U31: 72 | V31: 55 | W31: =W29+1 -> 60 | X31: =X29+1 -> 63 | Y31: =Y29+1 -> 63 | Z31: =Z29+1 -> 61 | AA31: =AA29+1 -> 57 | AC31: =AC29+1 -> 59 | AD31: =AD29+1 -> 61 | AE31: 62 | AF31: =AF29+1 -> 62 | AG31: =AG29+1 -> 61 | AH31: =AH29+1 -> 59 | AJ31: =AJ30+2 -> 93 | AK31: 92 | AL31: 92 | AM31: =AM29+3 -> 92 | AN31: 91 | AO31: 91 | AP31: 91 | AQ31: 93 | AR31: 90 | AS31: 89 | AT31: 89 | AU31: 89 | AV31: 91 | AW31: 93 | AX31: 116 | AY31: 115 | AZ31: 115 | BA31: 114 | BB31: 114 | BC31: 113 | BD31: 115 | BL31: 81 | BM31: =BM30+1 -> 81 | BN31: =BN30+1 -> 81 | BO31: =BO30+1 -> 81 | BP31: =BP30+1 -> 81 | BQ31: =BQ30+1 -> 81 | BR31: =BR30+1 -> 81 | BS31: =BS30+1 -> 80 | BT31: 79 | BU31: =BU30+1 -> 78 | BV31: 80 | BW31: =BW30+1 -> 82 | BX31: =BX30+1 -> 84 | BY31: =BY30+1 -> 87 | BZ31: =BZ30+1 -> 71 | CA31: =CA30+1 -> 75 | CB31: =CB30+1 -> 76 | CC31: =CC30+1 -> 77 | CD31: =CD30+1 -> 76 | CE31: =CE30+1 -> 75 | CG31: =CG30+1 -> 72 | CH31: =CH30+1 -> 74 | CI31: =CI30+1 -> 74 | CJ31: 74 | CK31: =CK30+1 -> 74 | CL31: =CL30+1 -> 73
A32: PR w/ WORK | G32: 28 | H32: 58 | I32: =I30+1 -> 62 | J32: =J30+1 -> 63 | K32: =K30+1 -> 64 | L32: =L30+1 -> 64 | M32: =M30+1 -> 63 | N32: =N30+1 -> 61 | O32: =O30+1 -> 61 | P32: =P30+1 -> 60 | ... U32: =U30+1 -> 73 | V32: 55 | W32: =W30+1 -> 61 | X32: =X30+1 -> 63 | Y32: =Y30+1 -> 64 | Z32: =Z30+1 -> 62 | AA32: =AA30+1 -> 58 | AC32: =AC30+1 -> 59 | AD32: =AD30+1 -> 62 | AE32: =AE30+1 -> 63 | AF32: =AF30+1 -> 63 | AG32: =AG30+1 -> 62 | AH32: =AH30+1 -> 59 | AJ32: 94 | AK32: 94 | AL32: 93 | AM32: =AM30+3 -> 93 | AN32: 93 | AO32: 93 | AP32: 93 | AQ32: 94 | AR32: 92 | AS32: 90 | AT32: 90 | AU32: 91 | AV32: 92 | AW32: 95 | BL32: =BL31+1 -> 82 | BM32: =BM31+1 -> 82 | BN32: =BN31+1 -> 82 | BO32: =BO31+1 -> 82 | BP32: =BP31+1 -> 82 | BQ32: =BQ31+1 -> 82 | BR32: =BR31+1 -> 82 | BS32: 82 | BT32: =BT31+1 -> 80 | BU32: 80 | BV32: =BV31+1 -> 81 | BW32: =BW31+1 -> 83 | BX32: =BX31+1 -> 85 | BY32: =BY31+1 -> 88 | BZ32: =BZ31+1 -> 72 | CA32: =CA31+1 -> 76 | CB32: =CB31+1 -> 77 | CC32: =CC31+1 -> 78 | ... CE32: =CE31+1 -> 76 | CG32: =CG31+1 -> 73 | CH32: =CH31+1 -> 75 | CI32: =CI31+1 -> 75 | CJ32: =CJ31+1 -> 75 | CK32: =CK31+1 -> 75 | CL32: =CL31+1 -> 74
G33: 29 | H33: 59 | I33: =I31+1 -> 62 | J33: =J31+1 -> 64 | K33: =K31+1 -> 65 | L33: =L31+1 -> 64 | M33: =M31+1 -> 63 | N33: =N31+1 -> 62 | O33: =O31+1 -> 61 | P33: =P31+1 -> 60 | ... R33: =R31+1 -> 63 | S33: 65 | T33: =T31+1 -> 69 | U33: =U31+1 -> 73 | V33: 56 | W33: =W31+1 -> 61 | X33: =X31+1 -> 64 | Y33: =Y31+1 -> 64 | Z33: =Z31+1 -> 62 | AA33: =AA31+1 -> 58 | AC33: =AC31+1 -> 60 | AD33: =AD31+1 -> 62 | AE33: =AE31+1 -> 63 | AF33: =AF31+1 -> 63 | AG33: =AG31+1 -> 62 | AH33: =AH31+1 -> 60 | AJ33: =AJ32+2 -> 96 | AK33: 95 | AL33: 95 | AM33: =AM31+3 -> 95 | AN33: 94 | AO33: 94 | AP33: 94 | AQ33: 96 | AR33: 93 | AS33: 92 | AT33: 92 | AU33: 92 | AV33: 94 | AW33: 96 | BL33: =BL32+1 -> 83 | BM33: =BM32+1 -> 83 | BN33: =BN32+1 -> 83 | BO33: =BO32+1 -> 83 | BP33: =BP32+1 -> 83 | BQ33: =BQ32+1 -> 83 | BR33: =BR32+1 -> 83 | BS33: =BS32+1 -> 83 | ... CB33: =CB32+1 -> 78 | CC33: 78 | CD33: =CD32+1 -> 78 | CE33: 76 | CG33: =CG32+1 -> 74 | CH33: =CH32+1 -> 76 | CI33: =CI32+1 -> 76 | CJ33: =CJ32+1 -> 76 | CK33: =CK32+1 -> 76 | CL33: =CL32+1 -> 75
G34: 30 | H34: 60 | I34: =I32+1 -> 63 | J34: =J32+1 -> 64 | K34: =K32+1 -> 65 | L34: =L32+1 -> 65 | M34: =M32+1 -> 64 | N34: =N32+1 -> 62 | O34: =O32+1 -> 62 | P34: =P32+1 -> 61 | ... T34: =T32+1 -> 70 | U34: 73 | V34: 56 | W34: =W32+1 -> 62 | X34: =X32+1 -> 64 | Y34: 64 | Z34: =Z32+1 -> 63 | AA34: =AA32+1 -> 59 | AC34: 61 | AD34: =AD32+1 -> 63 | AE34: =AE32+1 -> 64 | AF34: =AF32+1 -> 64 | AG34: =AG32+1 -> 63 | AH34: =AH32+1 -> 60 | AJ34: =AJ33+2 -> 98 | AK34: 97 | AL34: 96 | AM34: =AM32+3 -> 96 | AN34: 96 | AO34: 96 | AP34: 96 | AQ34: 97 | AR34: 95 | AS34: 93 | AT34: 93 | AU34: 94 | AV34: 95 | AW34: 98 | BL34: 85 | BM34: =BM33+1 -> 84 | BN34: =BN33+1 -> 84 | BO34: =BO33+1 -> 84 | BP34: =BP33+1 -> 84 | BQ34: =BQ33+1 -> 84 | BR34: 85 | BS34: =BS33+1 -> 84 | BT34: =BT33+1 -> 82 | BU34: =BU33+1 -> 82 | BV34: =BV33+1 -> 83 | BW34: =BW33+1 -> 85 | BX34: =BX33+1 -> 87 | BY34: 89 | BZ34: 75 | CA34: =CA33+1 -> 78 | CB34: =CB33+1 -> 79 | CC34: =CC33+1 -> 79 | CD34: =CD33+1 -> 79 | CE34: =CE33+1 -> 77 | CG34: 76 | CH34: 76 | CI34: =CI33+1 -> 77 | CJ34: =CJ33+1 -> 77 | CK34: =CK33+1 -> 77 | CL34: =CL33+1 -> 76
G35: 31 | H35: 60 | I35: =I33+1 -> 63 | J35: =J33+1 -> 65 | K35: =K33+1 -> 66 | L35: =L33+1 -> 65 | M35: =M33+1 -> 64 | N35: =N33+1 -> 63 | O35: 63 | P35: =P33+1 -> 61 | Q35: =Q33+1 -> 62 | R35: =R33+1 -> 64 | S35: =S33+1 -> 66 | T35: =T33+1 -> 70 | U35: =U33+1 -> 74 | V35: 57 | W35: =W33+1 -> 62 | X35: =X33+1 -> 65 | Y35: =Y33+1 -> 65 | Z35: =Z33+1 -> 63 | AA35: =AA33+1 -> 59 | AC35: =AC33+1 -> 61 | AD35: =AD33+1 -> 63 | AE35: =AE33+1 -> 64 | AF35: =AF33+1 -> 64 | AG35: =AG33+1 -> 63 | AH35: =AH33+1 -> 61 | AJ35: =AJ34+2 -> 100 | AK35: 99 | AL35: 98 | AM35: =AM33+3 -> 98 | AN35: 97 | AO35: 97 | AP35: 97 | AQ35: 99 | AR35: 96 | AS35: 95 | AT35: 95 | AU35: 95 | AV35: 97 | AW35: 99 | BL35: =BL34+1 -> 86 | BM35: 86 | BN35: =BN34+1 -> 85 | BO35: =BO34+1 -> 85 | BP35: =BP34+1 -> 85 | BQ35: =BQ34+1 -> 85 | BR35: =BR34+1 -> 86 | BS35: 86 | BT35: 84 | BU35: =BU34+1 -> 83 | BV35: =BV34+1 -> 84 | BW35: =BW34+1 -> 86 | BX35: =BX34+1 -> 88 | BY35: =BY34+1 -> 90 | BZ35: =BZ34+1 -> 76 | CA35: =CA34+1 -> 79 | CB35: =CB34+1 -> 80 | ... CE35: =CE34+1 -> 78 | CG35: =CG34+1 -> 77 | CH35: =CH34+1 -> 77 | CI35: =CI34+1 -> 78 | CJ35: =CJ34+1 -> 78 | CK35: 77 | CL35: =CL34+1 -> 77
G36: 32 | H36: 61 | I36: =I34+1 -> 64 | J36: =J34+1 -> 65 | K36: =K34+1 -> 66 | L36: =L34+1 -> 66 | M36: =M34+1 -> 65 | N36: =N34+1 -> 63 | O36: =O34+1 -> 63 | P36: =P34+1 -> 62 | ... S36: =S34+1 -> 67 | T36: 70 | U36: =U34+1 -> 74 | V36: 58 | W36: =W34+1 -> 63 | X36: =X34+1 -> 65 | Y36: =Y34+1 -> 65 | Z36: =Z34+1 -> 64 | AA36: =AA34+1 -> 60 | AC36: =AC34+1 -> 62 | AD36: =AD34+1 -> 64 | AE36: =AE34+1 -> 65 | AF36: 64 | AG36: 63 | AH36: =AH34+1 -> 61 | AJ36: 103 | AK36: 101 | AL36: 100 | AM36: =AM34+3 -> 99 | AN36: 99 | AO36: 99 | AP36: 99 | AQ36: 101 | AR36: 98 | AS36: 96 | AT36: 96 | AU36: 97 | AV36: 98 | AW36: 101 | BL36: 88 | BM36: =BM35+1 -> 87 | BN36: =BN35+1 -> 86 | BO36: =BO35+1 -> 86 | BP36: =BP35+1 -> 86 | BQ36: 87 | BR36: =BR35+1 -> 87 | BS36: =BS35+1 -> 87 | BT36: =BT35+1 -> 85 | BU36: =BU35+1 -> 84 | BV36: =BV35+1 -> 85 | BW36: =BW35+1 -> 87 | BX36: =BX35+1 -> 89 | BY36: =BY35+1 -> 91 | ... CC36: =CC35+1 -> 81 | CD36: 80 | CE36: =CE35+1 -> 79 | CG36: =CG35+1 -> 78 | CH36: =CH35+1 -> 78 | CI36: =CI35+1 -> 79 | CJ36: 78 | CK36: =CK35+1 -> 78 | CL36: =CL35+1 -> 78
G37: 33 | H37: 62 | I37: =I35+1 -> 64 | J37: =J35+1 -> 66 | K37: =K35+1 -> 67 | L37: =L35+1 -> 66 | M37: =M35+1 -> 65 | N37: =N35+1 -> 64 | O37: =O35+1 -> 64 | P37: 63 | Q37: =Q35+1 -> 63 | R37: =R35+1 -> 65 | S37: =S35+1 -> 67 | T37: =T35+1 -> 71 | U37: 75 | V37: 58 | W37: =W35+1 -> 63 | X37: =X35+1 -> 66 | Y37: =Y35+1 -> 66 | Z37: =Z35+1 -> 64 | AA37: =AA35+1 -> 60 | AC37: =AC35+1 -> 62 | AD37: =AD35+1 -> 64 | AE37: =AE35+1 -> 65 | AF37: =AF35+1 -> 65 | AG37: =AG35+1 -> 64 | AH37: =AH35+1 -> 62 | AJ37: =AJ36+2 -> 105 | AK37: 103 | AL37: 102 | AM37: 101 | AN37: 100 | AO37: 100 | AP37: 101 | AQ37: 103 | AR37: 99 | AS37: 98 | AT37: 97 | AU37: 98 | AV37: 99 | AW37: 103 | BL37: =BL36+1 -> 89 | BM37: =BM36+1 -> 88 | BN37: =BN36+1 -> 87 | BO37: =BO36+1 -> 87 | BP37: =BP36+1 -> 87 | BQ37: =BQ36+1 -> 88 | BR37: =BR36+1 -> 88 | BS37: =BS36+1 -> 88 | BT37: =BT36+1 -> 86 | BU37: 86 | BV37: =BV36+1 -> 86 | BW37: =BW36+1 -> 88 | BX37: =BX36+1 -> 90 | BY37: =BY36+1 -> 92 | BZ37: =BZ36+1 -> 78 | CA37: =CA36+1 -> 81 | CB37: =CB36+1 -> 82 | CC37: =CC36+1 -> 82 | ... CE37: =CE36+1 -> 80 | CG37: =CG36+1 -> 79 | CH37: =CH36+1 -> 79 | CI37: 79 | CJ37: =CJ36+1 -> 79 | CK37: =CK36+1 -> 79 | CL37: =CL36+1 -> 79
G38: 34 | H38: 62 | I38: =I36+1 -> 65 | J38: =J36+1 -> 66 | K38: =K36+1 -> 67 | L38: =L36+1 -> 67 | M38: =M36+1 -> 66 | N38: =N36+1 -> 64 | O38: =O36+1 -> 64 | P38: =P36+1 -> 63 | ... T38: =T36+1 -> 71 | U38: 75 | V38: 59 | W38: =W36+1 -> 64 | X38: =X36+1 -> 66 | Y38: =Y36+1 -> 66 | Z38: =Z36+1 -> 65 | AA38: =AA36+1 -> 61 | AC38: =AC36+1 -> 63 | AD38: =AD36+1 -> 65 | AE38: 65 | AF38: =AF36+1 -> 65 | AG38: =AG36+1 -> 64 | AH38: =AH36+1 -> 62 | AJ38: 108 | AK38: 106 | AL38: 104 | AM38: 103 | AN38: 103 | AO38: 102 | AP38: 103 | AQ38: 106 | AR38: 101 | AS38: 99 | AT38: 99 | AU38: 99 | AV38: 101 | AW38: 105 | BL38: =BL37+1 -> 90 | BM38: =BM37+1 -> 89 | BN38: 89 | BO38: =BO37+1 -> 88 | BP38: =BP37+1 -> 88 | BQ38: =BQ37+1 -> 89 | BR38: =BR37+1 -> 89 | BS38: 90 | BT38: =BT37+1 -> 87 | BU38: =BU37+1 -> 87 | BV38: =BV37+1 -> 87 | BW38: 88 | BX38: 90 | BY38: =BY37+1 -> 93 | BZ38: 80 | CA38: =CA37+1 -> 82 | CB38: =CB37+1 -> 83 | CC38: =CC37+1 -> 83 | CD38: =CD37+1 -> 82 | CE38: =CE37+1 -> 81 | CG38: =CG37+1 -> 80 | CH38: =CH37+1 -> 80 | CI38: =CI37+1 -> 80 | CJ38: =CJ37+1 -> 80 | CK38: =CK37+1 -> 80 | CL38: 79
G39: 35 | H39: 63 | I39: 66 | J39: =J37+1 -> 67 | K39: =K37+1 -> 68 | L39: =L37+1 -> 67 | M39: =M37+1 -> 66 | N39: =N37+1 -> 65 | O39: =O37+1 -> 65 | P39: =P37+1 -> 64 | Q39: =Q37+1 -> 64 | ... T39: =T37+1 -> 72 | U39: 75 | V39: 59 | W39: =W37+1 -> 64 | X39: 66 | Y39: =Y37+1 -> 67 | Z39: =Z37+1 -> 65 | AA39: =AA37+1 -> 61 | AC39: =AC37+1 -> 63 | AD39: =AD37+1 -> 65 | AE39: =AE37+1 -> 66 | AF39: =AF37+1 -> 66 | AG39: =AG37+1 -> 65 | AH39: =AH37+1 -> 63 | AJ39: =AJ38+2 -> 110 | AK39: 108 | AL39: 107 | AM39: 106 | AN39: 105 | AO39: 104 | AP39: 104 | AQ39: 109 | AR39: 104 | AS39: 101 | AT39: 100 | AU39: 101 | AV39: 104 | AW39: 107 | BL39: 92 | BM39: =BM38+1 -> 90 | BN39: =BN38+1 -> 90 | BO39: =BO38+1 -> 89 | BP39: =BP38+1 -> 89 | BQ39: =BQ38+1 -> 90 | BR39: =BR38+1 -> 90 | BS39: =BS38+1 -> 91 | BT39: 89 | BU39: =BU38+1 -> 88 | BV39: =BV38+1 -> 88 | BW39: =BW38+1 -> 89 | BX39: =BX38+1 -> 91 | BY39: 93 | BZ39: =BZ38+1 -> 81 | CA39: =CA38+1 -> 83 | CB39: 83 | CC39: 83 | CD39: =CD38+1 -> 83 | CE39: =CE38+1 -> 82 | CG39: =CG38+1 -> 81 | CH39: =CH38+1 -> 81 | CI39: =CI38+1 -> 81 | CJ39: =CJ38+1 -> 81 | CK39: =CK38+1 -> 81 | CL39: =CL38+1 -> 80
G40: 36 | H40: 63 | I40: =I38+1 -> 66 | J40: 68 | K40: =K38+1 -> 68 | L40: =L38+1 -> 68 | M40: =M38+1 -> 67 | N40: =N38+1 -> 65 | O40: =O38+1 -> 65 | P40: =P38+1 -> 64 | Q40: =Q38+1 -> 64 | R40: =R38+1 -> 66 | ... T40: =T38+1 -> 72 | U40: 76 | V40: 60 | W40: =W38+1 -> 65 | X40: =X38+1 -> 67 | Y40: =Y38+1 -> 67 | Z40: =Z38+1 -> 66 | AA40: =AA38+1 -> 62 | AC40: =AC38+1 -> 64 | AD40: =AD38+1 -> 66 | AE40: =AE38+1 -> 66 | AF40: =AF38+1 -> 66 | AG40: =AG38+1 -> 65 | AH40: =AH38+1 -> 63 | AJ40: 113 | AK40: 111 | AL40: 109 | AM40: 108 | AN40: 107 | AO40: 106 | AP40: 106 | AQ40: 111 | AR40: 106 | AS40: 104 | AT40: 103 | AU40: 103 | AV40: 106 | AW40: 110 | BL40: =BL39+1 -> 93 | BM40: =BM39+1 -> 91 | BN40: =BN39+1 -> 91 | BO40: =BO39+1 -> 90 | BP40: =BP39+1 -> 90 | BQ40: =BQ39+1 -> 91 | BR40: =BR39+1 -> 91 | BS40: =BS39+1 -> 92 | ... CE40: =CE39+1 -> 83 | CG40: =CG39+1 -> 82 | CH40: =CH39+1 -> 82 | CI40: =CI39+1 -> 82 | CJ40: =CJ39+1 -> 82 | CK40: =CK39+1 -> 82 | CL40: =CL39+1 -> 81
G41: 37 | H41: 64 | I41: =I39+1 -> 67 | J41: =J39+1 -> 68 | K41: =K39+1 -> 69 | L41: =L39+1 -> 68 | M41: =M39+1 -> 67 | N41: =N39+1 -> 66 | O41: =O39+1 -> 66 | P41: =P39+1 -> 65 | ... T41: =T39+1 -> 73 | U41: 76 | V41: 60 | W41: =W39+1 -> 65 | X41: =X39+1 -> 67 | Y41: =Y39+1 -> 68 | Z41: =Z39+1 -> 66 | AA41: =AA39+1 -> 62 | AC41: =AC39+1 -> 64 | AD41: =AD39+1 -> 66 | AE41: =AE39+1 -> 67 | AF41: =AF39+1 -> 67 | AG41: =AG39+1 -> 66 | AH41: =AH39+1 -> 64 | AJ41: =AJ40+2 -> 115 | AK41: 114 | AL41: 112 | AM41: 110 | AN41: 109 | AO41: 108 | AP41: 108 | AQ41: 114 | AR41: 109 | AS41: 106 | AT41: 105 | AU41: 106 | AV41: 108 | AW41: 112 | BL41: =BL40+1 -> 94 | BM41: 93 | BN41: =BN40+1 -> 92 | BO41: =BO40+1 -> 91 | BP41: =BP40+1 -> 91 | BQ41: =BQ40+1 -> 92 | BR41: 93 | BS41: 94 | BT41: =BT40+1 -> 91 | BU41: =BU40+1 -> 90 | BV41: =BV40+1 -> 90 | BW41: =BW40+1 -> 91 | BX41: =BX40+1 -> 93 | BY41: =BY40+1 -> 95 | BZ41: =BZ40+1 -> 83 | CA41: =CA40+1 -> 85 | ... CD41: =CD40+1 -> 85 | CE41: 83 | CG41: =CG40+1 -> 83 | CH41: =CH40+1 -> 83 | CI41: =CI40+1 -> 83 | CJ41: =CJ40+1 -> 83 | CK41: 82 | CL41: =CL40+1 -> 82
G42: 38 | H42: 65 | I42: =I40+1 -> 67 | J42: =J40+1 -> 69 | K42: =K40+1 -> 69 | L42: =L40+1 -> 69 | M42: =M40+1 -> 68 | N42: =N40+1 -> 66 | O42: 67 | P42: =P40+1 -> 65 | Q42: 66 | R42: =R40+1 -> 67 | S42: =S40+1 -> 70 | T42: =T40+1 -> 73 | U42: 77 | V42: 61 | W42: =W40+1 -> 66 | X42: =X40+1 -> 68 | Y42: =Y40+1 -> 68 | Z42: 66 | AA42: =AA40+1 -> 63 | AC42: =AC40+1 -> 65 | AD42: 66 | AE42: =AE40+1 -> 67 | AF42: =AF40+1 -> 67 | AG42: =AG40+1 -> 66 | AH42: =AH40+1 -> 64 | AJ42: 118 | AK42: 116 | AL42: 114 | AM42: 113 | AN42: 112 | AO42: 111 | AP42: 110 | AQ42: 117 | AR42: 111 | AS42: 108 | AT42: 107 | AU42: 108 | AV42: 110 | AW42: 114 | BL42: 96 | BM42: =BM41+1 -> 94 | BN42: =BN41+1 -> 93 | BO42: =BO41+1 -> 92 | BP42: =BP41+1 -> 92 | BQ42: =BQ41+1 -> 93 | BR42: =BR41+1 -> 94 | BS42: =BS41+1 -> 95 | BT42: 93 | BU42: =BU41+1 -> 91 | BV42: 92 | BW42: =BW41+1 -> 92 | BX42: =BX41+1 -> 94 | BY42: =BY41+1 -> 96 | BZ42: 85 | CA42: =CA41+1 -> 86 | CB42: =CB41+1 -> 86 | CC42: =CC41+1 -> 86 | CD42: 85 | CE42: =CE41+1 -> 84 | CG42: =CG41+1 -> 84 | CH42: =CH41+1 -> 84 | CI42: =CI41+1 -> 84 | CJ42: 83 | CK42: =CK41+1 -> 83 | CL42: =CL41+1 -> 83
G43: 39 | H43: 65 | I43: =I41+1 -> 68 | J43: =J41+1 -> 69 | K43: =K41+1 -> 70 | L43: =L41+1 -> 69 | M43: =M41+1 -> 68 | N43: =N41+1 -> 67 | O43: =O41+1 -> 67 | P43: =P41+1 -> 66 | ... S43: =S41+1 -> 70 | T43: 73 | U43: 77 | V43: 62 | W43: =W41+1 -> 66 | X43: =X41+1 -> 68 | Y43: 68 | Z43: =Z41+1 -> 67 | AA43: =AA41+1 -> 63 | AC43: =AC41+1 -> 65 | AD43: =AD41+1 -> 67 | AE43: =AE41+1 -> 68 | AF43: 67 | AG43: =AG41+1 -> 67 | AH43: 64 | AJ43: 120 | AK43: 119 | AL43: 117 | AM43: 115 | AN43: 114 | AO43: 113 | AP43: 112 | AQ43: 119 | AR43: 114 | AS43: 111 | AT43: 109 | AU43: 110 | AV43: 112 | AW43: 114 | BL43: =BL42+1 -> 97 | BM43: =BM42+1 -> 95 | BN43: =BN42+1 -> 94 | BO43: =BO42+1 -> 93 | BP43: =BP42+1 -> 93 | BQ43: =BQ42+1 -> 94 | BR43: =BR42+1 -> 95 | BS43: =BS42+1 -> 96 | BT43: =BT42+1 -> 94 | BU43: 93 | BV43: =BV42+1 -> 93 | BW43: =BW42+1 -> 93 | BX43: =BX42+1 -> 95 | BY43: 96 | BZ43: =BZ42+1 -> 86 | CA43: =CA42+1 -> 87 | CB43: =CB42+1 -> 87 | CC43: =CC42+1 -> 87 | CD43: =CD42+1 -> 86 | CE43: =CE42+1 -> 85 | CG43: =CG42+1 -> 85 | CH43: =CH42+1 -> 85 | CI43: 84 | CJ43: =CJ42+1 -> 84 | CK43: =CK42+1 -> 84 | CL43: =CL42+1 -> 84 | CN43: Percentile
G44: 40 | H44: 66 | I44: =I42+1 -> 68 | J44: =J42+1 -> 70 | K44: =K42+1 -> 70 | L44: =L42+1 -> 70 | M44: =M42+1 -> 69 | N44: =N42+1 -> 67 | O44: =O42+1 -> 68 | P44: =P42+1 -> 66 | ... T44: =T42+1 -> 74 | U44: 77 | V44: 62 | W44: =W42+1 -> 67 | X44: =X42+1 -> 69 | Y44: =Y42+1 -> 69 | Z44: =Z42+1 -> 67 | AA44: =AA42+1 -> 64 | AC44: =AC42+1 -> 66 | AD44: =AD42+1 -> 67 | AE44: =AE42+1 -> 68 | AF44: =AF42+1 -> 68 | AG44: =AG42+1 -> 67 | AH44: =AH42+1 -> 65 | AJ44: 120 | AK44: 119 | AL44: 117 | AM44: 115 | AN44: 114 | AO44: 115 | AP44: 114 | AQ44: 120 | AR44: 116 | AS44: 113 | AT44: 112 | AU44: 112 | AV44: 114 | AW44: 114 | BL44: 99 | BM44: =BM43+1 -> 96 | BN44: =BN43+1 -> 95 | BO44: =BO43+1 -> 94 | BP44: =BP43+1 -> 94 | BQ44: =BQ43+1 -> 95 | BR44: =BR43+1 -> 96 | BS44: =BS43+1 -> 97 | BT44: =BT43+1 -> 95 | ... CE44: =CE43+1 -> 86 | CG44: 87 | CH44: =CH43+1 -> 86 | CI44: =CI43+1 -> 85 | CJ44: =CJ43+1 -> 85 | CK44: =CK43+1 -> 85 | CL44: =CL43+1 -> 85 | CN44: <0.1
G45: 41 | H45: 67 | I45: =I43+1 -> 69 | J45: =J43+1 -> 70 | K45: =K43+1 -> 71 | L45: =L43+1 -> 70 | M45: =M43+1 -> 69 | N45: =N43+1 -> 68 | O45: =O43+1 -> 68 | P45: =P43+1 -> 67 | ... T45: =T43+1 -> 74 | U45: 78 | V45: 63 | W45: =W43+1 -> 67 | X45: =X43+1 -> 69 | Y45: =Y43+1 -> 69 | Z45: =Z43+1 -> 68 | AA45: =AA43+1 -> 64 | AC45: =AC43+1 -> 66 | AD45: =AD43+1 -> 68 | AE45: 68 | AF45: =AF43+1 -> 68 | AG45: 67 | AH45: =AH43+1 -> 65 | AJ45: 120 | AK45: 119 | AL45: 117 | AM45: 115 | AN45: 114 | AO45: 115 | AP45: 115 | AQ45: 120 | AR45: 119 | AS45: 113 | AT45: 112 | AU45: 114 | AV45: 114 | AW45: 114 | BL45: =BL44+1 -> 100 | BM45: =BM44+1 -> 97 | BN45: =BN44+1 -> 96 | BO45: =BO44+1 -> 95 | BP45: =BP44+1 -> 95 | BQ45: =BQ44+1 -> 96 | BR45: =BR44+1 -> 97 | BS45: 99 | BT45: =BT44+1 -> 96 | BU45: =BU44+1 -> 95 | BV45: =BV44+1 -> 95 | BW45: =BW44+1 -> 95 | BX45: 96 | BY45: =BY44+1 -> 98 | BZ45: =BZ44+1 -> 88 | CA45: =CA44+1 -> 89 | CB45: =CB44+1 -> 89 | CC45: =CC44+1 -> 89 | CD45: =CD44+1 -> 88 | CE45: =CE44+1 -> 87 | CG45: =CG44+1 -> 88 | CH45: =CH44+1 -> 87 | CI45: =CI44+1 -> 86 | CJ45: =CJ44+1 -> 86 | CK45: =CK44+1 -> 86 | CL45: =CL44+1 -> 86 | CN45: <0.1
G46: 42 | H46: 67 | I46: 70 | J46: =J44+1 -> 71 | K46: =K44+1 -> 71 | L46: =L44+1 -> 71 | M46: =M44+1 -> 70 | N46: =N44+1 -> 68 | O46: =O44+1 -> 69 | P46: 68 | Q46: =Q44+1 -> 68 | R46: =R44+1 -> 69 | S46: =S44+1 -> 72 | T46: =T44+1 -> 75 | U46: 78 | V46: 63 | W46: =W44+1 -> 68 | X46: =X44+1 -> 70 | Y46: =Y44+1 -> 70 | Z46: =Z44+1 -> 68 | AA46: =AA44+1 -> 65 | AC46: =AC44+1 -> 67 | AD46: =AD44+1 -> 68 | AE46: =AE44+1 -> 69 | AF46: =AF44+1 -> 69 | AG46: =AG44+1 -> 68 | AH46: =AH44+1 -> 66 | BL46: 102 | BM46: 99 | BN46: =BN45+1 -> 97 | BO46: =BO45+1 -> 96 | BP46: =BP45+1 -> 96 | BQ46: =BQ45+1 -> 97 | BR46: =BR45+1 -> 98 | BS46: =BS45+1 -> 100 | BT46: 98 | BU46: =BU45+1 -> 96 | BV46: =BV45+1 -> 96 | BW46: =BW45+1 -> 96 | BX46: =BX45+1 -> 97 | BY46: =BY45+1 -> 99 | BZ46: 90 | CA46: =CA45+1 -> 90 | CB46: =CB45+1 -> 90 | CC46: 89 | CD46: =CD45+1 -> 89 | CE46: =CE45+1 -> 88 | CG46: =CG45+1 -> 89 | CH46: =CH45+1 -> 88 | CI46: =CI45+1 -> 87 | CJ46: =CJ45+1 -> 87 | CK46: =CK45+1 -> 87 | CL46: =CL45+1 -> 87 | CN46: <0.1
G47: 43 | H47: 68 | I47: =I45+1 -> 70 | J47: =J45+1 -> 71 | K47: =K45+1 -> 72 | L47: =L45+1 -> 71 | M47: =M45+1 -> 70 | N47: =N45+1 -> 69 | O47: =O45+1 -> 69 | P47: =P45+1 -> 68 | ... T47: =T45+1 -> 75 | U47: 79 | V47: 64 | W47: =W45+1 -> 68 | X47: =X45+1 -> 70 | Y47: =Y45+1 -> 70 | Z47: =Z45+1 -> 69 | AA47: =AA45+1 -> 65 | AC47: =AC45+1 -> 67 | AD47: =AD45+1 -> 69 | AE47: =AE45+1 -> 69 | AF47: =AF45+1 -> 69 | AG47: =AG45+1 -> 68 | AH47: =AH45+1 -> 66 | BL47: 104 | BM47: =BM46+1 -> 100 | BN47: =BN46+1 -> 98 | BO47: =BO46+1 -> 97 | BP47: =BP46+1 -> 97 | BQ47: =BQ46+1 -> 98 | BR47: =BR46+1 -> 99 | BS47: 102 | BT47: =BT46+1 -> 99 | BU47: =BU46+1 -> 97 | BV47: =BV46+1 -> 97 | BW47: =BW46+1 -> 97 | BX47: =BX46+1 -> 98 | BY47: =BY46+1 -> 100 | BZ47: =BZ46+1 -> 91 | CA47: =CA46+1 -> 91 | ... CE47: =CE46+1 -> 89 | CG47: =CG46+1 -> 90 | CH47: 88 | CI47: =CI46+1 -> 88 | CJ47: 87 | CK47: =CK46+1 -> 88 | CL47: =CL46+1 -> 88 | CN47: <0.1
G48: 44 | H48: 69 | I48: =I46+1 -> 71 | J48: =J46+1 -> 72 | K48: =K46+1 -> 72 | L48: =L46+1 -> 72 | M48: =M46+1 -> 71 | N48: 70 | O48: =O46+1 -> 70 | P48: =P46+1 -> 69 | Q48: =Q46+1 -> 69 | R48: =R46+1 -> 70 | S48: =S46+1 -> 73 | T48: =T46+1 -> 76 | U48: 79 | V48: 65 | W48: =W46+1 -> 69 | X48: =X46+1 -> 71 | Y48: =Y46+1 -> 71 | Z48: =Z46+1 -> 69 | AA48: =AA46+1 -> 66 | AC48: =AC46+1 -> 68 | AD48: =AD46+1 -> 69 | AE48: =AE46+1 -> 70 | AF48: =AF46+1 -> 70 | AG48: =AG46+1 -> 69 | AH48: =AH46+1 -> 67 | BL48: =BL47+2 -> 106 | BM48: =BM47+1 -> 101 | BN48: =BN47+1 -> 99 | BO48: 99 | BP48: =BP47+1 -> 98 | BQ48: =BQ47+1 -> 99 | BR48: 101 | BS48: 104 | BT48: =BT47+1 -> 100 | BU48: 99 | BV48: =BV47+1 -> 98 | BW48: =BW47+1 -> 98 | BX48: =BX47+1 -> 99 | BY48: =BY47+1 -> 101 | BZ48: =BZ47+1 -> 92 | CA48: =CA47+1 -> 92 | CB48: =CB47+1 -> 92 | CC48: =CC47+1 -> 91 | ... CE48: =CE47+1 -> 90 | CG48: =CG47+1 -> 91 | CH48: =CH47+1 -> 89 | CI48: =CI47+1 -> 89 | CJ48: =CJ47+1 -> 88 | CK48: 88 | CL48: =CL47+1 -> 89 | CN48: <0.1
G49: 45 | H49: 69 | I49: =I47+1 -> 71 | J49: =J47+1 -> 72 | K49: =K47+1 -> 73 | L49: =L47+1 -> 72 | M49: =M47+1 -> 71 | N49: =N47+1 -> 70 | O49: =O47+1 -> 70 | P49: =P47+1 -> 69 | ... T49: =T47+1 -> 76 | U49: 79 | V49: 65 | W49: =W47+1 -> 69 | X49: =X47+1 -> 71 | Y49: =Y47+1 -> 71 | Z49: =Z47+1 -> 70 | AA49: =AA47+1 -> 66 | AC49: =AC47+1 -> 68 | AD49: =AD47+1 -> 70 | AE49: =AE47+1 -> 70 | AF49: =AF47+1 -> 70 | AG49: =AG47+1 -> 69 | AH49: =AH47+1 -> 67 | BL49: =BL48+2 -> 108 | BM49: 103 | BN49: =BN48+1 -> 100 | BO49: =BO48+1 -> 100 | BP49: =BP48+1 -> 99 | BQ49: =BQ48+1 -> 100 | BR49: =BR48+1 -> 102 | BS49: 106 | BT49: 102 | BU49: =BU48+1 -> 100 | BV49: =BV48+1 -> 99 | BW49: =BW48+1 -> 99 | BX49: =BX48+1 -> 100 | BY49: 103 | BZ49: =BZ48+1 -> 93 | CA49: =CA48+1 -> 93 | CB49: 92 | CC49: =CC48+1 -> 92 | CD49: 91 | CE49: =CE48+1 -> 91 | CG49: =CG48+1 -> 92 | CH49: =CH48+1 -> 90 | CI49: 89 | CJ49: =CJ48+1 -> 89 | CK49: =CK48+1 -> 89 | CL49: =CL48+1 -> 90 | CN49: <0.1
G50: 46 | H50: 70 | I50: =I48+1 -> 72 | J50: =J48+1 -> 73 | K50: =K48+1 -> 73 | L50: =L48+1 -> 73 | M50: =M48+1 -> 72 | N50: =N48+1 -> 71 | O50: =O48+1 -> 71 | P50: =P48+1 -> 70 | ... S50: =S48+1 -> 74 | T50: 76 | U50: 80 | V50: 66 | W50: =W48+1 -> 70 | X50: 71 | Y50: =Y48+1 -> 72 | Z50: =Z48+1 -> 70 | AA50: =AA48+1 -> 67 | AC50: =AC48+1 -> 69 | AD50: =AD48+1 -> 70 | AE50: =AE48+1 -> 71 | AF50: =AF48+1 -> 71 | AG50: =AG48+1 -> 70 | AH50: =AH48+1 -> 68 | BL50: =BL49+2 -> 110 | BM50: 105 | BN50: 102 | BO50: =BO49+1 -> 101 | BP50: 101 | BQ50: 102 | BR50: =BR49+1 -> 103 | BS50: 108 | BT50: 104 | BU50: =BU49+1 -> 101 | BV50: =BV49+1 -> 100 | BW50: =BW49+1 -> 100 | BX50: 102 | BY50: 105 | BZ50: 95 | CA50: =CA49+1 -> 94 | CB50: =CB49+1 -> 93 | CC50: =CC49+1 -> 93 | CD50: =CD49+1 -> 92 | CE50: 91 | CG50: =CG49+1 -> 93 | CH50: =CH49+1 -> 91 | CI50: =CI49+1 -> 90 | CJ50: =CJ49+1 -> 90 | CK50: =CK49+1 -> 90 | CL50: =CL49+1 -> 91 | CN50: <0.1
G51: 47 | H51: 71 | I51: =I49+1 -> 72 | J51: =J49+1 -> 73 | K51: =K49+1 -> 74 | L51: =L49+1 -> 73 | M51: =M49+1 -> 72 | N51: =N49+1 -> 71 | O51: 72 | P51: =P49+1 -> 70 | Q51: =Q49+1 -> 70 | R51: =R49+1 -> 72 | S51: =S49+1 -> 74 | T51: =T49+1 -> 77 | U51: 80 | V51: 66 | W51: =W49+1 -> 70 | X51: =X49+1 -> 72 | Y51: =Y49+1 -> 72 | Z51: =Z49+1 -> 71 | AA51: =AA49+1 -> 67 | AC51: =AC49+1 -> 69 | AD51: =AD49+1 -> 71 | AE51: =AE49+1 -> 71 | AF51: =AF49+1 -> 71 | AG51: =AG49+1 -> 70 | AH51: =AH49+1 -> 68 | BL51: =BL50+2 -> 112 | BM51: 107 | BN51: 104 | BO51: =BO50+1 -> 102 | BP51: =BP50+1 -> 102 | BQ51: =BQ50+1 -> 103 | BR51: =BR50+1 -> 104 | BS51: 110 | BT51: =BT50+1 -> 105 | BU51: 103 | BV51: 102 | BW51: 102 | BX51: =BX50+1 -> 103 | BY51: 107 | BZ51: =BZ50+1 -> 96 | CA51: =CA50+1 -> 95 | CB51: =CB50+1 -> 94 | CC51: =CC50+1 -> 94 | CD51: =CD50+1 -> 93 | CE51: =CE50+1 -> 92 | CG51: =CG50+1 -> 94 | CH51: =CH50+1 -> 92 | CI51: =CI50+1 -> 91 | CJ51: =CJ50+1 -> 91 | CK51: =CK50+1 -> 91 | CL51: =CL50+1 -> 92 | CN51: <0.1
G52: 48 | H52: 71 | I52: =I50+1 -> 73 | J52: =J50+1 -> 74 | K52: =K50+1 -> 74 | L52: =L50+1 -> 74 | M52: =M50+1 -> 73 | N52: =N50+1 -> 72 | O52: =O50+1 -> 72 | P52: =P50+1 -> 71 | ... R52: =R50+1 -> 72 | S52: 74 | T52: =T50+1 -> 77 | U52: =U50+1 -> 81 | V52: 67 | W52: =W50+1 -> 71 | X52: =X50+1 -> 72 | Y52: 72 | Z52: =Z50+1 -> 71 | AA52: =AA50+1 -> 68 | AC52: =AC50+1 -> 70 | AD52: =AD50+1 -> 71 | AE52: =AE50+1 -> 72 | AF52: 71 | AG52: =AG50+1 -> 71 | AH52: =AH50+1 -> 69 | BL52: =BL51+2 -> 114 | BM52: 109 | BN52: =BN51+1 -> 105 | BO52: 104 | BP52: =BP51+1 -> 103 | BQ52: =BQ51+1 -> 104 | BR52: 106 | BS52: 112 | BT52: 107 | BU52: =BU51+1 -> 104 | BV52: =BV51+1 -> 103 | BW52: =BW51+1 -> 103 | BX52: 105 | BY52: 109 | BZ52: =BZ51+1 -> 97 | CA52: =CA51+1 -> 96 | CB52: =CB51+1 -> 95 | CC52: 94 | CD52: =CD51+1 -> 94 | CE52: =CE51+1 -> 93 | CG52: =CG51+1 -> 95 | CH52: =CH51+1 -> 93 | CI52: =CI51+1 -> 92 | CJ52: =CJ51+1 -> 92 | CK52: =CK51+1 -> 92 | CL52: =CL51+1 -> 93 | CN52: <0.1
G53: 49 | H53: 72 | I53: =I51+1 -> 73 | J53: =J51+1 -> 74 | K53: =K51+1 -> 75 | L53: =L51+1 -> 74 | M53: =M51+1 -> 73 | N53: =N51+1 -> 72 | O53: =O51+1 -> 73 | P53: =P51+1 -> 71 | Q53: 72 | R53: =R51+1 -> 73 | S53: =S51+1 -> 75 | T53: =T51+1 -> 78 | U53: 81 | V53: 68 | W53: =W51+1 -> 71 | X53: =X51+1 -> 73 | Y53: =Y51+1 -> 73 | Z53: =Z51+1 -> 72 | AA53: =AA51+1 -> 68 | AC53: =AC51+1 -> 70 | AD53: 71 | AE53: =AE51+1 -> 72 | AF53: =AF51+1 -> 72 | AG53: =AG51+1 -> 71 | AH53: =AH51+1 -> 69 | BL53: =BL52+2 -> 116 | BM53: 110 | BN53: 107 | BO53: =BO52+1 -> 105 | BP53: 105 | BQ53: =BQ52+1 -> 105 | BR53: =BR52+1 -> 107 | BS53: 115 | BT53: 109 | BU53: 106 | BV53: 105 | BW53: 105 | BX53: 107 | BY53: 111 | BZ53: =BZ52+1 -> 98 | CA53: =CA52+1 -> 97 | CB53: =CB52+1 -> 96 | CC53: =CC52+1 -> 95 | CD53: =CD52+1 -> 95 | CE53: =CE52+1 -> 94 | CG53: =CG52+1 -> 96 | CH53: =CH52+1 -> 94 | CI53: =CI52+1 -> 93 | CJ53: 92 | CK53: =CK52+1 -> 93 | CL53: 93 | CN53: <0.1
G54: 50 | H54: 72 | I54: =I52+1 -> 74 | J54: =J52+1 -> 75 | K54: =K52+1 -> 75 | L54: =L52+1 -> 75 | M54: =M52+1 -> 74 | N54: =N52+1 -> 73 | O54: =O52+1 -> 73 | P54: =P52+1 -> 72 | ... T54: =T52+1 -> 78 | U54: 81 | V54: 68 | W54: =W52+1 -> 72 | X54: =X52+1 -> 73 | Y54: =Y52+1 -> 73 | Z54: =Z52+1 -> 72 | AA54: =AA52+1 -> 69 | AC54: =AC52+1 -> 71 | AD54: =AD52+1 -> 72 | AE54: 72 | AF54: =AF52+1 -> 72 | AG54: 71 | AH54: =AH52+1 -> 70 | BL54: =BL53+2 -> 118 | BM54: 112 | BN54: 109 | BO54: 107 | BP54: =BP53+1 -> 106 | BQ54: 107 | BR54: =BR53+1 -> 108 | BS54: 117 | BT54: =BT53+1 -> 110 | BU54: 107 | BV54: =BV53+1 -> 106 | BW54: =BW53+1 -> 106 | BX54: =BX53+1 -> 108 | BY54: 113 | BZ54: 100 | CA54: =CA53+1 -> 98 | CB54: =CB53+1 -> 97 | CC54: =CC53+1 -> 96 | CD54: =CD53+1 -> 96 | CE54: =CE53+1 -> 95 | CG54: 98 | CH54: =CH53+1 -> 95 | CI54: =CI53+1 -> 94 | CJ54: =CJ53+1 -> 93 | CK54: 93 | CL54: =CL53+1 -> 94 | CN54: <0.1
G55: 51 | H55: 73 | I55: 75 | J55: =J53+1 -> 75 | K55: =K53+1 -> 76 | L55: =L53+1 -> 75 | M55: =M53+1 -> 74 | N55: =N53+1 -> 73 | O55: =O53+1 -> 74 | P55: 73 | Q55: =Q53+1 -> 73 | R55: =R53+1 -> 74 | S55: =S53+1 -> 76 | T55: =T53+1 -> 79 | U55: =U53+1 -> 82 | V55: 69 | W55: =W53+1 -> 72 | X55: =X53+1 -> 74 | Y55: =Y53+1 -> 74 | Z55: =Z53+1 -> 73 | AA55: 70 | AC55: =AC53+1 -> 71 | AD55: =AD53+1 -> 72 | AE55: =AE53+1 -> 73 | AF55: =AF53+1 -> 73 | AG55: =AG53+1 -> 72 | AH55: =AH53+1 -> 70 | BL55: =BL54+2 -> 120 | BM55: 114 | BN55: =BN54+1 -> 110 | BO55: =BO54+1 -> 108 | BP55: 108 | BQ55: =BQ54+1 -> 108 | BR55: 110 | BS55: 119 | BT55: 112 | BU55: 109 | BV55: 108 | BW55: 108 | BX55: 110 | BY55: 115 | BZ55: =BZ54+1 -> 101 | CA55: =CA54+1 -> 99 | CB55: =CB54+1 -> 98 | CC55: =CC54+1 -> 97 | CD55: 96 | CE55: =CE54+1 -> 96 | CG55: =CG54+1 -> 99 | CH55: =CH54+1 -> 96 | CI55: 94 | CJ55: =CJ54+1 -> 94 | CK55: =CK54+1 -> 94 | CL55: =CL54+1 -> 95 | CN55: 0.1
G56: 52 | H56: 74 | I56: =I54+1 -> 75 | J56: =J54+1 -> 76 | K56: =K54+1 -> 76 | L56: =L54+1 -> 76 | M56: =M54+1 -> 75 | N56: =N54+1 -> 74 | O56: =O54+1 -> 74 | P56: =P54+1 -> 73 | ... T56: =T54+1 -> 79 | U56: 82 | V56: 69 | W56: =W54+1 -> 73 | X56: =X54+1 -> 74 | Y56: =Y54+1 -> 74 | Z56: =Z54+1 -> 73 | AA56: =AA54+1 -> 70 | AC56: =AC54+1 -> 72 | AD56: =AD54+1 -> 73 | AE56: =AE54+1 -> 73 | AF56: =AF54+1 -> 73 | AG56: =AG54+1 -> 72 | AH56: =AH54+1 -> 71 | BL56: 120 | BM56: 116 | BN56: 112 | BO56: 110 | BP56: =BP55+1 -> 109 | BQ56: =BQ55+1 -> 109 | BR56: =BR55+1 -> 111 | BS56: 120 | BT56: =BT55+1 -> 113 | BU56: 110 | BV56: =BV55+1 -> 109 | BW56: =BW55+1 -> 109 | BX56: =BX55+1 -> 111 | BY56: 117 | BZ56: 103 | CA56: =CA55+1 -> 100 | CB56: =CB55+1 -> 99 | CC56: =CC55+1 -> 98 | CD56: =CD55+1 -> 97 | CE56: =CE55+1 -> 97 | CG56: =CG55+1 -> 100 | CH56: =CH55+1 -> 97 | CI56: =CI55+1 -> 95 | CJ56: =CJ55+1 -> 95 | CK56: =CK55+1 -> 95 | CL56: =CL55+1 -> 96 | CN56: 0.1
G57: 53 | H57: 74 | I57: =I55+1 -> 76 | J57: =J55+1 -> 76 | K57: =K55+1 -> 77 | L57: =L55+1 -> 76 | M57: 76 | N57: =N55+1 -> 74 | O57: =O55+1 -> 75 | P57: =P55+1 -> 74 | Q57: =Q55+1 -> 74 | R57: =R55+1 -> 75 | S57: =S55+1 -> 77 | T57: 79 | U57: 82 | V57: 70 | W57: =W55+1 -> 73 | X57: =X55+1 -> 75 | Y57: =Y55+1 -> 75 | Z57: 73 | AA57: =AA55+1 -> 71 | AC57: =AC55+1 -> 72 | AD57: =AD55+1 -> 73 | AE57: =AE55+1 -> 74 | AF57: =AF55+1 -> 74 | AG57: =AG55+1 -> 73 | AH57: =AH55+1 -> 71 | BL57: 120 | BM57: 118 | BN57: =BN56+1 -> 113 | BO57: =BO56+1 -> 111 | BP57: =BP56+1 -> 110 | BQ57: 111 | BR57: =BR56+1 -> 112 | BS57: 120 | BT57: 115 | BU57: 112 | BV57: =BV56+1 -> 110 | BW57: 111 | BX57: 113 | BY57: 119 | BZ57: =BZ56+1 -> 104 | CA57: =CA56+1 -> 101 | CB57: =CB56+1 -> 100 | CC57: =CC56+1 -> 99 | CD57: =CD56+1 -> 98 | CE57: =CE56+1 -> 98 | CG57: =CG56+1 -> 101 | CH57: =CH56+1 -> 98 | CI57: =CI56+1 -> 96 | CJ57: =CJ56+1 -> 96 | CK57: =CK56+1 -> 96 | CL57: =CL56+1 -> 97 | CN57: 0.1
G58: 54 | H58: 75 | I58: =I56+1 -> 76 | J58: =J56+1 -> 77 | K58: =K56+1 -> 77 | L58: =L56+1 -> 77 | M58: =M56+1 -> 76 | N58: =N56+1 -> 75 | O58: 76 | P58: =P56+1 -> 74 | Q58: =Q56+1 -> 74 | R58: =R56+1 -> 75 | S58: =S56+1 -> 77 | T58: =T56+1 -> 80 | U58: =U56+1 -> 83 | V58: 71 | W58: =W56+1 -> 74 | X58: =X56+1 -> 75 | Y58: =Y56+1 -> 75 | Z58: =Z56+1 -> 74 | AA58: =AA56+1 -> 71 | AC58: =AC56+1 -> 73 | AD58: =AD56+1 -> 74 | AE58: =AE56+1 -> 74 | AF58: =AF56+1 -> 74 | AG58: =AG56+1 -> 73 | AH58: =AH56+1 -> 72 | BL58: 120 | BM58: 118 | BN58: 115 | BO58: 113 | BP58: 112 | BQ58: 112 | BR58: 113 | BS58: 120 | BT58: 117 | BU58: =BU57+1 -> 113 | BV58: 112 | BW58: 112 | BX58: 115 | BY58: 119 | BZ58: 106 | CA58: 103 | CB58: =CB57+1 -> 101 | CC58: =CC57+1 -> 100 | CD58: =CD57+1 -> 99 | CE58: 98 | CG58: 103 | CH58: =CH57+1 -> 99 | CI58: =CI57+1 -> 97 | CJ58: 96 | CK58: =CK57+1 -> 97 | CL58: =CL57+1 -> 98 | CN58: 0.1
G59: 55 | H59: 76 | I59: =I57+1 -> 77 | J59: =J57+1 -> 77 | K59: =K57+1 -> 78 | L59: =L57+1 -> 77 | M59: =M57+1 -> 77 | N59: =N57+1 -> 75 | O59: =O57+1 -> 76 | P59: =P57+1 -> 75 | ... U59: =U57+1 -> 83 | V59: 71 | W59: =W57+1 -> 74 | X59: =X57+1 -> 76 | Y59: =Y57+1 -> 76 | Z59: =Z57+1 -> 74 | AA59: =AA57+1 -> 72 | AC59: =AC57+1 -> 73 | AD59: =AD57+1 -> 74 | AE59: =AE57+1 -> 75 | AF59: 74 | AG59: =AG57+1 -> 74 | AH59: =AH57+1 -> 72 | BL59: 120 | BM59: 118 | BN59: 115 | BO59: 114 | BP59: 113 | BQ59: 113 | BR59: 115 | BS59: 120 | BT59: =BT58+1 -> 118 | BU59: 113 | BV59: 112 | BW59: 114 | BX59: 115 | BY59: 119 | BZ59: 108 | CA59: =CA58+1 -> 104 | CB59: =CB58+1 -> 102 | CC59: =CC58+1 -> 101 | CD59: =CD58+1 -> 100 | CE59: =CE58+1 -> 99 | CG59: =CG58+2 -> 105 | CH59: =CH58+1 -> 100 | CI59: =CI58+1 -> 98 | CJ59: =CJ58+1 -> 97 | CK59: =CK58+1 -> 98 | CL59: =CL58+1 -> 99 | CN59: 0.1
G60: 56 | H60: 76 | I60: =I58+1 -> 77 | J60: =J58+1 -> 78 | K60: =K58+1 -> 78 | L60: =L58+1 -> 78 | M60: =M58+1 -> 77 | N60: =N58+1 -> 76 | O60: =O58+1 -> 77 | P60: =P58+1 -> 75 | ... U60: =U58+1 -> 84 | V60: 72 | W60: =W58+1 -> 75 | X60: =X58+1 -> 76 | Y60: =Y58+1 -> 76 | Z60: =Z58+1 -> 75 | AA60: =AA58+1 -> 72 | AC60: =AC58+1 -> 74 | AD60: =AD58+1 -> 75 | AE60: =AE58+1 -> 75 | AF60: =AF58+1 -> 75 | AG60: =AG58+1 -> 74 | AH60: =AH58+1 -> 73 | BL60: 120 | BM60: 118 | BN60: 115 | BO60: 114 | BP60: 115 | BQ60: 115 | BR60: 115 | BS60: 120 | BT60: 118 | BU60: 113 | BV60: 112 | BW60: 115 | BX60: 115 | BY60: 119 | BZ60: =BZ59+1 -> 109 | CA60: =CA59+1 -> 105 | CB60: =CB59+1 -> 103 | CC60: =CC59+1 -> 102 | CD60: =CD59+1 -> 101 | CE60: =CE59+1 -> 100 | CG60: 106 | CH60: =CH59+1 -> 101 | CI60: =CI59+1 -> 99 | CJ60: =CJ59+1 -> 98 | CK60: 98 | CL60: =CL59+1 -> 100 | CN60: 0.2
G61: 57 | H61: 77 | I61: =I59+1 -> 78 | J61: =J59+1 -> 78 | K61: =K59+1 -> 79 | L61: =L59+1 -> 78 | M61: =M59+1 -> 78 | N61: =N59+1 -> 76 | O61: =O59+1 -> 77 | P61: =P59+1 -> 76 | ... U61: =U59+1 -> 84 | V61: 72 | W61: =W59+1 -> 75 | X61: 76 | Y61: 76 | Z61: =Z59+1 -> 75 | AA61: =AA59+1 -> 73 | AC61: =AC59+1 -> 74 | AD61: =AD59+1 -> 75 | AE61: 75 | AF61: =AF59+1 -> 75 | AG61: =AG59+1 -> 75 | AH61: =AH59+1 -> 73 | BZ61: =BZ60+2 -> 111 | CA61: 107 | CB61: =CB60+1 -> 104 | CC61: =CC60+1 -> 103 | CD61: =CD60+1 -> 102 | CE61: 102 | CG61: =CG60+2 -> 108 | CH61: =CH60+1 -> 102 | CI61: =CI60+1 -> 100 | CJ61: =CJ60+1 -> 99 | CK61: =CK60+1 -> 99 | CL61: =CL60+1 -> 101 | CN61: 0.2
G62: 58 | H62: 78 | I62: 79 | J62: =J60+1 -> 79 | K62: =K60+1 -> 79 | L62: =L60+1 -> 79 | M62: =M60+1 -> 78 | N62: =N60+1 -> 77 | O62: =O60+1 -> 78 | P62: =P60+1 -> 76 | Q62: =Q60+1 -> 76 | ... T62: =T60+1 -> 82 | U62: 84 | V62: 73 | W62: =W60+1 -> 76 | X62: =X60+1 -> 77 | Y62: =Y60+1 -> 77 | Z62: =Z60+1 -> 76 | AA62: =AA60+1 -> 73 | AC62: =AC60+1 -> 75 | AD62: =AD60+1 -> 76 | AE62: =AE60+1 -> 76 | AF62: =AF60+1 -> 76 | AG62: =AG60+1 -> 75 | AH62: =AH60+1 -> 74 | BZ62: =BZ61+2 -> 113 | CA62: =CA61+1 -> 108 | CB62: =CB61+1 -> 105 | CC62: =CC61+1 -> 104 | CD62: =CD61+1 -> 103 | CE62: =CE61+1 -> 103 | CG62: =CG61+2 -> 110 | CH62: 104 | CI62: =CI61+1 -> 101 | CJ62: =CJ61+1 -> 100 | CK62: =CK61+1 -> 100 | CL62: 103 | CN62: 0.3
G63: 59 | H63: 78 | I63: =I61+1 -> 79 | J63: =J61+1 -> 79 | K63: 79 | L63: =L61+1 -> 79 | M63: =M61+1 -> 79 | N63: =N61+1 -> 77 | O63: =O61+1 -> 78 | P63: =P61+1 -> 77 | Q63: =Q61+1 -> 77 | R63: =R61+1 -> 78 | S63: =S61+1 -> 80 | ... U63: =U61+1 -> 85 | V63: 74 | W63: =W61+1 -> 76 | X63: =X61+1 -> 77 | Y63: =Y61+1 -> 77 | Z63: =Z61+1 -> 76 | AA63: =AA61+1 -> 74 | AC63: =AC61+1 -> 75 | AD63: =AD61+1 -> 76 | AE63: =AE61+1 -> 76 | AF63: =AF61+1 -> 76 | AG63: =AG61+1 -> 76 | AH63: =AH61+1 -> 74 | BZ63: =BZ62+2 -> 115 | CA63: =CA62+1 -> 109 | CB63: 107 | CC63: =CC62+1 -> 105 | CD63: =CD62+1 -> 104 | CE63: =CE62+1 -> 104 | CG63: 111 | CH63: =CH62+1 -> 105 | CI63: =CI62+1 -> 102 | CJ63: =CJ62+1 -> 101 | CK63: 102 | CL63: =CL62+1 -> 104 | CN63: 0.3
G64: 60 | H64: 79 | I64: =I62+1 -> 80 | J64: =J62+1 -> 80 | K64: =K62+1 -> 80 | L64: =L62+1 -> 80 | M64: =M62+1 -> 79 | N64: =N62+1 -> 78 | O64: =O62+1 -> 79 | P64: 78 | Q64: =Q62+1 -> 77 | R64: =R62+1 -> 78 | S64: =S62+1 -> 80 | T64: =T62+1 -> 83 | U64: =U62+1 -> 85 | V64: 74 | W64: =W62+1 -> 77 | X64: =X62+1 -> 78 | Y64: =Y62+1 -> 78 | Z64: =Z62+1 -> 77 | AA64: =AA62+1 -> 74 | AC64: =AC62+1 -> 76 | AD64: 76 | AE64: =AE62+1 -> 77 | AF64: =AF62+1 -> 77 | AG64: =AG62+1 -> 76 | AH64: =AH62+1 -> 75 | BZ64: 116 | CA64: 111 | CB64: =CB63+1 -> 108 | CC64: =CC63+1 -> 106 | CD64: =CD63+1 -> 105 | CE64: =CE63+1 -> 105 | CG64: =CG63+2 -> 113 | CH64: =CH63+1 -> 106 | CI64: =CI63+1 -> 103 | CJ64: =CJ63+1 -> 102 | CK64: =CK63+1 -> 103 | CL64: 106 | CN64: 0.4
G65: 61 | H65: 79 | I65: =I63+1 -> 80 | J65: 81 | K65: =K63+1 -> 80 | L65: =L63+1 -> 80 | M65: =M63+1 -> 80 | N65: =N63+1 -> 78 | O65: =O63+1 -> 79 | P65: =P63+1 -> 78 | Q65: =Q63+1 -> 78 | R65: =R63+1 -> 79 | ... U65: =U63+1 -> 86 | V65: 75 | W65: =W63+1 -> 77 | X65: =X63+1 -> 78 | Y65: =Y63+1 -> 78 | Z65: =Z63+1 -> 77 | AA65: =AA63+1 -> 75 | AC65: =AC63+1 -> 76 | AD65: =AD63+1 -> 77 | AE65: =AE63+1 -> 77 | AF65: =AF63+1 -> 77 | AG65: 76 | AH65: =AH63+1 -> 75 | BZ65: =BZ64+2 -> 118 | CA65: =CA64+1 -> 112 | CB65: =CB64+1 -> 109 | CC65: =CC64+1 -> 107 | CD65: 107 | CE65: 107 | CG65: =CG64+2 -> 115 | CH65: 108 | CI65: 105 | CJ65: 104 | CK65: =CK64+1 -> 104 | CL65: =CL64+1 -> 107 | CN65: 0.5
G66: 62 | H66: 80 | I66: =I64+1 -> 81 | J66: =J64+1 -> 81 | K66: =K64+1 -> 81 | L66: =L64+1 -> 81 | M66: =M64+1 -> 80 | N66: =N64+1 -> 79 | O66: =O64+1 -> 80 | P66: =P64+1 -> 79 | Q66: 79 | R66: =R64+1 -> 79 | S66: =S64+1 -> 81 | T66: 83 | U66: =U64+1 -> 86 | V66: 75 | W66: =W64+1 -> 78 | X66: =X64+1 -> 79 | Y66: =Y64+1 -> 79 | Z66: =Z64+1 -> 78 | AA66: =AA64+1 -> 75 | AC66: =AC64+1 -> 77 | AD66: =AD64+1 -> 77 | AE66: =AE64+1 -> 78 | AF66: 77 | AG66: =AG64+1 -> 77 | AH66: =AH64+1 -> 76 | BZ66: =BZ65+2 -> 120 | CA66: =CA65+1 -> 113 | CB66: =CB65+1 -> 110 | CC66: =CC65+1 -> 108 | CD66: =CD65+1 -> 108 | CE66: =CE65+1 -> 108 | CG66: 116 | CH66: =CH65+1 -> 109 | CI66: =CI65+1 -> 106 | CJ66: =CJ65+1 -> 105 | CK66: 106 | CL66: =CL65+1 -> 108 | CN66: 1
G67: 63 | H67: 81 | I67: =I65+1 -> 81 | J67: =J65+1 -> 82 | K67: =K65+1 -> 81 | L67: =L65+1 -> 81 | M67: =M65+1 -> 81 | N67: 80 | O67: 81 | P67: =P65+1 -> 79 | Q67: =Q65+1 -> 79 | R67: =R65+1 -> 80 | S67: =S65+1 -> 82 | T67: =T65+1 -> 84 | U67: 86 | V67: 76 | W67: =W65+1 -> 78 | X67: =X65+1 -> 79 | Y67: =Y65+1 -> 79 | Z67: =Z65+1 -> 78 | AA67: =AA65+1 -> 76 | AC67: =AC65+1 -> 77 | AD67: =AD65+1 -> 78 | AE67: =AE65+1 -> 78 | AF67: =AF65+1 -> 78 | AG67: =AG65+1 -> 77 | AH67: =AH65+1 -> 76 | BZ67: 120 | CA67: 115 | CB67: =CB66+1 -> 111 | CC67: 110 | CD67: =CD66+1 -> 109 | CE67: =CE66+1 -> 109 | CG67: =CG66+2 -> 118 | CH67: 111 | CI67: =CI66+1 -> 107 | CJ67: =CJ66+1 -> 106 | CK67: =CK66+1 -> 107 | CL67: 110 | CN67: 1
G68: 64 | H68: 81 | I68: =I66+1 -> 82 | J68: =J66+1 -> 82 | K68: =K66+1 -> 82 | L68: =L66+1 -> 82 | M68: =M66+1 -> 81 | N68: =N66+1 -> 80 | O68: =O66+1 -> 81 | P68: =P66+1 -> 80 | ... U68: =U66+1 -> 87 | V68: 77 | W68: =W66+1 -> 79 | X68: =X66+1 -> 80 | Y68: =Y66+1 -> 80 | Z68: =Z66+1 -> 79 | AA68: =AA66+1 -> 76 | AC68: =AC66+1 -> 78 | AD68: =AD66+1 -> 78 | AE68: 78 | AF68: =AF66+1 -> 78 | AG68: =AG66+1 -> 78 | AH68: =AH66+1 -> 77 | BZ68: 120 | CA68: =CA67+1 -> 116 | CB68: =CB67+1 -> 112 | CC68: =CC67+1 -> 111 | CD68: =CD67+1 -> 110 | CE68: =CE67+1 -> 110 | CG68: 120 | CH68: =CH67+1 -> 112 | CI68: 109 | CJ68: =CJ67+1 -> 107 | CK68: =CK67+1 -> 108 | CL68: =CL67+1 -> 111 | CN68: 1
G69: 65 | H69: 82 | I69: =I67+1 -> 82 | J69: =J67+1 -> 83 | K69: =K67+1 -> 82 | L69: =L67+1 -> 82 | M69: =M67+1 -> 82 | N69: =N67+1 -> 81 | O69: =O67+1 -> 82 | P69: =P67+1 -> 80 | ... U69: =U67+1 -> 87 | V69: 77 | W69: =W67+1 -> 79 | X69: =X67+1 -> 80 | Y69: =Y67+1 -> 80 | Z69: =Z67+1 -> 79 | AA69: =AA67+1 -> 77 | AC69: =AC67+1 -> 78 | AD69: =AD67+1 -> 79 | AE69: =AE67+1 -> 79 | AF69: =AF67+1 -> 79 | AG69: =AG67+1 -> 78 | AH69: =AH67+1 -> 77 | BZ69: 120 | CA69: =CA68+1 -> 117 | CB69: 114 | CC69: =CC68+1 -> 112 | CD69: =CD68+1 -> 111 | CE69: 112 | CG69: 120 | CH69: 114 | CI69: =CI68+1 -> 110 | CJ69: 109 | CK69: 110 | CL69: 113 | CN69: 1
G70: 66 | H70: 83 | I70: =I68+1 -> 83 | J70: =J68+1 -> 83 | K70: =K68+1 -> 83 | L70: =L68+1 -> 83 | M70: =M68+1 -> 82 | N70: =N68+1 -> 81 | O70: =O68+1 -> 82 | P70: =P68+1 -> 81 | ... U70: =U68+1 -> 88 | V70: 78 | W70: =W68+1 -> 80 | X70: =X68+1 -> 81 | Y70: 80 | Z70: 79 | AA70: =AA68+1 -> 77 | AC70: =AC68+1 -> 79 | AD70: =AD68+1 -> 79 | AE70: =AE68+1 -> 79 | AF70: =AF68+1 -> 79 | AG70: =AG68+1 -> 79 | AH70: =AH68+1 -> 78 | BZ70: 120 | CA70: 119 | CB70: =CB69+1 -> 115 | CC70: =CC69+1 -> 113 | CD70: =CD69+1 -> 112 | CE70: =CE69+1 -> 113 | CG70: 120 | CH70: =CH69+1 -> 115 | CI70: =CI69+1 -> 111 | CJ70: =CJ69+1 -> 110 | CK70: =CK69+1 -> 111 | CL70: =CL69+1 -> 114 | CN70: 1
G71: 67 | H71: 83 | I71: 84 | J71: =J69+1 -> 84 | K71: =K69+1 -> 83 | L71: =L69+1 -> 83 | M71: =M69+1 -> 83 | N71: =N69+1 -> 82 | O71: =O69+1 -> 83 | P71: 82 | Q71: =Q69+1 -> 81 | R71: =R69+1 -> 82 | S71: 83 | T71: =T69+1 -> 86 | U71: =U69+1 -> 88 | V71: 78 | W71: =W69+1 -> 80 | X71: =X69+1 -> 81 | Y71: =Y69+1 -> 81 | Z71: =Z69+1 -> 80 | AA71: =AA69+1 -> 78 | AC71: =AC69+1 -> 79 | AD71: =AD69+1 -> 80 | AE71: =AE69+1 -> 80 | AF71: =AF69+1 -> 80 | AG71: =AG69+1 -> 79 | AH71: =AH69+1 -> 78 | BZ71: 120 | CA71: 119 | CB71: =CB70+1 -> 116 | CC71: =CC70+1 -> 114 | CD71: =CD70+1 -> 113 | CE71: 114 | CG71: 120 | CH71: 117 | CI71: 113 | CJ71: 111 | CK71: =CK70+1 -> 112 | CL71: =CL70+1 -> 115 | CN71: 1
G72: 68 | H72: 84 | I72: =I70+1 -> 84 | J72: =J70+1 -> 84 | K72: =K70+1 -> 84 | L72: =L70+1 -> 84 | M72: =M70+1 -> 83 | N72: =N70+1 -> 82 | O72: =O70+1 -> 83 | P72: =P70+1 -> 82 | ... T72: =T70+1 -> 86 | U72: 88 | V72: 79 | W72: =W70+1 -> 81 | X72: =X70+1 -> 82 | Y72: =Y70+1 -> 81 | Z72: =Z70+1 -> 80 | AA72: =AA70+1 -> 78 | AC72: =AC70+1 -> 80 | AD72: =AD70+1 -> 80 | AE72: =AE70+1 -> 80 | AF72: =AF70+1 -> 80 | AG72: =AG70+1 -> 80 | AH72: =AH70+1 -> 79 | BZ72: 120 | CA72: 119 | CB72: 116 | CC72: =CC71+1 -> 115 | CD72: 115 | CE72: 115 | CG72: 120 | CH72: =CH71+1 -> 118 | CI72: =CI71+1 -> 114 | CJ72: 113 | CK72: =CK71+1 -> 113 | CL72: 115 | CN72: 2
G73: 69 | H73: 85 | I73: =I71+1 -> 85 | J73: =J71+1 -> 85 | K73: =K71+1 -> 84 | L73: =L71+1 -> 84 | M73: =M71+1 -> 84 | N73: =N71+1 -> 83 | O73: =O71+1 -> 84 | P73: =P71+1 -> 83 | ... S73: =S71+1 -> 84 | T73: 86 | U73: =U71+1 -> 89 | V73: 79 | W73: =W71+1 -> 81 | X73: =X71+1 -> 82 | Y73: =Y71+1 -> 82 | Z73: =Z71+1 -> 81 | AA73: =AA71+1 -> 79 | AC73: =AC71+1 -> 80 | AD73: =AD71+1 -> 81 | AE73: =AE71+1 -> 81 | AF73: 80 | AG73: =AG71+1 -> 80 | AH73: =AH71+1 -> 79 | BZ73: 120 | CA73: 119 | CB73: 116 | CC73: =CC72+1 -> 116 | CD73: =CD72+1 -> 116 | CE73: 117 | CG73: 120 | CH73: 120 | CI73: =CI72+1 -> 115 | CJ73: 113 | CK73: 115 | CL73: 115 | CN73: 2
G74: 70 | H74: 85 | I74: =I72+1 -> 85 | J74: =J72+1 -> 85 | K74: =K72+1 -> 85 | L74: =L72+1 -> 85 | M74: =M72+1 -> 84 | N74: =N72+1 -> 83 | O74: 85 | P74: =P72+1 -> 83 | Q74: =Q72+1 -> 83 | R74: =R72+1 -> 83 | S74: =S72+1 -> 85 | T74: =T72+1 -> 87 | U74: =U72+1 -> 89 | V74: 80 | W74: =W72+1 -> 82 | X74: 82 | Y74: =Y72+1 -> 82 | Z74: =Z72+1 -> 81 | AA74: =AA72+1 -> 79 | AC74: =AC72+1 -> 81 | AD74: =AD72+1 -> 81 | AE74: =AE72+1 -> 81 | AF74: =AF72+1 -> 81 | AG74: 80 | AH74: =AH72+1 -> 80 | BZ74: 120 | CA74: 119 | CB74: 116 | CC74: 116 | CD74: =CD73+1 -> 117 | CE74: 118 | CG74: 120 | CH74: 120 | CI74: 115 | CJ74: 113 | CK74: =CK73+1 -> 116 | CL74: 115 | CN74: 2
G75: 71 | H75: 86 | I75: =I73+1 -> 86 | J75: =J73+1 -> 86 | K75: =K73+1 -> 85 | L75: =L73+1 -> 85 | M75: =M73+1 -> 85 | N75: =N73+1 -> 84 | O75: =O73+1 -> 85 | P75: =P73+1 -> 84 | ... U75: =U73+1 -> 90 | V75: 81 | W75: =W73+1 -> 82 | X75: =X73+1 -> 83 | Y75: =Y73+1 -> 83 | Z75: =Z73+1 -> 82 | AA75: =AA73+1 -> 80 | AC75: =AC73+1 -> 81 | AD75: 81 | AE75: 81 | AF75: =AF73+1 -> 81 | AG75: =AG73+1 -> 81 | AH75: =AH73+1 -> 80 | CN75: 3
G76: 72 | H76: 86 | I76: =I74+1 -> 86 | J76: =J74+1 -> 86 | K76: =K74+1 -> 86 | L76: =L74+1 -> 86 | M76: =M74+1 -> 85 | N76: =N74+1 -> 84 | O76: =O74+1 -> 86 | P76: =P74+1 -> 84 | Q76: =Q74+1 -> 84 | R76: 85 | S76: =S74+1 -> 86 | T76: =T74+1 -> 88 | U76: =U74+1 -> 90 | V76: 81 | W76: =W74+1 -> 83 | X76: =X74+1 -> 83 | Y76: =Y74+1 -> 83 | Z76: =Z74+1 -> 82 | AA76: =AA74+1 -> 80 | AC76: =AC74+1 -> 82 | AD76: =AD74+1 -> 82 | AE76: =AE74+1 -> 82 | AF76: =AF74+1 -> 82 | AG76: =AG74+1 -> 81 | AH76: =AH74+1 -> 81 | CN76: 3
G77: 73 | H77: 87 | I77: =I75+1 -> 87 | J77: =J75+1 -> 87 | K77: =K75+1 -> 86 | L77: =L75+1 -> 86 | M77: =M75+1 -> 86 | N77: =N75+1 -> 85 | O77: =O75+1 -> 86 | P77: =P75+1 -> 85 | ... T77: =T75+1 -> 88 | U77: 90 | V77: 82 | W77: =W75+1 -> 83 | X77: =X75+1 -> 84 | Y77: =Y75+1 -> 84 | Z77: =Z75+1 -> 83 | AA77: =AA75+1 -> 81 | AC77: =AC75+1 -> 82 | AD77: =AD75+1 -> 82 | AE77: =AE75+1 -> 82 | AF77: =AF75+1 -> 82 | AG77: =AG75+1 -> 82 | AH77: =AH75+1 -> 81 | CN77: 4
G78: 74 | H78: 88 | I78: 88 | J78: =J76+1 -> 87 | K78: =K76+1 -> 87 | L78: =L76+1 -> 87 | M78: =M76+1 -> 86 | N78: =N76+1 -> 85 | O78: =O76+1 -> 87 | P78: =P76+1 -> 85 | Q78: =Q76+1 -> 85 | ... U78: =U76+1 -> 91 | V78: 82 | W78: =W76+1 -> 84 | X78: =X76+1 -> 84 | Y78: =Y76+1 -> 84 | Z78: =Z76+1 -> 83 | AA78: =AA76+1 -> 81 | AC78: =AC76+1 -> 83 | AD78: =AD76+1 -> 83 | AE78: =AE76+1 -> 83 | AF78: =AF76+1 -> 83 | AG78: =AG76+1 -> 82 | AH78: =AH76+1 -> 82 | CN78: 4
G79: 75 | H79: 88 | I79: =I77+1 -> 88 | J79: =J77+1 -> 88 | K79: =K77+1 -> 87 | L79: =L77+1 -> 87 | M79: =M77+1 -> 87 | N79: =N77+1 -> 86 | O79: =O77+1 -> 87 | P79: =P77+1 -> 86 | Q79: 86 | R79: =R77+1 -> 86 | S79: =S77+1 -> 87 | T79: =T77+1 -> 89 | U79: =U77+1 -> 91 | V79: 83 | W79: =W77+1 -> 84 | X79: =X77+1 -> 85 | Y79: 84 | Z79: =Z77+1 -> 84 | AA79: =AA77+1 -> 82 | AC79: =AC77+1 -> 83 | AD79: =AD77+1 -> 83 | AE79: =AE77+1 -> 83 | AF79: =AF77+1 -> 83 | AG79: =AG77+1 -> 83 | AH79: =AH77+1 -> 82 | CN79: 5
G80: 76 | H80: 89 | I80: =I78+1 -> 89 | J80: =J78+1 -> 88 | K80: =K78+1 -> 88 | L80: =L78+1 -> 88 | M80: =M78+1 -> 87 | N80: =N78+1 -> 86 | O80: =O78+1 -> 88 | P80: 87 | Q80: =Q78+1 -> 86 | R80: =R78+1 -> 87 | S80: =S78+1 -> 88 | T80: 89 | U80: 91 | V80: 84 | W80: =W78+1 -> 85 | X80: =X78+1 -> 85 | Y80: =Y78+1 -> 85 | Z80: =Z78+1 -> 84 | AA80: =AA78+1 -> 82 | AC80: =AC78+1 -> 84 | AD80: =AD78+1 -> 84 | AE80: =AE78+1 -> 84 | AF80: 83 | AG80: =AG78+1 -> 83 | AH80: =AH78+1 -> 83 | CN80: 5
G81: 77 | H81: 90 | I81: =I79+1 -> 89 | J81: =J79+1 -> 89 | K81: =K79+1 -> 88 | L81: =L79+1 -> 88 | M81: =M79+1 -> 88 | N81: =N79+1 -> 87 | O81: 89 | P81: =P79+1 -> 87 | Q81: =Q79+1 -> 87 | R81: =R79+1 -> 87 | S81: =S79+1 -> 88 | T81: =T79+1 -> 90 | U81: =U79+1 -> 92 | V81: 84 | W81: =W79+1 -> 85 | X81: =X79+1 -> 86 | Y81: =Y79+1 -> 85 | Z81: =Z79+1 -> 85 | AA81: =AA79+1 -> 83 | AC81: =AC79+1 -> 84 | AD81: =AD79+1 -> 84 | AE81: =AE79+1 -> 84 | AF81: =AF79+1 -> 84 | AG81: =AG79+1 -> 84 | AH81: =AH79+1 -> 83 | CN81: 6
G82: 78 | H82: 90 | I82: =I80+1 -> 90 | J82: =J80+1 -> 89 | K82: =K80+1 -> 89 | L82: =L80+1 -> 89 | M82: =M80+1 -> 88 | N82: =N80+1 -> 87 | O82: =O80+1 -> 89 | P82: =P80+1 -> 88 | ... U82: =U80+1 -> 92 | V82: 85 | W82: =W80+1 -> 86 | X82: =X80+1 -> 86 | Y82: =Y80+1 -> 86 | Z82: =Z80+1 -> 85 | AA82: 84 | AC82: =AC80+1 -> 85 | AD82: =AD80+1 -> 85 | AE82: =AE80+1 -> 85 | AF82: =AF80+1 -> 84 | AG82: =AG80+1 -> 84 | AH82: =AH80+1 -> 84 | CN82: 7
G83: 79 | H83: 91 | I83: =I81+1 -> 90 | J83: =J81+1 -> 90 | K83: =K81+1 -> 89 | L83: =L81+1 -> 89 | M83: =M81+1 -> 89 | N83: =N81+1 -> 88 | O83: =O81+1 -> 90 | P83: =P81+1 -> 88 | ... U83: =U81+1 -> 93 | V83: 85 | W83: =W81+1 -> 86 | X83: =X81+1 -> 87 | Y83: =Y81+1 -> 86 | Z83: =Z81+1 -> 86 | AA83: =AA81+1 -> 84 | AC83: =AC81+1 -> 85 | AD83: =AD81+1 -> 85 | AE83: =AE81+1 -> 85 | AF83: =AF81+1 -> 85 | AG83: 84 | AH83: =AH81+1 -> 84 | CN83: 8
G84: 80 | H84: 92 | I84: =I82+1 -> 91 | J84: =J82+1 -> 90 | K84: =K82+1 -> 90 | L84: =L82+1 -> 90 | M84: =M82+1 -> 89 | N84: =N82+1 -> 88 | O84: =O82+1 -> 90 | P84: =P82+1 -> 89 | ... U84: =U82+1 -> 93 | V84: 86 | W84: =W82+1 -> 87 | X84: =X82+1 -> 87 | Y84: =Y82+1 -> 87 | Z84: =Z82+1 -> 86 | AA84: =AA82+1 -> 85 | AC84: =AC82+1 -> 86 | AD84: =AD82+1 -> 86 | AE84: 85 | AF84: =AF82+1 -> 85 | AG84: =AG82+1 -> 85 | AH84: =AH82+1 -> 85 | CN84: 9
G85: 81 | H85: 92 | I85: =I83+1 -> 91 | J85: =J83+1 -> 91 | K85: =K83+1 -> 90 | L85: =L83+1 -> 90 | M85: =M83+1 -> 90 | N85: =N83+1 -> 89 | O85: =O83+1 -> 91 | P85: =P83+1 -> 89 | ... T85: =T83+1 -> 92 | U85: 93 | V85: 87 | W85: =W83+1 -> 87 | X85: 87 | Y85: =Y83+1 -> 87 | Z85: 86 | AA85: =AA83+1 -> 85 | AC85: =AC83+1 -> 86 | AD85: =AD83+1 -> 86 | AE85: =AE83+1 -> 86 | AF85: =AF83+1 -> 86 | AG85: =AG83+1 -> 85 | AH85: =AH83+1 -> 85 | CN85: 10
G86: 82 | H86: 93 | I86: =I84+1 -> 92 | J86: =J84+1 -> 91 | K86: =K84+1 -> 91 | L86: 90 | M86: =M84+1 -> 90 | N86: =N84+1 -> 89 | O86: =O84+1 -> 91 | P86: =P84+1 -> 90 | Q86: =Q84+1 -> 89 | R86: =R84+1 -> 90 | S86: =S84+1 -> 91 | T86: =T84+1 -> 92 | U86: =U84+1 -> 94 | V86: 87 | W86: =W84+1 -> 88 | X86: =X84+1 -> 88 | Y86: =Y84+1 -> 88 | Z86: =Z84+1 -> 87 | AA86: =AA84+1 -> 86 | AC86: =AC84+1 -> 87 | AD86: 86 | AE86: =AE84+1 -> 86 | AF86: =AF84+1 -> 86 | AG86: =AG84+1 -> 86 | AH86: =AH84+1 -> 86 | CN86: 12
G87: 83 | H87: 93 | I87: 93 | J87: =J85+1 -> 92 | K87: =K85+1 -> 91 | L87: =L85+1 -> 91 | M87: =M85+1 -> 91 | N87: =N85+1 -> 90 | O87: =O85+1 -> 92 | P87: =P85+1 -> 90 | Q87: =Q85+1 -> 90 | ... S87: =S85+1 -> 91 | T87: 92 | U87: =U85+1 -> 94 | V87: 88 | W87: =W85+1 -> 88 | X87: =X85+1 -> 88 | Y87: =Y85+1 -> 88 | Z87: =Z85+1 -> 87 | AA87: =AA85+1 -> 86 | AC87: =AC85+1 -> 87 | AD87: =AD85+1 -> 87 | AE87: =AE85+1 -> 87 | AF87: 86 | AG87: =AG85+1 -> 86 | AH87: =AH85+1 -> 86 | CN87: 13
G88: 84 | H88: 94 | I88: =I86+1 -> 93 | J88: =J86+1 -> 92 | K88: =K86+1 -> 92 | L88: =L86+1 -> 91 | M88: =M86+1 -> 91 | N88: 91 | O88: =O86+1 -> 92 | P88: =P86+1 -> 91 | Q88: =Q86+1 -> 90 | R88: =R86+1 -> 91 | S88: =S86+1 -> 92 | T88: =T86+1 -> 93 | U88: =U86+1 -> 95 | V88: 88 | W88: =W86+1 -> 89 | X88: =X86+1 -> 89 | Y88: =Y86+1 -> 89 | Z88: =Z86+1 -> 88 | AA88: =AA86+1 -> 87 | AC88: =AC86+1 -> 88 | AD88: =AD86+1 -> 87 | AE88: =AE86+1 -> 87 | AF88: =AF86+1 -> 87 | AG88: =AG86+1 -> 87 | AH88: =AH86+1 -> 87 | CN88: 14
G89: 85 | H89: 95 | I89: =I87+1 -> 94 | J89: =J87+1 -> 93 | K89: =K87+1 -> 92 | L89: =L87+1 -> 92 | M89: =M87+1 -> 92 | N89: =N87+1 -> 91 | O89: =O87+1 -> 93 | P89: 92 | Q89: =Q87+1 -> 91 | R89: =R87+1 -> 91 | S89: =S87+1 -> 92 | T89: =T87+1 -> 93 | U89: =U87+1 -> 95 | V89: 89 | W89: =W87+1 -> 89 | X89: =X87+1 -> 89 | Y89: =Y87+1 -> 89 | Z89: =Z87+1 -> 88 | AA89: =AA87+1 -> 87 | AC89: =AC87+1 -> 88 | AD89: =AD87+1 -> 88 | AE89: =AE87+1 -> 88 | AF89: =AF87+1 -> 87 | AG89: =AG87+1 -> 87 | AH89: =AH87+1 -> 87 | CN89: 16
G90: 86 | H90: 95 | I90: =I88+1 -> 94 | J90: 94 | K90: =K88+1 -> 93 | L90: =L88+1 -> 92 | M90: =M88+1 -> 92 | N90: =N88+1 -> 92 | O90: 94 | P90: =P88+1 -> 92 | Q90: =Q88+1 -> 91 | R90: =R88+1 -> 92 | S90: 92 | T90: =T88+1 -> 94 | U90: 95 | V90: 90 | W90: =W88+1 -> 90 | X90: =X88+1 -> 90 | Y90: 89 | Z90: =Z88+1 -> 89 | AA90: =AA88+1 -> 88 | AC90: =AC88+1 -> 89 | AD90: =AD88+1 -> 88 | AE90: =AE88+1 -> 88 | AF90: =AF88+1 -> 88 | AG90: =AG88+1 -> 88 | AH90: 87 | CN90: 18
G91: 87 | H91: 96 | I91: =I89+1 -> 95 | J91: =J89+1 -> 94 | K91: =K89+1 -> 93 | L91: =L89+1 -> 93 | M91: =M89+1 -> 93 | N91: =N89+1 -> 92 | O91: =O89+1 -> 94 | P91: =P89+1 -> 93 | ... U91: =U89+1 -> 96 | V91: 90 | W91: =W89+1 -> 90 | X91: =X89+1 -> 90 | Y91: =Y89+1 -> 90 | Z91: =Z89+1 -> 89 | AA91: =AA89+1 -> 88 | AC91: =AC89+1 -> 89 | AD91: =AD89+1 -> 89 | AE91: 88 | AF91: =AF89+1 -> 88 | AG91: =AG89+1 -> 88 | AH91: =AH89+1 -> 88 | CN91: 19
G92: 88 | H92: 97 | I92: =I90+1 -> 95 | J92: =J90+1 -> 95 | K92: =K90+1 -> 94 | L92: =L90+1 -> 93 | M92: =M90+1 -> 93 | N92: =N90+1 -> 93 | O92: =O90+1 -> 95 | P92: =P90+1 -> 93 | Q92: 93 | R92: =R90+1 -> 93 | S92: =S90+1 -> 93 | T92: =T90+1 -> 95 | U92: =U90+1 -> 96 | V92: 91 | W92: =W90+1 -> 91 | X92: =X90+1 -> 91 | Y92: =Y90+1 -> 90 | Z92: =Z90+1 -> 90 | AA92: =AA90+1 -> 89 | AC92: =AC90+1 -> 90 | AD92: =AD90+1 -> 89 | AE92: =AE90+1 -> 89 | AF92: =AF90+1 -> 89 | AG92: =AG90+1 -> 89 | AH92: =AH90+1 -> 88 | CN92: 21
G93: 89 | H93: 97 | I93: =I91+1 -> 96 | J93: =J91+1 -> 95 | K93: =K91+1 -> 94 | L93: =L91+1 -> 94 | M93: =M91+1 -> 94 | N93: =N91+1 -> 93 | O93: =O91+1 -> 95 | P93: =P91+1 -> 94 | ... U93: =U91+1 -> 97 | V93: 91 | W93: =W91+1 -> 91 | X93: =X91+1 -> 91 | Y93: =Y91+1 -> 91 | Z93: =Z91+1 -> 90 | AA93: =AA91+1 -> 89 | AC93: =AC91+1 -> 90 | AD93: =AD91+1 -> 90 | AE93: =AE91+1 -> 89 | AF93: =AF91+1 -> 89 | AG93: =AG91+1 -> 89 | AH93: =AH91+1 -> 89 | CN93: 23
G94: 90 | H94: 98 | I94: 97 | J94: =J92+1 -> 96 | K94: =K92+1 -> 95 | L94: =L92+1 -> 94 | M94: =M92+1 -> 94 | N94: =N92+1 -> 94 | O94: =O92+1 -> 96 | P94: =P92+1 -> 94 | Q94: =Q92+1 -> 94 | ... U94: =U92+1 -> 97 | V94: 92 | W94: =W92+1 -> 92 | X94: =X92+1 -> 92 | Y94: =Y92+1 -> 91 | Z94: =Z92+1 -> 91 | AA94: =AA92+1 -> 90 | AC94: =AC92+1 -> 91 | AD94: =AD92+1 -> 90 | AE94: =AE92+1 -> 90 | AF94: 89 | AG94: 89 | AH94: =AH92+1 -> 89 | CN94: 25
G95: 91 | H95: 99 | I95: =I93+1 -> 97 | J95: =J93+1 -> 96 | K95: =K93+1 -> 95 | L95: =L93+1 -> 95 | M95: =M93+1 -> 95 | N95: =N93+1 -> 94 | O95: =O93+1 -> 96 | P95: =P93+1 -> 95 | ... T95: =T93+1 -> 96 | U95: 97 | V95: 93 | W95: =W93+1 -> 92 | X95: =X93+1 -> 92 | Y95: =Y93+1 -> 92 | Z95: =Z93+1 -> 91 | AA95: =AA93+1 -> 90 | AC95: =AC93+1 -> 91 | AD95: =AD93+1 -> 91 | AE95: =AE93+1 -> 90 | AF95: =AF93+1 -> 90 | AG95: =AG93+1 -> 90 | AH95: =AH93+1 -> 90 | CN95: 27
G96: 92 | H96: 99 | I96: =I94+1 -> 98 | J96: =J94+1 -> 97 | K96: =K94+1 -> 96 | L96: =L94+1 -> 95 | M96: =M94+1 -> 95 | N96: =N94+1 -> 95 | O96: =O94+1 -> 97 | P96: =P94+1 -> 95 | ... S96: =S94+1 -> 95 | T96: 96 | U96: =U94+1 -> 98 | V96: 93 | W96: =W94+1 -> 93 | X96: 92 | Y96: =Y94+1 -> 92 | Z96: =Z94+1 -> 92 | AA96: =AA94+1 -> 91 | AC96: =AC94+1 -> 92 | AD96: =AD94+1 -> 91 | AE96: =AE94+1 -> 91 | AF96: =AF94+1 -> 90 | AG96: =AG94+1 -> 90 | AH96: =AH94+1 -> 90 | CN96: 30
G97: 93 | H97: 100 | I97: =I95+1 -> 98 | J97: =J95+1 -> 97 | K97: =K95+1 -> 96 | L97: =L95+1 -> 96 | M97: =M95+1 -> 96 | N97: =N95+1 -> 95 | O97: 98 | P97: =P95+1 -> 96 | Q97: =Q95+1 -> 95 | R97: =R95+1 -> 95 | S97: =S95+1 -> 96 | T97: =T95+1 -> 97 | U97: =U95+1 -> 98 | V97: 94 | W97: =W95+1 -> 93 | X97: =X95+1 -> 93 | Y97: =Y95+1 -> 93 | Z97: =Z95+1 -> 92 | AA97: =AA95+1 -> 91 | AC97: =AC95+1 -> 92 | AD97: 91 | AE97: =AE95+1 -> 91 | AF97: =AF95+1 -> 91 | AG97: =AG95+1 -> 91 | AH97: =AH95+1 -> 91 | CN97: 32
G98: 94 | H98: 101 | I98: =I96+1 -> 99 | J98: =J96+1 -> 98 | K98: =K96+1 -> 97 | L98: =L96+1 -> 96 | M98: =M96+1 -> 96 | N98: =N96+1 -> 96 | O98: =O96+1 -> 98 | P98: 97 | Q98: =Q96+1 -> 96 | R98: =R96+1 -> 96 | S98: =S96+1 -> 96 | T98: =T96+1 -> 97 | U98: =U96+1 -> 99 | V98: 94 | W98: =W96+1 -> 94 | X98: =X96+1 -> 93 | Y98: =Y96+1 -> 93 | Z98: 92 | AA98: =AA96+1 -> 92 | AC98: =AC96+1 -> 93 | AD98: =AD96+1 -> 92 | AE98: 91 | AF98: =AF96+1 -> 91 | AG98: =AG96+1 -> 91 | AH98: =AH96+1 -> 91 | CN98: 34
G99: 95 | H99: 102 | I99: =I97+1 -> 99 | J99: =J97+1 -> 98 | K99: =K97+1 -> 97 | L99: =L97+1 -> 97 | M99: =M97+1 -> 97 | N99: =N97+1 -> 96 | O99: =O97+1 -> 99 | P99: =P97+1 -> 97 | ... U99: =U97+1 -> 99 | V99: 95 | W99: =W97+1 -> 94 | X99: =X97+1 -> 94 | Y99: 93 | Z99: =Z97+1 -> 93 | AA99: =AA97+1 -> 92 | AC99: =AC97+1 -> 93 | AD99: =AD97+1 -> 92 | AE99: =AE97+1 -> 92 | AF99: =AF97+1 -> 92 | AG99: =AG97+1 -> 92 | AH99: =AH97+1 -> 92 | CN99: 37
G100: 96 | H100: 103 | I100: =I98+1 -> 100 | J100: =J98+1 -> 99 | K100: =K98+1 -> 98 | L100: =L98+1 -> 97 | M100: =M98+1 -> 97 | N100: =N98+1 -> 97 | O100: =O98+1 -> 99 | P100: =P98+1 -> 98 | ... T100: =T98+1 -> 98 | U100: 99 | V100: 96 | W100: =W98+1 -> 95 | X100: =X98+1 -> 94 | Y100: =Y98+1 -> 94 | Z100: =Z98+1 -> 93 | AA100: =AA98+1 -> 93 | AC100: =AC98+1 -> 94 | AD100: =AD98+1 -> 93 | AE100: =AE98+1 -> 92 | AF100: =AF98+1 -> 92 | AG100: =AG98+1 -> 92 | AH100: =AH98+1 -> 92 | CN100: 39
...

Sheet Calc3
A3: Selections
A4: Age: | B4: ='Score Summary'!D5 -> 16-21 | E4: Base Rates for Adaptive Skills Scatter Within Domains (B28 B35) | Y4: SS | AB4: SS | AG4: Mean
A5: Rater: | B5: ='Score Summary'!D6 -> Self | G5: SELF | J5: OTHER | X5: Comm | Y5: ='Score Summary'!E9 | AA5: LS | AB5: ='Score Summary'!E14 | AE5: Conceptual Domain | AG5: =AVERAGE(Y5,Y7,AB7) -> #DIV/0!
A6: CI: | B6: ='Score Summary'!G6 -> 0.95 | F6: Raw | G6: 0.15 | H6: 0.05 | I6: BR | J6: 0.15 | K6: 0.05 | L6: BR | M6: Final BR | X6: CU | Y6: ='Score Summary'!E10 | AA6: SC | AB6: ='Score Summary'!E15 | AE6: Social Domain | AG6: =AVERAGE(AB5,AB8) -> #DIV/0!
A7: Work?: | B7: ='Score Summary'!G5 -> No | E7: GAC | F7: =Optional!F13 | G7: 8 | H7: 10 | I7: =IF(F7>=H7,"≤5%",IF(F7>=G7,"≤15%",">15%")) -> ≤5% | J7: 8 | K7: 11 | L7: =IF(F7>=K7,"≤5%",IF(F7>=J7,"≤15%",">15%")) -> ≤5% | M7: =IF(B5="Self",I7,L7) -> ≤5% | X7: FA | Y7: ='Score Summary'!E11 | AA7: SD | AB7: ='Score Summary'!E16 | AE7: Practical w/o Work | AG7: =AVERAGE(Y6,Y8,Y9,AB6) -> #DIV/0!
E8: CON | F8: =Optional!F14 | G8: 5 | H8: 7 | I8: =IF(F8>=H8,"≤5%",IF(F8>=G8,"≤15%",">15%")) -> ≤5% | J8: 5 | K8: 7 | L8: =IF(F8>=K8,"≤5%",IF(F8>=J8,"≤15%",">15%")) -> ≤5% | M8: =IF(B6="Self",I8,L8) -> ≤5% | X8: HL | Y8: ='Score Summary'!E12 | AA8: Soc | AB8: ='Score Summary'!E17 | AE8: Practice w/ Work | AG8: =AVERAGE(Y6,Y8,Y9,AB6,AB9) -> #DIV/0!
A9: Composite | E9: SOC | F9: =Optional!F15 | G9: 4 | H9: 5 | I9: =IF(F9>=H9,"≤5%",IF(F9>=G9,"≤15%",">15%")) -> ≤5% | J9: 4 | K9: 5 | L9: =IF(F9>=K9,"≤5%",IF(F9>=J9,"≤15%",">15%")) -> ≤5% | M9: =IF(B7="Self",I9,L9) -> ≤5% | X9: HS | Y9: ='Score Summary'!E13 | AA9: Work | AB9: ='Score Summary'!E18 | AE9: All Dom. w/o Work | AG9: =AVERAGE(Y5:Y9,AB5:AB8) -> #DIV/0!
A10: GAC w/o Work | E10: PRA | F10: =Optional!F16 | G10: 6 | H10: 8 | I10: =IF(F10>=H10,"≤5%",IF(F10>=G10,"≤15%",">15%")) -> ≤5% | J10: 7 | K10: 9 | L10: =IF(F10>=K10,"≤5%",IF(F10>=J10,"≤15%",">15%")) -> ≤5% | M10: =IF(B8="Self",I10,L10) -> ≤5% | X10: Include Work? | Y10: ='Score Summary'!G5 -> No | AA10: Type of Mean? | AB10: =IF(Optional!B19="Adaptive domains","AD","All") -> All | AE10: All Dom. w/ Work | AG10: =AVERAGE(Y5:Y9,AB5:AB9) -> #DIV/0!
A11: GAC w/ Work | AK11: SELF
A12: CON | E12: Scatter in Adaptive Skills (SELF) (B.27) - All Skills w/ Work | N12: Scatter in Adaptive Skills (OTHERS) (B.34) - All Skills w/ Work | X12: Deter. S/W SELF (B.29) - Skill Area Mean | AD12: Deter. S/W Crit Value OTHER (B.36) - Skill Area Mean | AK12: Scale | AL12: Crit | AM12: BR
A13: SO | E13: Skill 1 | F13: Skill 2 | G13: SS 1 | H13: SS 2 | I13: AbsDiff | J13: Sig Val | K13: Diff-Sig | L13: Diff | N13: Skill 1 | O13: Skill 2 | P13: SS 1 | Q13: SS 2 | R13: AbsDiff | S13: Sig Val | T13: Diff-Sig | U13: Diff | X13: Scale | Y13: Diff | Z13: Sig | AA13: 0.15 | AB13: 0.05 | AC13: BR | AD13: Scale | AE13: Diff | AF13: Sig | AG13: 0.15 | AH13: 0.05 | AI13: BR | AK13: Comm | AL13: =IF($AB$10="AD",Z14,IF($Y$10="No",Z37,Z49)) -> 2.28 | AM13: =IF($AB$10="AD",AC14,IF($Y$10="No",AC37,AC49)) -> #VALUE!
A14: PR w/o Work | E14: Communic | F14: CommUse | G14: ='Score Summary'!$E$9 | H14: ='Score Summary'!$E$10 | I14: =ABS(G14-H14) -> #VALUE! | J14: 2.28 | K14: =IF(I14<J14,0,I14-J14) -> #VALUE! | L14: =G14-H14 -> #VALUE! | N14: Communic | O14: CommUse | P14: ='Score Summary'!$E$9 | Q14: ='Score Summary'!$E$10 | R14: =ABS(P14-Q14) -> #VALUE! | S14: 1.95 | T14: =IF(R14<S14,0,R14-S14) -> #VALUE! | U14: =P14-Q14 -> #VALUE! | X14: Comm | Y14: =ABS(Y5-AG5) -> #VALUE! | Z14: 2.28 | AA14: 2.33 | AB14: 3 | AC14: =IF(Y14>=AB14,"≤5%",IF(Y14>=AA14,"≤15%",">15%")) -> #VALUE! | AD14: Comm | AE14: =ABS(Y5-AG5) -> #VALUE! | AF14: 1.86 | AG14: 2.67 | AH14: 3.67 | AI14: =IF(AE14>=AH14,"≤5%",IF(AE14>=AG14,"≤15%",">15%")) -> #VALUE! | AK14: FA | AL14: =IF($AB$10="AD",Z15,IF($Y$10="No",Z39,Z51)) -> 2.2 | AM14: =IF($AB$10="AD",AC15,IF($Y$10="No",AC39,AC51)) -> #VALUE!
A15: PR w/ WORK | E15: Communic | F15: FuncAcad | G15: ='Score Summary'!$E$9 | H15: ='Score Summary'!$E$11 | I15: =ABS(G15-H15) -> #VALUE! | J15: 2.28 | K15: =IF(I15<J15,0,I15-J15) -> #VALUE! | L15: =G15-H15 -> #VALUE! | N15: Communic | O15: FuncAcad | P15: ='Score Summary'!$E$9 | Q15: ='Score Summary'!$E$11 | R15: =ABS(P15-Q15) -> #VALUE! | S15: 1.95 | T15: =IF(R15<S15,0,R15-S15) -> #VALUE! | U15: =P15-Q15 -> #VALUE! | X15: FA | Y15: =ABS(Y7-AG5) -> #VALUE! | Z15: 2.2 | AA15: 2 | AB15: 3 | AC15: =IF(Y15>=AB15,"≤5%",IF(Y15>=AA15,"≤15%",">15%")) -> #VALUE! | AD15: FA | AE15: =ABS(Y7-AG5) -> #VALUE! | AF15: 1.95 | AG15: 2.67 | AH15: 3.67 | AI15: =IF(AE15>=AH15,"≤5%",IF(AE15>=AG15,"≤15%",">15%")) -> #VALUE! | AK15: SD | AL15: =IF($AB$10="AD",Z16,IF($Y$10="No",Z43,Z56)) -> 2.2 | AM15: =IF($AB$10="AD",AC16,IF($Y$10="No",AC43,AC56)) -> #VALUE!
E16: Communic | F16: HomeLiv | G16: ='Score Summary'!$E$9 | H16: ='Score Summary'!$E$12 | I16: =ABS(G16-H16) -> #VALUE! | J16: 2.28 | K16: =IF(I16<J16,0,I16-J16) -> #VALUE! | L16: =G16-H16 -> #VALUE! | N16: Communic | O16: HomeLiv | P16: ='Score Summary'!$E$9 | Q16: ='Score Summary'!$E$12 | R16: =ABS(P16-Q16) -> #VALUE! | S16: 1.95 | T16: =IF(R16<S16,0,R16-S16) -> #VALUE! | U16: =P16-Q16 -> #VALUE! | X16: SD | Y16: =ABS(AB7-AG5) -> #VALUE! | Z16: 2.04 | AA16: 2.33 | AB16: 3.33 | AC16: =IF(Y16>=AB16,"≤5%",IF(Y16>=AA16,"≤15%",">15%")) -> #VALUE! | AD16: SD | AE16: =ABS(AB7-AG5) -> #VALUE! | AF16: 1.76 | AG16: 2.33 | AH16: 3.33 | AI16: =IF(AE16>=AH16,"≤5%",IF(AE16>=AG16,"≤15%",">15%")) -> #VALUE! | AK16: LS | AL16: =IF($AB$10="AD",Z17,IF($Y$10="No",Z42,Z54)) -> 2.12 | AM16: =IF($AB$10="AD",AC17,IF($Y$10="No",AC42,AC54)) -> #VALUE!
A17: Age | B17: Col | E17: Communic | F17: Hlth/Safe | G17: ='Score Summary'!$E$9 | H17: ='Score Summary'!$E$13 | I17: =ABS(G17-H17) -> #VALUE! | J17: 2.28 | K17: =IF(I17<J17,0,I17-J17) -> #VALUE! | L17: =G17-H17 -> #VALUE! | N17: Communic | O17: Hlth/Safe | P17: ='Score Summary'!$E$9 | Q17: ='Score Summary'!$E$13 | R17: =ABS(P17-Q17) -> #VALUE! | S17: 2.12 | T17: =IF(R17<S17,0,R17-S17) -> #VALUE! | U17: =P17-Q17 -> #VALUE! | X17: LS | Y17: =ABS(AB5-AG6) -> #VALUE! | Z17: 2.04 | AA17: 1.5 | AB17: 2.5 | AC17: =IF(Y17>=AB17,"≤5%",IF(Y17>=AA17,"≤15%",">15%")) -> #VALUE! | AD17: LS | AE17: =ABS(AB5-AG6) -> #VALUE! | AF17: 1.76 | AG17: 2 | AH17: 2.5 | AI17: =IF(AE17>=AH17,"≤5%",IF(AE17>=AG17,"≤15%",">15%")) -> #VALUE! | AK17: Soc | AL17: =IF($AB$10="AD",Z18,IF($Y$10="No",Z45,Z57)) -> 2.12 | AM17: =IF($AB$10="AD",AC18,IF($Y$10="No",AC45,AC57)) -> #VALUE!
A18: 16-21 | B18: 0 | E18: Communic | F18: Leisure | G18: ='Score Summary'!$E$9 | H18: ='Score Summary'!$E$14 | I18: =ABS(G18-H18) -> #VALUE! | J18: 2.2 | K18: =IF(I18<J18,0,I18-J18) -> #VALUE! | L18: =G18-H18 -> #VALUE! | N18: Communic | O18: Leisure | P18: ='Score Summary'!$E$9 | Q18: ='Score Summary'!$E$14 | R18: =ABS(P18-Q18) -> #VALUE! | S18: 1.86 | T18: =IF(R18<S18,0,R18-S18) -> #VALUE! | U18: =P18-Q18 -> #VALUE! | X18: Soc | Y18: =ABS(AB8-AG6) -> #VALUE! | Z18: 2.04 | AA18: 1.5 | AB18: 2.5 | AC18: =IF(Y18>=AB18,"≤5%",IF(Y18>=AA18,"≤15%",">15%")) -> #VALUE! | AD18: Soc | AE18: =ABS(AB8-AG6) -> #VALUE! | AF18: 1.66 | AG18: 2 | AH18: 2.5 | AI18: =IF(AE18>=AH18,"≤5%",IF(AE18>=AG18,"≤15%",">15%")) -> #VALUE! | AK18: CU | AL18: {=_xlfn.IFS(AND($AB$10="AD",$Y$10="No"),Z22,AND($AB$10="AD",$Y$10="Yes"),Z29,AND($AB$10="All",$Y$10="No"),Z38,AND($AB$10="All",$Y$10="Yes"),Z50)} -> 2.2 | AM18: {=_xlfn.IFS(AND($AB$10="AD",$Y$10="No"),AC22,AND($AB$10="AD",$Y$10="Yes"),AC29,AND($AB$10="All",$Y$10="No"),AC38,AND($AB$10="All",$Y$10="Yes"),AC50)} -> #VALUE!
A19: 22-29 | B19: 1 | E19: Communic | F19: SelfCare | G19: ='Score Summary'!$E$9 | H19: ='Score Summary'!$E$15 | I19: =ABS(G19-H19) -> #VALUE! | J19: 2.28 | K19: =IF(I19<J19,0,I19-J19) -> #VALUE! | L19: =G19-H19 -> #VALUE! | N19: Communic | O19: SelfCare | P19: ='Score Summary'!$E$9 | Q19: ='Score Summary'!$E$15 | R19: =ABS(P19-Q19) -> #VALUE! | S19: 2.12 | T19: =IF(R19<S19,0,R19-S19) -> #VALUE! | U19: =P19-Q19 -> #VALUE! | AK19: HL | AL19: {=_xlfn.IFS(AND($AB$10="AD",$Y$10="No"),Z23,AND($AB$10="AD",$Y$10="Yes"),Z30,AND($AB$10="All",$Y$10="No"),Z40,AND($AB$10="All",$Y$10="Yes"),Z52)} -> 2.2 | AM19: {=_xlfn.IFS(AND($AB$10="AD",$Y$10="No"),AC23,AND($AB$10="AD",$Y$10="Yes"),AC30,AND($AB$10="All",$Y$10="No"),AC40,AND($AB$10="All",$Y$10="Yes"),AC52)} -> #VALUE!
A20: 30-39 | B20: 2 | E20: Communic | F20: SlfDirect | G20: ='Score Summary'!$E$9 | H20: ='Score Summary'!$E$16 | I20: =ABS(G20-H20) -> #VALUE! | J20: 2.12 | K20: =IF(I20<J20,0,I20-J20) -> #VALUE! | L20: =G20-H20 -> #VALUE! | N20: Communic | O20: SlfDirect | P20: ='Score Summary'!$E$9 | Q20: ='Score Summary'!$E$16 | R20: =ABS(P20-Q20) -> #VALUE! | S20: 1.76 | T20: =IF(R20<S20,0,R20-S20) -> #VALUE! | U20: =P20-Q20 -> #VALUE! | X20: w/o Work | AD20: w/o Work | AK20: HS | AL20: {=_xlfn.IFS(AND($AB$10="AD",$Y$10="No"),Z24,AND($AB$10="AD",$Y$10="Yes"),Z31,AND($AB$10="All",$Y$10="No"),Z41,AND($AB$10="All",$Y$10="Yes"),Z53)} -> 2.2 | AM20: {=_xlfn.IFS(AND($AB$10="AD",$Y$10="No"),AC24,AND($AB$10="AD",$Y$10="Yes"),AC31,AND($AB$10="All",$Y$10="No"),AC41,AND($AB$10="All",$Y$10="Yes"),AC53)} -> #VALUE!
A21: 40-49 | B21: 3 | E21: Communic | F21: Social | G21: ='Score Summary'!$E$9 | H21: ='Score Summary'!$E$17 | I21: =ABS(G21-H21) -> #VALUE! | J21: 2.2 | K21: =IF(I21<J21,0,I21-J21) -> #VALUE! | L21: =G21-H21 -> #VALUE! | N21: Communic | O21: Social | P21: ='Score Summary'!$E$9 | Q21: ='Score Summary'!$E$17 | R21: =ABS(P21-Q21) -> #VALUE! | S21: 1.76 | T21: =IF(R21<S21,0,R21-S21) -> #VALUE! | U21: =P21-Q21 -> #VALUE! | X21: Scale | Y21: Diff | Z21: Sig | AA21: 0.15 | AB21: 0.05 | AC21: BR | AD21: Scale | AE21: Diff | AF21: Sig | AG21: 0.15 | AH21: 0.05 | AI21: BR | AK21: SC | AL21: {=_xlfn.IFS(AND($AB$10="AD",$Y$10="No"),Z25,AND($AB$10="AD",$Y$10="Yes"),Z32,AND($AB$10="All",$Y$10="No"),Z43,AND($AB$10="All",$Y$10="Yes"),Z55)} -> 2.2 | AM21: {=_xlfn.IFS(AND($AB$10="AD",$Y$10="No"),AC25,AND($AB$10="AD",$Y$10="Yes"),AC32,AND($AB$10="All",$Y$10="No"),AC43,AND($AB$10="All",$Y$10="Yes"),AC55)} -> #VALUE!
A22: 50-64 | B22: 4 | E22: Communic | F22: Work | G22: ='Score Summary'!$E$9 | H22: ='Score Summary'!$E$18 | I22: =ABS(G22-H22) -> #VALUE! | J22: 1.76 | K22: =IF(I22<J22,0,I22-J22) -> #VALUE! | L22: =G22-H22 -> #VALUE! | N22: Communic | O22: Work | P22: ='Score Summary'!$E$9 | Q22: ='Score Summary'!$E$18 | R22: =ABS(P22-Q22) -> #VALUE! | S22: 1.44 | T22: =IF(R22<S22,0,R22-S22) -> #VALUE! | U22: =P22-Q22 -> #VALUE! | X22: CU | Y22: =ABS(Y6-AG7) -> #VALUE! | Z22: 2.2 | AA22: 2.5 | AB22: 3.75 | AC22: =IF(Y22>=AB22,"≤5%",IF(Y22>=AA22,"≤15%",">15%")) -> #VALUE! | AD22: CU | AE22: =ABS(Y6-AG7) -> #VALUE! | AF22: 2.12 | AG22: 2.5 | AH22: 3.75 | AI22: =IF(AE22>=AH22,"≤5%",IF(AE22>=AG22,"≤15%",">15%")) -> #VALUE! | AK22: Work | AL22: =IF($AB$10="AD",Z33,Z58) -> 0.83 | AM22: =IF($AB$10="AD",AC33,AC58) -> #VALUE!
A23: 65-74 | B23: 5 | E23: CommUse | F23: FuncAcad | G23: ='Score Summary'!$E$10 | H23: ='Score Summary'!$E$11 | I23: =ABS(G23-H23) -> #VALUE! | J23: 2.2 | K23: =IF(I23<J23,0,I23-J23) -> #VALUE! | L23: =G23-H23 -> #VALUE! | N23: CommUse | O23: FuncAcad | P23: ='Score Summary'!$E$10 | Q23: ='Score Summary'!$E$11 | R23: =ABS(P23-Q23) -> #VALUE! | S23: 2.04 | T23: =IF(R23<S23,0,R23-S23) -> #VALUE! | U23: =P23-Q23 -> #VALUE! | X23: HL | Y23: =ABS(Y8-AG7) -> #VALUE! | Z23: 2.2 | AA23: 2.25 | AB23: 3.25 | AC23: =IF(Y23>=AB23,"≤5%",IF(Y23>=AA23,"≤15%",">15%")) -> #VALUE! | AD23: HL | AE23: =ABS(Y8-AG7) -> #VALUE! | AF23: 2.12 | AG23: 2.5 | AH23: 3.75 | AI23: =IF(AE23>=AH23,"≤5%",IF(AE23>=AG23,"≤15%",">15%")) -> #VALUE!
A24: 75-89 | B24: 6 | E24: CommUse | F24: HomeLiv | G24: ='Score Summary'!$E$10 | H24: ='Score Summary'!$E$12 | I24: =ABS(G24-H24) -> #VALUE! | J24: 2.2 | K24: =IF(I24<J24,0,I24-J24) -> #VALUE! | L24: =G24-H24 -> #VALUE! | N24: CommUse | O24: HomeLiv | P24: ='Score Summary'!$E$10 | Q24: ='Score Summary'!$E$12 | R24: =ABS(P24-Q24) -> #VALUE! | S24: 2.04 | T24: =IF(R24<S24,0,R24-S24) -> #VALUE! | U24: =P24-Q24 -> #VALUE! | X24: HS | Y24: =ABS(Y9-AG7) -> #VALUE! | Z24: 2.2 | AA24: 2.25 | AB24: 3.25 | AC24: =IF(Y24>=AB24,"≤5%",IF(Y24>=AA24,"≤15%",">15%")) -> #VALUE! | AD24: HS | AE24: =ABS(Y9-AG7) -> #VALUE! | AF24: 2.28 | AG24: 2.75 | AH24: 4 | AI24: =IF(AE24>=AH24,"≤5%",IF(AE24>=AG24,"≤15%",">15%")) -> #VALUE! | AK24: OTHER
E25: CommUse | F25: Hlth/Safe | G25: ='Score Summary'!$E$10 | H25: ='Score Summary'!$E$13 | I25: =ABS(G25-H25) -> #VALUE! | J25: 2.2 | K25: =IF(I25<J25,0,I25-J25) -> #VALUE! | L25: =G25-H25 -> #VALUE! | N25: CommUse | O25: Hlth/Safe | P25: ='Score Summary'!$E$10 | Q25: ='Score Summary'!$E$13 | R25: =ABS(P25-Q25) -> #VALUE! | S25: 2.2 | T25: =IF(R25<S25,0,R25-S25) -> #VALUE! | U25: =P25-Q25 -> #VALUE! | X25: SC | Y25: =ABS(AB6-AG7) -> #VALUE! | Z25: 2.2 | AA25: 2.5 | AB25: 3.5 | AC25: =IF(Y25>=AB25,"≤5%",IF(Y25>=AA25,"≤15%",">15%")) -> #VALUE! | AD25: SC | AE25: =ABS(AB6-AG7) -> #VALUE! | AF25: 2.28 | AG25: 2.75 | AH25: 4 | AI25: =IF(AE25>=AH25,"≤5%",IF(AE25>=AG25,"≤15%",">15%")) -> #VALUE! | AK25: Scale | AL25: Crit | AM25: BR
A26: Composite | E26: CommUse | F26: Leisure | G26: ='Score Summary'!$E$10 | H26: ='Score Summary'!$E$14 | I26: =ABS(G26-H26) -> #VALUE! | J26: 2.12 | K26: =IF(I26<J26,0,I26-J26) -> #VALUE! | L26: =G26-H26 -> #VALUE! | N26: CommUse | O26: Leisure | P26: ='Score Summary'!$E$10 | Q26: ='Score Summary'!$E$14 | R26: =ABS(P26-Q26) -> #VALUE! | S26: 1.95 | T26: =IF(R26<S26,0,R26-S26) -> #VALUE! | U26: =P26-Q26 -> #VALUE! | AK26: Comm | AL26: =IF($AB$10="AD",AF14,IF($Y$10="No",AF37,AF49)) -> 1.95 | AM26: =IF($AB$10="AD",AI14,IF($Y$10="No",AI37,AI49)) -> #VALUE!
A27: GAC w/o Work | E27: CommUse | F27: SelfCare | G27: ='Score Summary'!$E$10 | H27: ='Score Summary'!$E$15 | I27: =ABS(G27-H27) -> #VALUE! | J27: 2.2 | K27: =IF(I27<J27,0,I27-J27) -> #VALUE! | L27: =G27-H27 -> #VALUE! | N27: CommUse | O27: SelfCare | P27: ='Score Summary'!$E$10 | Q27: ='Score Summary'!$E$15 | R27: =ABS(P27-Q27) -> #VALUE! | S27: 2.2 | T27: =IF(R27<S27,0,R27-S27) -> #VALUE! | U27: =P27-Q27 -> #VALUE! | X27: w/ Work | AD27: w/ Work | AK27: FA | AL27: =IF($AB$10="AD",AF15,IF($Y$10="No",AF39,AF51)) -> 2.04 | AM27: =IF($AB$10="AD",AI15,IF($Y$10="No",AI39,AI51)) -> #VALUE!
A28: GAC w/ Work | E28: CommUse | F28: SlfDirect | G28: ='Score Summary'!$E$10 | H28: ='Score Summary'!$E$16 | I28: =ABS(G28-H28) -> #VALUE! | J28: 2.04 | K28: =IF(I28<J28,0,I28-J28) -> #VALUE! | L28: =G28-H28 -> #VALUE! | N28: CommUse | O28: SlfDirect | P28: ='Score Summary'!$E$10 | Q28: ='Score Summary'!$E$16 | R28: =ABS(P28-Q28) -> #VALUE! | S28: 1.86 | T28: =IF(R28<S28,0,R28-S28) -> #VALUE! | U28: =P28-Q28 -> #VALUE! | X28: Scale | Y28: Diff | Z28: Sig | AA28: 0.15 | AB28: 0.05 | AC28: BR | AD28: Scale | AE28: Diff | AF28: Sig | AG28: 0.15 | AH28: 0.05 | AI28: BR | AK28: SD | AL28: =IF($AB$10="AD",AF16,IF($Y$10="No",AF43,AF56)) -> 2.2 | AM28: =IF($AB$10="AD",AI16,IF($Y$10="No",AI43,AI56)) -> #VALUE!
A29: CON | E29: CommUse | F29: Social | G29: ='Score Summary'!$E$10 | H29: ='Score Summary'!$E$17 | I29: =ABS(G29-H29) -> #VALUE! | J29: 2.12 | K29: =IF(I29<J29,0,I29-J29) -> #VALUE! | L29: =G29-H29 -> #VALUE! | N29: CommUse | O29: Social | P29: ='Score Summary'!$E$10 | Q29: ='Score Summary'!$E$17 | R29: =ABS(P29-Q29) -> #VALUE! | S29: 1.86 | T29: =IF(R29<S29,0,R29-S29) -> #VALUE! | U29: =P29-Q29 -> #VALUE! | X29: CU | Y29: =ABS(Y6-AG8) -> #VALUE! | Z29: 1.76 | AA29: 2.6 | AB29: 3.8 | AC29: =IF(Y29>=AB29,"≤5%",IF(Y29>=AA29,"≤15%",">15%")) -> #VALUE! | AD29: CU | AE29: =ABS(Y6-AG8) -> #VALUE! | AF29: 1.66 | AG29: 2.8 | AH29: 4.2 | AI29: =IF(AE29>=AH29,"≤5%",IF(AE29>=AG29,"≤15%",">15%")) -> #VALUE! | AK29: LS | AL29: =IF($AB$10="AD",AF17,IF($Y$10="No",AF42,AF54)) -> 1.95 | AM29: =IF($AB$10="AD",AI17,IF($Y$10="No",AI42,AI54)) -> #VALUE!
A30: SO | E30: CommUse | F30: Work | G30: ='Score Summary'!$E$10 | H30: ='Score Summary'!$E$18 | I30: =ABS(G30-H30) -> #VALUE! | J30: 1.66 | K30: =IF(I30<J30,0,I30-J30) -> #VALUE! | L30: =G30-H30 -> #VALUE! | N30: CommUse | O30: Work | P30: ='Score Summary'!$E$10 | Q30: ='Score Summary'!$E$18 | R30: =ABS(P30-Q30) -> #VALUE! | S30: 1.56 | T30: =IF(R30<S30,0,R30-S30) -> #VALUE! | U30: =P30-Q30 -> #VALUE! | X30: HL | Y30: =ABS(Y8-AG8) -> #VALUE! | Z30: 1.76 | AA30: 2.8 | AB30: 4 | AC30: =IF(Y30>=AB30,"≤5%",IF(Y30>=AA30,"≤15%",">15%")) -> #VALUE! | AD30: HL | AE30: =ABS(Y8-AG8) -> #VALUE! | AF30: 1.66 | AG30: 3 | AH30: 4.6 | AI30: =IF(AE30>=AH30,"≤5%",IF(AE30>=AG30,"≤15%",">15%")) -> #VALUE! | AK30: Soc | AL30: =IF($AB$10="AD",AF18,IF($Y$10="No",AF45,AF57)) -> 1.86 | AM30: =IF($AB$10="AD",AI18,IF($Y$10="No",AI45,AI57)) -> #VALUE!
A31: PR w/o Work | E31: FuncAcad | F31: HomeLiv | G31: ='Score Summary'!$E$11 | H31: ='Score Summary'!$E$12 | I31: =ABS(G31-H31) -> #VALUE! | J31: 2.2 | K31: =IF(I31<J31,0,I31-J31) -> #VALUE! | L31: =G31-H31 -> #VALUE! | N31: FuncAcad | O31: HomeLiv | P31: ='Score Summary'!$E$11 | Q31: ='Score Summary'!$E$12 | R31: =ABS(P31-Q31) -> #VALUE! | S31: 2.04 | T31: =IF(R31<S31,0,R31-S31) -> #VALUE! | U31: =P31-Q31 -> #VALUE! | X31: HS | Y31: =ABS(Y9-AG8) -> #VALUE! | Z31: 1.76 | AA31: 2.6 | AB31: 4 | AC31: =IF(Y31>=AB31,"≤5%",IF(Y31>=AA31,"≤15%",">15%")) -> #VALUE! | AD31: HS | AE31: =ABS(Y9-AG8) -> #VALUE! | AF31: 1.86 | AG31: 3.2 | AH31: 4.6 | AI31: =IF(AE31>=AH31,"≤5%",IF(AE31>=AG31,"≤15%",">15%")) -> #VALUE! | AK31: CU | AL31: {=_xlfn.IFS(AND($AB$10="AD",$Y$10="No"),AF22,AND($AB$10="AD",$Y$10="Yes"),AF29,AND($AB$10="All",$Y$10="No"),AF38,AND($AB$10="All",$Y$10="Yes"),AF50)} -> 2.04 | AM31: {=_xlfn.IFS(AND($AB$10="AD",$Y$10="No"),AI22,AND($AB$10="AD",$Y$10="Yes"),AI29,AND($AB$10="All",$Y$10="No"),AI38,AND($AB$10="All",$Y$10="Yes"),AI50)} -> #VALUE!
A32: PR w/ WORK | E32: FuncAcad | F32: Hlth/Safe | G32: ='Score Summary'!$E$11 | H32: ='Score Summary'!$E$13 | I32: =ABS(G32-H32) -> #VALUE! | J32: 2.2 | K32: =IF(I32<J32,0,I32-J32) -> #VALUE! | L32: =G32-H32 -> #VALUE! | N32: FuncAcad | O32: Hlth/Safe | P32: ='Score Summary'!$E$11 | Q32: ='Score Summary'!$E$13 | R32: =ABS(P32-Q32) -> #VALUE! | S32: 2.2 | T32: =IF(R32<S32,0,R32-S32) -> #VALUE! | U32: =P32-Q32 -> #VALUE! | X32: SC | Y32: =ABS(AB6-AG8) -> #VALUE! | Z32: 1.76 | AA32: 2.8 | AB32: 4 | AC32: =IF(Y32>=AB32,"≤5%",IF(Y32>=AA32,"≤15%",">15%")) -> #VALUE! | AD32: SC | AE32: =ABS(AB6-AG8) -> #VALUE! | AF32: 1.86 | AG32: 3.2 | AH32: 4.8 | AI32: =IF(AE32>=AH32,"≤5%",IF(AE32>=AG32,"≤15%",">15%")) -> #VALUE! | AK32: HL | AL32: {=_xlfn.IFS(AND($AB$10="AD",$Y$10="No"),AF23,AND($AB$10="AD",$Y$10="Yes"),AF30,AND($AB$10="All",$Y$10="No"),AF40,AND($AB$10="All",$Y$10="Yes"),AF52)} -> 2.04 | AM32: {=_xlfn.IFS(AND($AB$10="AD",$Y$10="No"),AI23,AND($AB$10="AD",$Y$10="Yes"),AI30,AND($AB$10="All",$Y$10="No"),AI40,AND($AB$10="All",$Y$10="Yes"),AI52)} -> #VALUE!
E33: FuncAcad | F33: Leisure | G33: ='Score Summary'!$E$11 | H33: ='Score Summary'!$E$14 | I33: =ABS(G33-H33) -> #VALUE! | J33: 2.12 | K33: =IF(I33<J33,0,I33-J33) -> #VALUE! | L33: =G33-H33 -> #VALUE! | N33: FuncAcad | O33: Leisure | P33: ='Score Summary'!$E$11 | Q33: ='Score Summary'!$E$14 | R33: =ABS(P33-Q33) -> #VALUE! | S33: 1.95 | T33: =IF(R33<S33,0,R33-S33) -> #VALUE! | U33: =P33-Q33 -> #VALUE! | X33: Work | Y33: =ABS(AB9-AG8) -> #VALUE! | Z33: 1.02 | AA33: 5.6 | AB33: 8.8 | AC33: =IF(Y33>=AB33,"≤5%",IF(Y33>=AA33,"≤15%",">15%")) -> #VALUE! | AD33: Work | AE33: =ABS(AB9-AG8) -> #VALUE! | AF33: 1.02 | AG33: 6.6 | AH33: 9 | AI33: =IF(AE33>=AH33,"≤5%",IF(AE33>=AG33,"≤15%",">15%")) -> #VALUE! | AK33: HS | AL33: {=_xlfn.IFS(AND($AB$10="AD",$Y$10="No"),AF24,AND($AB$10="AD",$Y$10="Yes"),AF31,AND($AB$10="All",$Y$10="No"),AF41,AND($AB$10="All",$Y$10="Yes"),AF53)} -> 2.2 | AM33: {=_xlfn.IFS(AND($AB$10="AD",$Y$10="No"),AI24,AND($AB$10="AD",$Y$10="Yes"),AI31,AND($AB$10="All",$Y$10="No"),AI41,AND($AB$10="All",$Y$10="Yes"),AI53)} -> #VALUE!
E34: FuncAcad | F34: SelfCare | G34: ='Score Summary'!$E$11 | H34: ='Score Summary'!$E$15 | I34: =ABS(G34-H34) -> #VALUE! | J34: 2.2 | K34: =IF(I34<J34,0,I34-J34) -> #VALUE! | L34: =G34-H34 -> #VALUE! | N34: FuncAcad | O34: SelfCare | P34: ='Score Summary'!$E$11 | Q34: ='Score Summary'!$E$15 | R34: =ABS(P34-Q34) -> #VALUE! | S34: 2.2 | T34: =IF(R34<S34,0,R34-S34) -> #VALUE! | U34: =P34-Q34 -> #VALUE! | AK34: SC | AL34: {=_xlfn.IFS(AND($AB$10="AD",$Y$10="No"),AF25,AND($AB$10="AD",$Y$10="Yes"),AF32,AND($AB$10="All",$Y$10="No"),AF43,AND($AB$10="All",$Y$10="Yes"),AF55)} -> 2.2 | AM34: {=_xlfn.IFS(AND($AB$10="AD",$Y$10="No"),AI25,AND($AB$10="AD",$Y$10="Yes"),AI32,AND($AB$10="All",$Y$10="No"),AI43,AND($AB$10="All",$Y$10="Yes"),AI55)} -> #VALUE!
E35: FuncAcad | F35: SlfDirect | G35: ='Score Summary'!$E$11 | H35: ='Score Summary'!$E$16 | I35: =ABS(G35-H35) -> #VALUE! | J35: 2.04 | K35: =IF(I35<J35,0,I35-J35) -> #VALUE! | L35: =G35-H35 -> #VALUE! | N35: FuncAcad | O35: SlfDirect | P35: ='Score Summary'!$E$11 | Q35: ='Score Summary'!$E$16 | R35: =ABS(P35-Q35) -> #VALUE! | S35: 1.86 | T35: =IF(R35<S35,0,R35-S35) -> #VALUE! | U35: =P35-Q35 -> #VALUE! | X35: Deter. S/W Crit Value SELF (B.29) - All Area w/o Work | AD35: Deter. S/W Crit Value OTHER (B.36) - All Area w/o Work | AK35: Work | AL35: =IF($AB$10="AD",AF33,AF58) -> 0.83 | AM35: =IF($AB$10="AD",AI33,AI58) -> #VALUE!
E36: FuncAcad | F36: Social | G36: ='Score Summary'!$E$11 | H36: ='Score Summary'!$E$17 | I36: =ABS(G36-H36) -> #VALUE! | J36: 2.12 | K36: =IF(I36<J36,0,I36-J36) -> #VALUE! | L36: =G36-H36 -> #VALUE! | N36: FuncAcad | O36: Social | P36: ='Score Summary'!$E$11 | Q36: ='Score Summary'!$E$17 | R36: =ABS(P36-Q36) -> #VALUE! | S36: 1.86 | T36: =IF(R36<S36,0,R36-S36) -> #VALUE! | U36: =P36-Q36 -> #VALUE! | X36: Scale | Y36: Diff | Z36: Sig | AA36: 0.15 | AB36: 0.05 | AC36: BR | AD36: Scale | AE36: Diff | AF36: Sig | AG36: 0.15 | AH36: 0.05 | AI36: BR
E37: FuncAcad | F37: Work | G37: ='Score Summary'!$E$11 | H37: ='Score Summary'!$E$18 | I37: =ABS(G37-H37) -> #VALUE! | J37: 1.66 | K37: =IF(I37<J37,0,I37-J37) -> #VALUE! | L37: =G37-H37 -> #VALUE! | N37: FuncAcad | O37: Work | P37: ='Score Summary'!$E$11 | Q37: ='Score Summary'!$E$18 | R37: =ABS(P37-Q37) -> #VALUE! | S37: 1.56 | T37: =IF(R37<S37,0,R37-S37) -> #VALUE! | U37: =P37-Q37 -> #VALUE! | X37: Comm | Y37: =ABS(Y5-$AG$9) -> #VALUE! | Z37: 2.28 | AA37: 2.67 | AB37: 4 | AC37: =IF(Y37>=AB37,"≤5%",IF(Y37>=AA37,"≤15%",">15%")) -> #VALUE! | AD37: Comm | AE37: =ABS(Y5-$AG$9) -> #VALUE! | AF37: 1.95 | AG37: 3.11 | AH37: 4.33 | AI37: =IF(AE37>=AH37,"≤5%",IF(AE37>=AG37,"≤15%",">15%")) -> #VALUE! | AK37: SELF
E38: HomeLiv | F38: Hlth/Safe | G38: ='Score Summary'!$E$12 | H38: ='Score Summary'!$E$13 | I38: =ABS(G38-H38) -> #VALUE! | J38: 2.2 | K38: =IF(I38<J38,0,I38-J38) -> #VALUE! | L38: =G38-H38 -> #VALUE! | N38: HomeLiv | O38: Hlth/Safe | P38: ='Score Summary'!$E$12 | Q38: ='Score Summary'!$E$13 | R38: =ABS(P38-Q38) -> #VALUE! | S38: 2.2 | T38: =IF(R38<S38,0,R38-S38) -> #VALUE! | U38: =P38-Q38 -> #VALUE! | X38: CU | Y38: =ABS(Y6-$AG$9) -> #VALUE! | Z38: 2.2 | AA38: 2.11 | AB38: 3.33 | AC38: =IF(Y38>=AB38,"≤5%",IF(Y38>=AA38,"≤15%",">15%")) -> #VALUE! | AD38: CU | AE38: =ABS(Y6-$AG$9) -> #VALUE! | AF38: 2.04 | AG38: 2.44 | AH38: 3.44 | AI38: =IF(AE38>=AH38,"≤5%",IF(AE38>=AG38,"≤15%",">15%")) -> #VALUE! | AK38: Domain | AL38: Crit | AM38: BR
E39: HomeLiv | F39: Leisure | G39: ='Score Summary'!$E$12 | H39: ='Score Summary'!$E$14 | I39: =ABS(G39-H39) -> #VALUE! | J39: 2.12 | K39: =IF(I39<J39,0,I39-J39) -> #VALUE! | L39: =G39-H39 -> #VALUE! | N39: HomeLiv | O39: Leisure | P39: ='Score Summary'!$E$12 | Q39: ='Score Summary'!$E$14 | R39: =ABS(P39-Q39) -> #VALUE! | S39: 1.95 | T39: =IF(R39<S39,0,R39-S39) -> #VALUE! | U39: =P39-Q39 -> #VALUE! | X39: FA | Y39: =ABS(Y7-$AG$9) -> #VALUE! | Z39: 2.2 | AA39: 2.11 | AB39: 3.11 | AC39: =IF(Y39>=AB39,"≤5%",IF(Y39>=AA39,"≤15%",">15%")) -> #VALUE! | AD39: FA | AE39: =ABS(Y7-$AG$9) -> #VALUE! | AF39: 2.04 | AG39: 2.44 | AH39: 3.67 | AI39: =IF(AE39>=AH39,"≤5%",IF(AE39>=AG39,"≤15%",">15%")) -> #VALUE! | AK39: C-S | AL39: =VLOOKUP($B$4,$X$64:$AA$71,2,FALSE) -> 8.32 | AM39: =AB76 -> >15%
E40: HomeLiv | F40: SelfCare | G40: ='Score Summary'!$E$12 | H40: ='Score Summary'!$E$15 | I40: =ABS(G40-H40) -> #VALUE! | J40: 2.2 | K40: =IF(I40<J40,0,I40-J40) -> #VALUE! | L40: =G40-H40 -> #VALUE! | N40: HomeLiv | O40: SelfCare | P40: ='Score Summary'!$E$12 | Q40: ='Score Summary'!$E$15 | R40: =ABS(P40-Q40) -> #VALUE! | S40: 2.2 | T40: =IF(R40<S40,0,R40-S40) -> #VALUE! | U40: =P40-Q40 -> #VALUE! | X40: HL | Y40: =ABS(Y8-$AG$9) -> #VALUE! | Z40: 2.2 | AA40: 2.44 | AB40: 3.78 | AC40: =IF(Y40>=AB40,"≤5%",IF(Y40>=AA40,"≤15%",">15%")) -> #VALUE! | AD40: HL | AE40: =ABS(Y8-$AG$9) -> #VALUE! | AF40: 2.04 | AG40: 2.56 | AH40: 3.78 | AI40: =IF(AE40>=AH40,"≤5%",IF(AE40>=AG40,"≤15%",">15%")) -> #VALUE! | AK40: C-P | AL40: =VLOOKUP($B$4,$X$64:$AA$71,3,FALSE) -> 7.78 | AM40: =AB77 -> >15%
E41: HomeLiv | F41: SlfDirect | G41: ='Score Summary'!$E$12 | H41: ='Score Summary'!$E$16 | I41: =ABS(G41-H41) -> #VALUE! | J41: 2.04 | K41: =IF(I41<J41,0,I41-J41) -> #VALUE! | L41: =G41-H41 -> #VALUE! | N41: HomeLiv | O41: SlfDirect | P41: ='Score Summary'!$E$12 | Q41: ='Score Summary'!$E$16 | R41: =ABS(P41-Q41) -> #VALUE! | S41: 1.86 | T41: =IF(R41<S41,0,R41-S41) -> #VALUE! | U41: =P41-Q41 -> #VALUE! | X41: HS | Y41: =ABS(Y9-$AG$9) -> #VALUE! | Z41: 2.2 | AA41: 2.67 | AB41: 3.78 | AC41: =IF(Y41>=AB41,"≤5%",IF(Y41>=AA41,"≤15%",">15%")) -> #VALUE! | AD41: HS | AE41: =ABS(Y9-$AG$9) -> #VALUE! | AF41: 2.2 | AG41: 3 | AH41: 4.22 | AI41: =IF(AE41>=AH41,"≤5%",IF(AE41>=AG41,"≤15%",">15%")) -> #VALUE! | AK41: S-P | AL41: =VLOOKUP($B$4,$X$64:$AA$71,4,FALSE) -> 7.78 | AM41: =AB78 -> ≤15%
E42: HomeLiv | F42: Social | G42: ='Score Summary'!$E$12 | H42: ='Score Summary'!$E$17 | I42: =ABS(G42-H42) -> #VALUE! | J42: 2.12 | K42: =IF(I42<J42,0,I42-J42) -> #VALUE! | L42: =G42-H42 -> #VALUE! | N42: HomeLiv | O42: Social | P42: ='Score Summary'!$E$12 | Q42: ='Score Summary'!$E$17 | R42: =ABS(P42-Q42) -> #VALUE! | S42: 1.86 | T42: =IF(R42<S42,0,R42-S42) -> #VALUE! | U42: =P42-Q42 -> #VALUE! | X42: LS | Y42: =ABS(AB5-$AG$9) -> #VALUE! | Z42: 2.12 | AA42: 2.33 | AB42: 3.33 | AC42: =IF(Y42>=AB42,"≤5%",IF(Y42>=AA42,"≤15%",">15%")) -> #VALUE! | AD42: LS | AE42: =ABS(AB5-$AG$9) -> #VALUE! | AF42: 1.95 | AG42: 2.44 | AH42: 3.44 | AI42: =IF(AE42>=AH42,"≤5%",IF(AE42>=AG42,"≤15%",">15%")) -> #VALUE!
E43: HomeLiv | F43: Work | G43: ='Score Summary'!$E$12 | H43: ='Score Summary'!$E$18 | I43: =ABS(G43-H43) -> #VALUE! | J43: 1.66 | K43: =IF(I43<J43,0,I43-J43) -> #VALUE! | L43: =G43-H43 -> #VALUE! | N43: HomeLiv | O43: Work | P43: ='Score Summary'!$E$12 | Q43: ='Score Summary'!$E$18 | R43: =ABS(P43-Q43) -> #VALUE! | S43: 1.56 | T43: =IF(R43<S43,0,R43-S43) -> #VALUE! | U43: =P43-Q43 -> #VALUE! | X43: SC | Y43: =ABS(AB6-$AG$9) -> #VALUE! | Z43: 2.2 | AA43: 2.56 | AB43: 4.11 | AC43: =IF(Y43>=AB43,"≤5%",IF(Y43>=AA43,"≤15%",">15%")) -> #VALUE! | AD43: SC | AE43: =ABS(AB6-$AG$9) -> #VALUE! | AF43: 2.2 | AG43: 3 | AH43: 4.67 | AI43: =IF(AE43>=AH43,"≤5%",IF(AE43>=AG43,"≤15%",">15%")) -> #VALUE! | AK43: OTHER
E44: Hlth/Safe | F44: Leisure | G44: ='Score Summary'!$E$13 | H44: ='Score Summary'!$E$14 | I44: =ABS(G44-H44) -> #VALUE! | J44: 2.12 | K44: =IF(I44<J44,0,I44-J44) -> #VALUE! | L44: =G44-H44 -> #VALUE! | N44: Hlth/Safe | O44: Leisure | P44: ='Score Summary'!$E$13 | Q44: ='Score Summary'!$E$14 | R44: =ABS(P44-Q44) -> #VALUE! | S44: 2.12 | T44: =IF(R44<S44,0,R44-S44) -> #VALUE! | U44: =P44-Q44 -> #VALUE! | X44: SD | Y44: =ABS(AB7-$AG$9) -> #VALUE! | Z44: 2.04 | AA44: 2.11 | AB44: 3.22 | AC44: =IF(Y44>=AB44,"≤5%",IF(Y44>=AA44,"≤15%",">15%")) -> #VALUE! | AD44: SD | AE44: =ABS(AB7-$AG$9) -> #VALUE! | AF44: 1.86 | AG44: 2.44 | AH44: 3.67 | AI44: =IF(AE44>=AH44,"≤5%",IF(AE44>=AG44,"≤15%",">15%")) -> #VALUE! | AK44: Domain | AL44: Crit | AM44: BR
E45: Hlth/Safe | F45: SelfCare | G45: ='Score Summary'!$E$13 | H45: ='Score Summary'!$E$15 | I45: =ABS(G45-H45) -> #VALUE! | J45: 2.2 | K45: =IF(I45<J45,0,I45-J45) -> #VALUE! | L45: =G45-H45 -> #VALUE! | N45: Hlth/Safe | O45: SelfCare | P45: ='Score Summary'!$E$13 | Q45: ='Score Summary'!$E$15 | R45: =ABS(P45-Q45) -> #VALUE! | S45: 2.35 | T45: =IF(R45<S45,0,R45-S45) -> #VALUE! | U45: =P45-Q45 -> #VALUE! | X45: Soc | Y45: =ABS(AB8-$AG$9) -> #VALUE! | Z45: 2.12 | AA45: 2.22 | AB45: 3.44 | AC45: =IF(Y45>=AB45,"≤5%",IF(Y45>=AA45,"≤15%",">15%")) -> #VALUE! | AD45: Soc | AE45: =ABS(AB8-$AG$9) -> #VALUE! | AF45: 1.86 | AG45: 2.22 | AH45: 3.33 | AI45: =IF(AE45>=AH45,"≤5%",IF(AE45>=AG45,"≤15%",">15%")) -> #VALUE! | AK45: C-S | AL45: =VLOOKUP($B$4,$AD$64:$AG$71,2,FALSE) -> 5.88 | AM45: =AH76 -> >15%
E46: Hlth/Safe | F46: SlfDirect | G46: ='Score Summary'!$E$13 | H46: ='Score Summary'!$E$16 | I46: =ABS(G46-H46) -> #VALUE! | J46: 2.04 | K46: =IF(I46<J46,0,I46-J46) -> #VALUE! | L46: =G46-H46 -> #VALUE! | N46: Hlth/Safe | O46: SlfDirect | P46: ='Score Summary'!$E$13 | Q46: ='Score Summary'!$E$16 | R46: =ABS(P46-Q46) -> #VALUE! | S46: 2.04 | T46: =IF(R46<S46,0,R46-S46) -> #VALUE! | U46: =P46-Q46 -> #VALUE! | AK46: C-P | AL46: =VLOOKUP($B$4,$AD$64:$AG$71,3,FALSE) -> 5.88 | AM46: =AH77 -> >15%
E47: Hlth/Safe | F47: Social | G47: ='Score Summary'!$E$13 | H47: ='Score Summary'!$E$17 | I47: =ABS(G47-H47) -> #VALUE! | J47: 2.12 | K47: =IF(I47<J47,0,I47-J47) -> #VALUE! | L47: =G47-H47 -> #VALUE! | N47: Hlth/Safe | O47: Social | P47: ='Score Summary'!$E$13 | Q47: ='Score Summary'!$E$17 | R47: =ABS(P47-Q47) -> #VALUE! | S47: 2.04 | T47: =IF(R47<S47,0,R47-S47) -> #VALUE! | U47: =P47-Q47 -> #VALUE! | X47: w/ Work | AD47: w/ Work | AK47: S-P | AL47: =VLOOKUP($B$4,$AD$64:$AG$71,4,FALSE) -> 5.88 | AM47: =AH78 -> >15%
E48: Hlth/Safe | F48: Work | G48: ='Score Summary'!$E$13 | H48: ='Score Summary'!$E$18 | I48: =ABS(G48-H48) -> #VALUE! | J48: 1.66 | K48: =IF(I48<J48,0,I48-J48) -> #VALUE! | L48: =G48-H48 -> #VALUE! | N48: Hlth/Safe | O48: Work | P48: ='Score Summary'!$E$13 | Q48: ='Score Summary'!$E$18 | R48: =ABS(P48-Q48) -> #VALUE! | S48: 1.76 | T48: =IF(R48<S48,0,R48-S48) -> #VALUE! | U48: =P48-Q48 -> #VALUE! | X48: Scale | Y48: Diff | Z48: Sig | AA48: 0.15 | AB48: 0.05 | AC48: BR | AD48: Scale | AE48: Diff | AF48: Sig | AG48: 0.15 | AH48: 0.05 | AI48: BR
E49: Leisure | F49: SelfCare | G49: ='Score Summary'!$E$14 | H49: ='Score Summary'!$E$15 | I49: =ABS(G49-H49) -> #VALUE! | J49: 2.12 | K49: =IF(I49<J49,0,I49-J49) -> #VALUE! | L49: =G49-H49 -> #VALUE! | N49: Leisure | O49: SelfCare | P49: ='Score Summary'!$E$14 | Q49: ='Score Summary'!$E$15 | R49: =ABS(P49-Q49) -> #VALUE! | S49: 2.12 | T49: =IF(R49<S49,0,R49-S49) -> #VALUE! | U49: =P49-Q49 -> #VALUE! | X49: Comm | Y49: =ABS(Y5-$AG$10) -> #VALUE! | Z49: 1.76 | AA49: 2.9 | AB49: 4.1 | AC49: =IF(Y49>=AB49,"≤5%",IF(Y49>=AA49,"≤15%",">15%")) -> #VALUE! | AD49: Comm | AE49: =ABS(Y5-$AG$10) -> #VALUE! | AF49: 1.44 | AG49: 3.3 | AH49: 5.1 | AI49: =IF(AE49>=AH49,"≤5%",IF(AE49>=AG49,"≤15%",">15%")) -> #VALUE!
E50: Leisure | F50: SlfDirect | G50: ='Score Summary'!$E$14 | H50: ='Score Summary'!$E$16 | I50: =ABS(G50-H50) -> #VALUE! | J50: 1.95 | K50: =IF(I50<J50,0,I50-J50) -> #VALUE! | L50: =G50-H50 -> #VALUE! | N50: Leisure | O50: SlfDirect | P50: ='Score Summary'!$E$14 | Q50: ='Score Summary'!$E$16 | R50: =ABS(P50-Q50) -> #VALUE! | S50: 1.76 | T50: =IF(R50<S50,0,R50-S50) -> #VALUE! | U50: =P50-Q50 -> #VALUE! | X50: CU | Y50: =ABS(Y6-$AG$10) -> #VALUE! | Z50: 1.66 | AA50: 2.1 | AB50: 3.5 | AC50: =IF(Y50>=AB50,"≤5%",IF(Y50>=AA50,"≤15%",">15%")) -> #VALUE! | AD50: CU | AE50: =ABS(Y6-$AG$10) -> #VALUE! | AF50: 1.56 | AG50: 2.5 | AH50: 3.7 | AI50: =IF(AE50>=AH50,"≤5%",IF(AE50>=AG50,"≤15%",">15%")) -> #VALUE!
E51: Leisure | F51: Social | G51: ='Score Summary'!$E$14 | H51: ='Score Summary'!$E$17 | I51: =ABS(G51-H51) -> #VALUE! | J51: 2.04 | K51: =IF(I51<J51,0,I51-J51) -> #VALUE! | L51: =G51-H51 -> #VALUE! | N51: Leisure | O51: Social | P51: ='Score Summary'!$E$14 | Q51: ='Score Summary'!$E$17 | R51: =ABS(P51-Q51) -> #VALUE! | S51: 1.76 | T51: =IF(R51<S51,0,R51-S51) -> #VALUE! | U51: =P51-Q51 -> #VALUE! | X51: FA | Y51: =ABS(Y7-$AG$10) -> #VALUE! | Z51: 1.66 | AA51: 2.2 | AB51: 3.3 | AC51: =IF(Y51>=AB51,"≤5%",IF(Y51>=AA51,"≤15%",">15%")) -> #VALUE! | AD51: FA | AE51: =ABS(Y7-$AG$10) -> #VALUE! | AF51: 1.56 | AG51: 2.7 | AH51: 4 | AI51: =IF(AE51>=AH51,"≤5%",IF(AE51>=AG51,"≤15%",">15%")) -> #VALUE!
E52: Leisure | F52: Work | G52: ='Score Summary'!$E$14 | H52: ='Score Summary'!$E$18 | I52: =ABS(G52-H52) -> #VALUE! | J52: 1.56 | K52: =IF(I52<J52,0,I52-J52) -> #VALUE! | L52: =G52-H52 -> #VALUE! | N52: Leisure | O52: Work | P52: ='Score Summary'!$E$14 | Q52: ='Score Summary'!$E$18 | R52: =ABS(P52-Q52) -> #VALUE! | S52: 1.44 | T52: =IF(R52<S52,0,R52-S52) -> #VALUE! | U52: =P52-Q52 -> #VALUE! | X52: HL | Y52: =ABS(Y8-$AG$10) -> #VALUE! | Z52: 1.66 | AA52: 2.7 | AB52: 4 | AC52: =IF(Y52>=AB52,"≤5%",IF(Y52>=AA52,"≤15%",">15%")) -> #VALUE! | AD52: HL | AE52: =ABS(Y8-$AG$10) -> #VALUE! | AF52: 1.56 | AG52: 2.8 | AH52: 4.1 | AI52: =IF(AE52>=AH52,"≤5%",IF(AE52>=AG52,"≤15%",">15%")) -> #VALUE!
E53: SelfCare | F53: SlfDirect | G53: ='Score Summary'!$E$15 | H53: ='Score Summary'!$E$16 | I53: =ABS(G53-H53) -> #VALUE! | J53: 2.04 | K53: =IF(I53<J53,0,I53-J53) -> #VALUE! | L53: =G53-H53 -> #VALUE! | N53: SelfCare | O53: SlfDirect | P53: ='Score Summary'!$E$15 | Q53: ='Score Summary'!$E$16 | R53: =ABS(P53-Q53) -> #VALUE! | S53: 2.04 | T53: =IF(R53<S53,0,R53-S53) -> #VALUE! | U53: =P53-Q53 -> #VALUE! | X53: HS | Y53: =ABS(Y9-$AG$10) -> #VALUE! | Z53: 1.66 | AA53: 2.9 | AB53: 4.1 | AC53: =IF(Y53>=AB53,"≤5%",IF(Y53>=AA53,"≤15%",">15%")) -> #VALUE! | AD53: HS | AE53: =ABS(Y9-$AG$10) -> #VALUE! | AF53: 1.76 | AG53: 3.1 | AH53: 4.4 | AI53: =IF(AE53>=AH53,"≤5%",IF(AE53>=AG53,"≤15%",">15%")) -> #VALUE!
E54: SelfCare | F54: Social | G54: ='Score Summary'!$E$15 | H54: ='Score Summary'!$E$17 | I54: =ABS(G54-H54) -> #VALUE! | J54: 2.12 | K54: =IF(I54<J54,0,I54-J54) -> #VALUE! | L54: =G54-H54 -> #VALUE! | N54: SelfCare | O54: Social | P54: ='Score Summary'!$E$15 | Q54: ='Score Summary'!$E$17 | R54: =ABS(P54-Q54) -> #VALUE! | S54: 2.04 | T54: =IF(R54<S54,0,R54-S54) -> #VALUE! | U54: =P54-Q54 -> #VALUE! | X54: LS | Y54: =ABS(AB5-$AG$10) -> #VALUE! | Z54: 1.56 | AA54: 2.4 | AB54: 3.5 | AC54: =IF(Y54>=AB54,"≤5%",IF(Y54>=AA54,"≤15%",">15%")) -> #VALUE! | AD54: LS | AE54: =ABS(AB5-$AG$10) -> #VALUE! | AF54: 1.44 | AG54: 2.6 | AH54: 3.6 | AI54: =IF(AE54>=AH54,"≤5%",IF(AE54>=AG54,"≤15%",">15%")) -> #VALUE!
E55: SelfCare | F55: Work | G55: ='Score Summary'!$E$15 | H55: ='Score Summary'!$E$18 | I55: =ABS(G55-H55) -> #VALUE! | J55: 1.66 | K55: =IF(I55<J55,0,I55-J55) -> #VALUE! | L55: =G55-H55 -> #VALUE! | N55: SelfCare | O55: Work | P55: ='Score Summary'!$E$15 | Q55: ='Score Summary'!$E$18 | R55: =ABS(P55-Q55) -> #VALUE! | S55: 1.76 | T55: =IF(R55<S55,0,R55-S55) -> #VALUE! | U55: =P55-Q55 -> #VALUE! | X55: SC | Y55: =ABS(AB6-$AG$10) -> #VALUE! | Z55: 1.66 | AA55: 2.8 | AB55: 4.1 | AC55: =IF(Y55>=AB55,"≤5%",IF(Y55>=AA55,"≤15%",">15%")) -> #VALUE! | AD55: SC | AE55: =ABS(AB6-$AG$10) -> #VALUE! | AF55: 1.66 | AG55: 3.2 | AH55: 5 | AI55: =IF(AE55>=AH55,"≤5%",IF(AE55>=AG55,"≤15%",">15%")) -> #VALUE!
E56: SlfDirect | F56: Social | G56: ='Score Summary'!$E$16 | H56: ='Score Summary'!$E$17 | I56: =ABS(G56-H56) -> #VALUE! | J56: 1.95 | K56: =IF(I56<J56,0,I56-J56) -> #VALUE! | L56: =G56-H56 -> #VALUE! | N56: SlfDirect | O56: Social | P56: ='Score Summary'!$E$16 | Q56: ='Score Summary'!$E$17 | R56: =ABS(P56-Q56) -> #VALUE! | S56: 1.66 | T56: =IF(R56<S56,0,R56-S56) -> #VALUE! | U56: =P56-Q56 -> #VALUE! | X56: SD | Y56: =ABS(AB7-$AG$10) -> #VALUE! | Z56: 1.44 | AA56: 2.2 | AB56: 3.4 | AC56: =IF(Y56>=AB56,"≤5%",IF(Y56>=AA56,"≤15%",">15%")) -> #VALUE! | AD56: SD | AE56: =ABS(AB7-$AG$10) -> #VALUE! | AF56: 1.31 | AG56: 2.5 | AH56: 4 | AI56: =IF(AE56>=AH56,"≤5%",IF(AE56>=AG56,"≤15%",">15%")) -> #VALUE!
E57: SlfDirect | F57: Work | G57: ='Score Summary'!$E$16 | H57: ='Score Summary'!$E$18 | I57: =ABS(G57-H57) -> #VALUE! | J57: 1.44 | K57: =IF(I57<J57,0,I57-J57) -> #VALUE! | L57: =G57-H57 -> #VALUE! | N57: SlfDirect | O57: Work | P57: ='Score Summary'!$E$16 | Q57: ='Score Summary'!$E$18 | R57: =ABS(P57-Q57) -> #VALUE! | S57: 1.31 | T57: =IF(R57<S57,0,R57-S57) -> #VALUE! | U57: =P57-Q57 -> #VALUE! | X57: Soc | Y57: =ABS(AB8-$AG$10) -> #VALUE! | Z57: 1.56 | AA57: 2.4 | AB57: 3.6 | AC57: =IF(Y57>=AB57,"≤5%",IF(Y57>=AA57,"≤15%",">15%")) -> #VALUE! | AD57: Soc | AE57: =ABS(AB8-$AG$10) -> #VALUE! | AF57: 1.31 | AG57: 2.5 | AH57: 3.7 | AI57: =IF(AE57>=AH57,"≤5%",IF(AE57>=AG57,"≤15%",">15%")) -> #VALUE!
E58: Social | F58: Work | G58: ='Score Summary'!$E$17 | H58: ='Score Summary'!$E$18 | I58: =ABS(G58-H58) -> #VALUE! | J58: 1.56 | K58: =IF(I58<J58,0,I58-J58) -> #VALUE! | L58: =G58-H58 -> #VALUE! | N58: Social | O58: Work | P58: ='Score Summary'!$E$17 | Q58: ='Score Summary'!$E$18 | R58: =ABS(P58-Q58) -> #VALUE! | S58: 1.31 | T58: =IF(R58<S58,0,R58-S58) -> #VALUE! | U58: =P58-Q58 -> #VALUE! | X58: Work | Y58: =ABS(AB9-$AG$10) -> #VALUE! | Z58: 0.83 | AA58: 6.2 | AB58: 9.7 | AC58: =IF(Y58>=AB58,"≤5%",IF(Y58>=AA58,"≤15%",">15%")) -> #VALUE! | AD58: Work | AE58: =ABS(AB9-$AG$10) -> #VALUE! | AF58: 0.83 | AG58: 7.3 | AH58: 10 | AI58: =IF(AE58>=AH58,"≤5%",IF(AE58>=AG58,"≤15%",">15%")) -> #VALUE!
H59: Max: | I59: =MAX(I14:I58) -> #VALUE! | J59: Max: | K59: =MAX(K14:K58) -> #VALUE! | Q59: Max: | R59: =MAX(R14:R58) -> #VALUE! | S59: Max: | T59: =MAX(T14:T58) -> #VALUE!
F60: Skill 1 by Diff-Sig: | G60: =INDEX(E14:L58,MATCH(K59,K14:K58,0),1) -> #VALUE! | H60: Skill 2: | I60: =INDEX(E14:L58,MATCH(K59,K14:K58,0),2) -> #VALUE! | O60: Skill 1 by Diff-Sig: | P60: =INDEX(N14:U58,MATCH(T59,T14:T58,0),1) -> #VALUE! | Q60: Skill 2: | R60: =INDEX(N14:U58,MATCH(T59,T14:T58,0),2) -> #VALUE!
F61: Highest: | G61: =IF(L61>0,G60,I60) -> #VALUE! | H61: Lowest: | I61: =IF(L61<=0,G60,I60) -> #VALUE! | J61: Sig Val: | K61: =INDEX(E14:L58,MATCH(K59,K14:K58,0),6) -> #VALUE! | L61: =INDEX(E14:L58,MATCH(K59,K14:K58,0),8) -> #VALUE! | O61: Highest: | P61: =IF(U61>0,P60,R60) -> #VALUE! | Q61: Lowest: | R61: =IF(U61<=0,P60,R60) -> #VALUE! | S61: Sig Val: | T61: =INDEX(N14:U58,MATCH(T59,T14:T58,0),6) -> #VALUE! | U61: =INDEX(N14:U58,MATCH(T59,T14:T58,0),8) -> #VALUE!
F62: Skill 1 by Diff: | G62: =INDEX(E14:L58,MATCH(I59,I14:I58,0),1) -> #VALUE! | H62: Skill 2: | I62: =INDEX(E14:L58,MATCH(I59,I14:I58,0),2) -> #VALUE! | O62: Skill 1 by Diff: | P62: =INDEX(N14:U58,MATCH(R59,R14:R58,0),1) -> #VALUE! | Q62: Skill 2: | R62: =INDEX(N14:U58,MATCH(R59,R14:R58,0),2) -> #VALUE!
F63: Highest: | G63: =IF(L63>0,G62,I62) -> #VALUE! | H63: Lowest: | I63: =IF(L63<=0,G62,I62) -> #VALUE! | J63: Sig Val: | K63: =INDEX(E14:L58,MATCH(I59,I14:I58,0),6) -> #VALUE! | L63: =INDEX(E14:L58,MATCH(I59,I14:I58,0),8) -> #VALUE! | O63: Highest: | P63: =IF(U63>0,P62,R62) -> #VALUE! | Q63: Lowest: | R63: =IF(U63<=0,P62,R62) -> #VALUE! | S63: Sig Val: | T63: =INDEX(N14:U58,MATCH(R59,R14:R58,0),6) -> #VALUE! | U63: =INDEX(N14:U58,MATCH(R59,R14:R58,0),8) -> #VALUE! | X63: Differences b/w Domain SELF (B.25) - w/o Work | AD63: Differences b/w Domain OTHER (B.32) - w/o Work
E64: Use: | F64: Highest: | G64: =IF(SUM(K14:K58)=0,G61,G63) -> #VALUE! | H64: Lowest: | I64: =IF(SUM(K14:K58)=0,I61,I63) -> #VALUE! | J64: Sig Val: | K64: =IF(SUM(K14:K58)=0,K61,K63) -> #VALUE! | N64: Use: | O64: Highest: | P64: =IF(SUM(T14:T58)=0,P61,P63) -> #VALUE! | Q64: Lowest: | R64: =IF(SUM(T14:T58)=0,R61,R63) -> #VALUE! | S64: Sig Val: | T64: =IF(SUM(T14:T58)=0,T61,T63) -> #VALUE! | X64: Age | Y64: C-S | Z64: C-P | AA64: S-P | AD64: Age | AE64: C-S | AF64: C-P | AG64: S-P
E65: Scatter in Adaptive Skills (SELF) (B.27) - All Skills w/o Work | N65: Scatter in Adaptive Skills (OTHERS) (B.34) - All Skills w/o Work | X65: 16-21 | Y65: 8.32 | Z65: 7.78 | AA65: 7.78 | AD65: 16-21 | AE65: 5.88 | AF65: 5.88 | AG65: 5.88
E66: Skill 1 | F66: Skill 2 | G66: SS 1 | H66: SS 2 | I66: AbsDiff | J66: Sig Val | K66: Diff-Sig | L66: Diff | N66: Skill 1 | O66: Skill 2 | P66: SS 1 | Q66: SS 2 | R66: AbsDiff | S66: Sig Val | T66: Diff-Sig | U66: Diff | X66: 22-29 | Y66: 7.78 | Z66: 7.78 | AA66: 7.2 | AD66: 22-29 | AE66: 8.32 | AF66: 8.32 | AG66: 8.32
E67: Communic | F67: CommUse | G67: ='Score Summary'!$E$9 | H67: ='Score Summary'!$E$10 | I67: =ABS(G67-H67) -> #VALUE! | J67: 2.28 | K67: =IF(I67<J67,0,I67-J67) -> #VALUE! | L67: =G67-H67 -> #VALUE! | N67: Communic | O67: CommUse | P67: ='Score Summary'!$E$9 | Q67: ='Score Summary'!$E$10 | R67: =ABS(P67-Q67) -> #VALUE! | S67: 1.95 | T67: =IF(R67<S67,0,R67-S67) -> #VALUE! | U67: =P67-Q67 -> #VALUE! | X67: 30-39 | Y67: 7.78 | Z67: 7.2 | AA67: 7.78 | AD67: 30-39 | AE67: 7.78 | AF67: 7.78 | AG67: 8.32
E68: Communic | F68: FuncAcad | G68: ='Score Summary'!$E$9 | H68: ='Score Summary'!$E$11 | I68: =ABS(G68-H68) -> #VALUE! | J68: 2.28 | K68: =IF(I68<J68,0,I68-J68) -> #VALUE! | L68: =G68-H68 -> #VALUE! | N68: Communic | O68: FuncAcad | P68: ='Score Summary'!$E$9 | Q68: ='Score Summary'!$E$11 | R68: =ABS(P68-Q68) -> #VALUE! | S68: 1.95 | T68: =IF(R68<S68,0,R68-S68) -> #VALUE! | U68: =P68-Q68 -> #VALUE! | X68: 40-49 | Y68: 7.78 | Z68: 6.57 | AA68: 7.2 | AD68: 40-49 | AE68: 7.78 | AF68: 7.78 | AG68: 7.2
E69: Communic | F69: HomeLiv | G69: ='Score Summary'!$E$9 | H69: ='Score Summary'!$E$12 | I69: =ABS(G69-H69) -> #VALUE! | J69: 2.28 | K69: =IF(I69<J69,0,I69-J69) -> #VALUE! | L69: =G69-H69 -> #VALUE! | N69: Communic | O69: HomeLiv | P69: ='Score Summary'!$E$9 | Q69: ='Score Summary'!$E$12 | R69: =ABS(P69-Q69) -> #VALUE! | S69: 1.95 | T69: =IF(R69<S69,0,R69-S69) -> #VALUE! | U69: =P69-Q69 -> #VALUE! | X69: 50-64 | Y69: 5.09 | Z69: 4.16 | AA69: 5.09 | AD69: 50-64 | AE69: 7.78 | AF69: 7.78 | AG69: 8.32
E70: Communic | F70: Hlth/Safe | G70: ='Score Summary'!$E$9 | H70: ='Score Summary'!$E$13 | I70: =ABS(G70-H70) -> #VALUE! | J70: 2.28 | K70: =IF(I70<J70,0,I70-J70) -> #VALUE! | L70: =G70-H70 -> #VALUE! | N70: Communic | O70: HlthSafe | P70: ='Score Summary'!$E$9 | Q70: ='Score Summary'!$E$13 | R70: =ABS(P70-Q70) -> #VALUE! | S70: 2.12 | T70: =IF(R70<S70,0,R70-S70) -> #VALUE! | U70: =P70-Q70 -> #VALUE! | X70: 65-74 | Y70: 9.75 | Z70: 9.3 | AA70: 9.75 | AD70: 65-74 | AE70: 6.57 | AF70: 6.57 | AG70: 7.2
E71: Communic | F71: Leisure | G71: ='Score Summary'!$E$9 | H71: ='Score Summary'!$E$14 | I71: =ABS(G71-H71) -> #VALUE! | J71: 2.2 | K71: =IF(I71<J71,0,I71-J71) -> #VALUE! | L71: =G71-H71 -> #VALUE! | N71: Communic | O71: Leisure | P71: ='Score Summary'!$E$9 | Q71: ='Score Summary'!$E$14 | R71: =ABS(P71-Q71) -> #VALUE! | S71: 1.86 | T71: =IF(R71<S71,0,R71-S71) -> #VALUE! | U71: =P71-Q71 -> #VALUE! | X71: 75-89 | Y71: 8.32 | Z71: 7.2 | AA71: 7.2 | AD71: 75-89 | AE71: 4.16 | AF71: 4.16 | AG71: 4.16
E72: Communic | F72: SelfCare | G72: ='Score Summary'!$E$9 | H72: ='Score Summary'!$E$15 | I72: =ABS(G72-H72) -> #VALUE! | J72: 2.28 | K72: =IF(I72<J72,0,I72-J72) -> #VALUE! | L72: =G72-H72 -> #VALUE! | N72: Communic | O72: SelfCare | P72: ='Score Summary'!$E$9 | Q72: ='Score Summary'!$E$15 | R72: =ABS(P72-Q72) -> #VALUE! | S72: 2.12 | T72: =IF(R72<S72,0,R72-S72) -> #VALUE! | U72: =P72-Q72 -> #VALUE!
E73: Communic | F73: SlfDirect | G73: ='Score Summary'!$E$9 | H73: ='Score Summary'!$E$16 | I73: =ABS(G73-H73) -> #VALUE! | J73: 2.12 | K73: =IF(I73<J73,0,I73-J73) -> #VALUE! | L73: =G73-H73 -> #VALUE! | N73: Communic | O73: SlfDirect | P73: ='Score Summary'!$E$9 | Q73: ='Score Summary'!$E$16 | R73: =ABS(P73-Q73) -> #VALUE! | S73: 1.76 | T73: =IF(R73<S73,0,R73-S73) -> #VALUE! | U73: =P73-Q73 -> #VALUE! | X73: Diff. b/w Domains Base Rates SELF (B.26) - w/o Work | AD73: Diff. b/w Domains Base Rates SELF (B.33) - w/o Work
E74: Communic | F74: Social | G74: ='Score Summary'!$E$9 | H74: ='Score Summary'!$E$17 | I74: =ABS(G74-H74) -> #VALUE! | J74: 2.2 | K74: =IF(I74<J74,0,I74-J74) -> #VALUE! | L74: =G74-H74 -> #VALUE! | N74: Communic | O74: Social | P74: ='Score Summary'!$E$9 | Q74: ='Score Summary'!$E$17 | R74: =ABS(P74-Q74) -> #VALUE! | S74: 1.76 | T74: =IF(R74<S74,0,R74-S74) -> #VALUE! | U74: =P74-Q74 -> #VALUE! | X74: CON: | Y74: =Calc2!$D$12 -> 41 | Z74: SOC: | AA74: =Calc2!$D$13 -> 49 | AB74: PR: | AC74: =Calc2!$D$15 -> 40 | AD74: CON: | AE74: =Calc2!$D$12 -> 41 | AF74: SOC: | AG74: =Calc2!$D$13 -> 49 | AH74: PR: | AI74: =Calc2!$D$15 -> 40
E75: CommUse | F75: FuncAcad | G75: ='Score Summary'!$E$10 | H75: ='Score Summary'!$E$11 | I75: =ABS(G75-H75) -> #VALUE! | J75: 2.2 | K75: =IF(I75<J75,0,I75-J75) -> #VALUE! | L75: =G75-H75 -> #VALUE! | N75: CommUse | O75: FuncAcad | P75: ='Score Summary'!$E$10 | Q75: ='Score Summary'!$E$11 | R75: =ABS(P75-Q75) -> #VALUE! | S75: 2.04 | T75: =IF(R75<S75,0,R75-S75) -> #VALUE! | U75: =P75-Q75 -> #VALUE! | Y75: DIFF | Z75: 0.15 | AA75: 0.05 | AB75: BR | AE75: DIFF | AF75: 0.15 | AG75: 0.05 | AH75: BR
E76: CommUse | F76: HomeLiv | G76: ='Score Summary'!$E$10 | H76: ='Score Summary'!$E$12 | I76: =ABS(G76-H76) -> #VALUE! | J76: 2.2 | K76: =IF(I76<J76,0,I76-J76) -> #VALUE! | L76: =G76-H76 -> #VALUE! | N76: CommUse | O76: HomeLiv | P76: ='Score Summary'!$E$10 | Q76: ='Score Summary'!$E$12 | R76: =ABS(P76-Q76) -> #VALUE! | S76: 2.04 | T76: =IF(R76<S76,0,R76-S76) -> #VALUE! | U76: =P76-Q76 -> #VALUE! | X76: CON-SOC | Y76: =ABS(Y74-AA74) -> 8 | Z76: 9 | AA76: 15 | AB76: =IF(Y76>=AA76,"≤5%",IF(Y76>=Z76,"≤15%",">15%")) -> >15% | AD76: CON-SOC | AE76: =ABS(AE74-AG74) -> 8 | AF76: =IF(AE74>AG74,9,10) -> 10 | AG76: =IF(AE74>AG74,15,17) -> 17 | AH76: =IF(AE76>=AG76,"≤5%",IF(AE76>=AF76,"≤15%",">15%")) -> >15%
E77: CommUse | F77: Hlth/Safe | G77: ='Score Summary'!$E$10 | H77: ='Score Summary'!$E$13 | I77: =ABS(G77-H77) -> #VALUE! | J77: 2.2 | K77: =IF(I77<J77,0,I77-J77) -> #VALUE! | L77: =G77-H77 -> #VALUE! | N77: CommUse | O77: Hlth/Safe | P77: ='Score Summary'!$E$10 | Q77: ='Score Summary'!$E$13 | R77: =ABS(P77-Q77) -> #VALUE! | S77: 2.2 | T77: =IF(R77<S77,0,R77-S77) -> #VALUE! | U77: =P77-Q77 -> #VALUE! | X77: CON-PR | Y77: =ABS(Y74-AC74) -> 1 | Z77: =IF(Y74>AC74,9,7) -> 9 | AA77: =IF(Y74>AC74,13,12) -> 13 | AB77: =IF(Y77>=AA77,"≤5%",IF(Y77>=Z77,"≤15%",">15%")) -> >15% | AD77: CON-PR | AE77: =ABS(AE74-AI74) -> 1 | AF77: =IF(AE74>AI74,9,8) -> 9 | AG77: =IF(AE74>AI74,16,13) -> 16 | AH77: =IF(AE77>=AG77,"≤5%",IF(AE77>=AF77,"≤15%",">15%")) -> >15%
E78: CommUse | F78: Leisure | G78: ='Score Summary'!$E$10 | H78: ='Score Summary'!$E$14 | I78: =ABS(G78-H78) -> #VALUE! | J78: 2.12 | K78: =IF(I78<J78,0,I78-J78) -> #VALUE! | L78: =G78-H78 -> #VALUE! | N78: CommUse | O78: Leisure | P78: ='Score Summary'!$E$10 | Q78: ='Score Summary'!$E$14 | R78: =ABS(P78-Q78) -> #VALUE! | S78: 1.95 | T78: =IF(R78<S78,0,R78-S78) -> #VALUE! | U78: =P78-Q78 -> #VALUE! | X78: SOC-PR | Y78: =ABS(AA74-AC74) -> 9 | Z78: =IF(AA74>AC74,9,8) -> 9 | AA78: 15 | AB78: =IF(Y78>=AA78,"≤5%",IF(Y78>=Z78,"≤15%",">15%")) -> ≤15% | AD78: SOC-PR | AE78: =ABS(AG74-AI74) -> 9 | AF78: =IF(AG74>AI74,10,8) -> 10 | AG78: =IF(AG74>AI74,17,16) -> 17 | AH78: =IF(AE78>=AG78,"≤5%",IF(AE78>=AF78,"≤15%",">15%")) -> >15%
E79: CommUse | F79: SelfCare | G79: ='Score Summary'!$E$10 | H79: ='Score Summary'!$E$15 | I79: =ABS(G79-H79) -> #VALUE! | J79: 2.2 | K79: =IF(I79<J79,0,I79-J79) -> #VALUE! | L79: =G79-H79 -> #VALUE! | N79: CommUse | O79: SelfCare | P79: ='Score Summary'!$E$10 | Q79: ='Score Summary'!$E$15 | R79: =ABS(P79-Q79) -> #VALUE! | S79: 2.2 | T79: =IF(R79<S79,0,R79-S79) -> #VALUE! | U79: =P79-Q79 -> #VALUE!
E80: CommUse | F80: SlfDirect | G80: ='Score Summary'!$E$10 | H80: ='Score Summary'!$E$16 | I80: =ABS(G80-H80) -> #VALUE! | J80: 2.04 | K80: =IF(I80<J80,0,I80-J80) -> #VALUE! | L80: =G80-H80 -> #VALUE! | N80: CommUse | O80: SlfDirect | P80: ='Score Summary'!$E$10 | Q80: ='Score Summary'!$E$16 | R80: =ABS(P80-Q80) -> #VALUE! | S80: 1.86 | T80: =IF(R80<S80,0,R80-S80) -> #VALUE! | U80: =P80-Q80 -> #VALUE!
E81: CommUse | F81: Social | G81: ='Score Summary'!$E$10 | H81: ='Score Summary'!$E$17 | I81: =ABS(G81-H81) -> #VALUE! | J81: 2.12 | K81: =IF(I81<J81,0,I81-J81) -> #VALUE! | L81: =G81-H81 -> #VALUE! | N81: CommUse | O81: Social | P81: ='Score Summary'!$E$10 | Q81: ='Score Summary'!$E$17 | R81: =ABS(P81-Q81) -> #VALUE! | S81: 1.86 | T81: =IF(R81<S81,0,R81-S81) -> #VALUE! | U81: =P81-Q81 -> #VALUE!
E82: FuncAcad | F82: HomeLiv | G82: ='Score Summary'!$E$11 | H82: ='Score Summary'!$E$12 | I82: =ABS(G82-H82) -> #VALUE! | J82: 2.2 | K82: =IF(I82<J82,0,I82-J82) -> #VALUE! | L82: =G82-H82 -> #VALUE! | N82: FuncAcad | O82: HomeLiv | P82: ='Score Summary'!$E$11 | Q82: ='Score Summary'!$E$12 | R82: =ABS(P82-Q82) -> #VALUE! | S82: 2.04 | T82: =IF(R82<S82,0,R82-S82) -> #VALUE! | U82: =P82-Q82 -> #VALUE!
E83: FuncAcad | F83: Hlth/Safe | G83: ='Score Summary'!$E$11 | H83: ='Score Summary'!$E$13 | I83: =ABS(G83-H83) -> #VALUE! | J83: 2.2 | K83: =IF(I83<J83,0,I83-J83) -> #VALUE! | L83: =G83-H83 -> #VALUE! | N83: FuncAcad | O83: Hlth/Safe | P83: ='Score Summary'!$E$11 | Q83: ='Score Summary'!$E$13 | R83: =ABS(P83-Q83) -> #VALUE! | S83: 2.2 | T83: =IF(R83<S83,0,R83-S83) -> #VALUE! | U83: =P83-Q83 -> #VALUE!
E84: FuncAcad | F84: Leisure | G84: ='Score Summary'!$E$11 | H84: ='Score Summary'!$E$14 | I84: =ABS(G84-H84) -> #VALUE! | J84: 2.12 | K84: =IF(I84<J84,0,I84-J84) -> #VALUE! | L84: =G84-H84 -> #VALUE! | N84: FuncAcad | O84: Leisure | P84: ='Score Summary'!$E$11 | Q84: ='Score Summary'!$E$14 | R84: =ABS(P84-Q84) -> #VALUE! | S84: 1.95 | T84: =IF(R84<S84,0,R84-S84) -> #VALUE! | U84: =P84-Q84 -> #VALUE!
E85: FuncAcad | F85: SelfCare | G85: ='Score Summary'!$E$11 | H85: ='Score Summary'!$E$15 | I85: =ABS(G85-H85) -> #VALUE! | J85: 2.2 | K85: =IF(I85<J85,0,I85-J85) -> #VALUE! | L85: =G85-H85 -> #VALUE! | N85: FuncAcad | O85: SelfCare | P85: ='Score Summary'!$E$11 | Q85: ='Score Summary'!$E$15 | R85: =ABS(P85-Q85) -> #VALUE! | S85: 2.2 | T85: =IF(R85<S85,0,R85-S85) -> #VALUE! | U85: =P85-Q85 -> #VALUE!
E86: FuncAcad | F86: SlfDirect | G86: ='Score Summary'!$E$11 | H86: ='Score Summary'!$E$16 | I86: =ABS(G86-H86) -> #VALUE! | J86: 2.04 | K86: =IF(I86<J86,0,I86-J86) -> #VALUE! | L86: =G86-H86 -> #VALUE! | N86: FuncAcad | O86: SlfDirect | P86: ='Score Summary'!$E$11 | Q86: ='Score Summary'!$E$16 | R86: =ABS(P86-Q86) -> #VALUE! | S86: 1.86 | T86: =IF(R86<S86,0,R86-S86) -> #VALUE! | U86: =P86-Q86 -> #VALUE!
E87: FuncAcad | F87: Social | G87: ='Score Summary'!$E$11 | H87: ='Score Summary'!$E$17 | I87: =ABS(G87-H87) -> #VALUE! | J87: 2.12 | K87: =IF(I87<J87,0,I87-J87) -> #VALUE! | L87: =G87-H87 -> #VALUE! | N87: FuncAcad | O87: Social | P87: ='Score Summary'!$E$11 | Q87: ='Score Summary'!$E$17 | R87: =ABS(P87-Q87) -> #VALUE! | S87: 1.86 | T87: =IF(R87<S87,0,R87-S87) -> #VALUE! | U87: =P87-Q87 -> #VALUE!
E88: HomeLiv | F88: Hlth/Safe | G88: ='Score Summary'!$E$12 | H88: ='Score Summary'!$E$13 | I88: =ABS(G88-H88) -> #VALUE! | J88: 2.2 | K88: =IF(I88<J88,0,I88-J88) -> #VALUE! | L88: =G88-H88 -> #VALUE! | N88: HomeLiv | O88: Hlth/Safe | P88: ='Score Summary'!$E$12 | Q88: ='Score Summary'!$E$13 | R88: =ABS(P88-Q88) -> #VALUE! | S88: 2.2 | T88: =IF(R88<S88,0,R88-S88) -> #VALUE! | U88: =P88-Q88 -> #VALUE!
E89: HomeLiv | F89: Leisure | G89: ='Score Summary'!$E$12 | H89: ='Score Summary'!$E$14 | I89: =ABS(G89-H89) -> #VALUE! | J89: 2.12 | K89: =IF(I89<J89,0,I89-J89) -> #VALUE! | L89: =G89-H89 -> #VALUE! | N89: HomeLiv | O89: Leisure | P89: ='Score Summary'!$E$12 | Q89: ='Score Summary'!$E$14 | R89: =ABS(P89-Q89) -> #VALUE! | S89: 1.95 | T89: =IF(R89<S89,0,R89-S89) -> #VALUE! | U89: =P89-Q89 -> #VALUE!
E90: HomeLiv | F90: SelfCare | G90: ='Score Summary'!$E$12 | H90: ='Score Summary'!$E$15 | I90: =ABS(G90-H90) -> #VALUE! | J90: 2.2 | K90: =IF(I90<J90,0,I90-J90) -> #VALUE! | L90: =G90-H90 -> #VALUE! | N90: HomeLiv | O90: SelfCare | P90: ='Score Summary'!$E$12 | Q90: ='Score Summary'!$E$15 | R90: =ABS(P90-Q90) -> #VALUE! | S90: 2.2 | T90: =IF(R90<S90,0,R90-S90) -> #VALUE! | U90: =P90-Q90 -> #VALUE!
E91: HomeLiv | F91: SlfDirect | G91: ='Score Summary'!$E$12 | H91: ='Score Summary'!$E$16 | I91: =ABS(G91-H91) -> #VALUE! | J91: 2.04 | K91: =IF(I91<J91,0,I91-J91) -> #VALUE! | L91: =G91-H91 -> #VALUE! | N91: HomeLiv | O91: SlfDirect | P91: ='Score Summary'!$E$12 | Q91: ='Score Summary'!$E$16 | R91: =ABS(P91-Q91) -> #VALUE! | S91: 1.86 | T91: =IF(R91<S91,0,R91-S91) -> #VALUE! | U91: =P91-Q91 -> #VALUE!
E92: HomeLiv | F92: Social | G92: ='Score Summary'!$E$12 | H92: ='Score Summary'!$E$17 | I92: =ABS(G92-H92) -> #VALUE! | J92: 2.12 | K92: =IF(I92<J92,0,I92-J92) -> #VALUE! | L92: =G92-H92 -> #VALUE! | N92: HomeLiv | O92: Social | P92: ='Score Summary'!$E$12 | Q92: ='Score Summary'!$E$17 | R92: =ABS(P92-Q92) -> #VALUE! | S92: 1.86 | T92: =IF(R92<S92,0,R92-S92) -> #VALUE! | U92: =P92-Q92 -> #VALUE!
E93: Hlth/Safe | F93: Leisure | G93: ='Score Summary'!$E$13 | H93: ='Score Summary'!$E$14 | I93: =ABS(G93-H93) -> #VALUE! | J93: 2.12 | K93: =IF(I93<J93,0,I93-J93) -> #VALUE! | L93: =G93-H93 -> #VALUE! | N93: Hlth/Safe | O93: Leisure | P93: ='Score Summary'!$E$13 | Q93: ='Score Summary'!$E$14 | R93: =ABS(P93-Q93) -> #VALUE! | S93: 2.12 | T93: =IF(R93<S93,0,R93-S93) -> #VALUE! | U93: =P93-Q93 -> #VALUE!
E94: Hlth/Safe | F94: SelfCare | G94: ='Score Summary'!$E$13 | H94: ='Score Summary'!$E$15 | I94: =ABS(G94-H94) -> #VALUE! | J94: 2.2 | K94: =IF(I94<J94,0,I94-J94) -> #VALUE! | L94: =G94-H94 -> #VALUE! | N94: Hlth/Safe | O94: SelfCare | P94: ='Score Summary'!$E$13 | Q94: ='Score Summary'!$E$15 | R94: =ABS(P94-Q94) -> #VALUE! | S94: 2.35 | T94: =IF(R94<S94,0,R94-S94) -> #VALUE! | U94: =P94-Q94 -> #VALUE!
E95: Hlth/Safe | F95: SlfDirect | G95: ='Score Summary'!$E$13 | H95: ='Score Summary'!$E$16 | I95: =ABS(G95-H95) -> #VALUE! | J95: 2.04 | K95: =IF(I95<J95,0,I95-J95) -> #VALUE! | L95: =G95-H95 -> #VALUE! | N95: Hlth/Safe | O95: SlfDirect | P95: ='Score Summary'!$E$13 | Q95: ='Score Summary'!$E$16 | R95: =ABS(P95-Q95) -> #VALUE! | S95: 2.04 | T95: =IF(R95<S95,0,R95-S95) -> #VALUE! | U95: =P95-Q95 -> #VALUE!
E96: Hlth/Safe | F96: Social | G96: ='Score Summary'!$E$13 | H96: ='Score Summary'!$E$17 | I96: =ABS(G96-H96) -> #VALUE! | J96: 2.12 | K96: =IF(I96<J96,0,I96-J96) -> #VALUE! | L96: =G96-H96 -> #VALUE! | N96: Hlth/Safe | O96: Social | P96: ='Score Summary'!$E$13 | Q96: ='Score Summary'!$E$17 | R96: =ABS(P96-Q96) -> #VALUE! | S96: 2.04 | T96: =IF(R96<S96,0,R96-S96) -> #VALUE! | U96: =P96-Q96 -> #VALUE!
E97: Leisure | F97: SelfCare | G97: ='Score Summary'!$E$14 | H97: ='Score Summary'!$E$15 | I97: =ABS(G97-H97) -> #VALUE! | J97: 2.12 | K97: =IF(I97<J97,0,I97-J97) -> #VALUE! | L97: =G97-H97 -> #VALUE! | N97: Leisure | O97: SelfCare | P97: ='Score Summary'!$E$14 | Q97: ='Score Summary'!$E$15 | R97: =ABS(P97-Q97) -> #VALUE! | S97: 2.12 | T97: =IF(R97<S97,0,R97-S97) -> #VALUE! | U97: =P97-Q97 -> #VALUE!
E98: Leisure | F98: SlfDirect | G98: ='Score Summary'!$E$14 | H98: ='Score Summary'!$E$16 | I98: =ABS(G98-H98) -> #VALUE! | J98: 1.95 | K98: =IF(I98<J98,0,I98-J98) -> #VALUE! | L98: =G98-H98 -> #VALUE! | N98: Leisure | O98: SlfDirect | P98: ='Score Summary'!$E$14 | Q98: ='Score Summary'!$E$16 | R98: =ABS(P98-Q98) -> #VALUE! | S98: 1.76 | T98: =IF(R98<S98,0,R98-S98) -> #VALUE! | U98: =P98-Q98 -> #VALUE!
E99: Leisure | F99: Social | G99: ='Score Summary'!$E$14 | H99: ='Score Summary'!$E$17 | I99: =ABS(G99-H99) -> #VALUE! | J99: 2.04 | K99: =IF(I99<J99,0,I99-J99) -> #VALUE! | L99: =G99-H99 -> #VALUE! | N99: Leisure | O99: Social | P99: ='Score Summary'!$E$14 | Q99: ='Score Summary'!$E$17 | R99: =ABS(P99-Q99) -> #VALUE! | S99: 1.76 | T99: =IF(R99<S99,0,R99-S99) -> #VALUE! | U99: =P99-Q99 -> #VALUE!
E100: SelfCare | F100: SlfDirect | G100: ='Score Summary'!$E$15 | H100: ='Score Summary'!$E$16 | I100: =ABS(G100-H100) -> #VALUE! | J100: 2.04 | K100: =IF(I100<J100,0,I100-J100) -> #VALUE! | L100: =G100-H100 -> #VALUE! | N100: SelfCare | O100: SlfDirect | P100: ='Score Summary'!$E$15 | Q100: ='Score Summary'!$E$16 | R100: =ABS(P100-Q100) -> #VALUE! | S100: 2.04 | T100: =IF(R100<S100,0,R100-S100) -> #VALUE! | U100: =P100-Q100 -> #VALUE!
E101: SelfCare | F101: Social | G101: ='Score Summary'!$E$15 | H101: ='Score Summary'!$E$17 | I101: =ABS(G101-H101) -> #VALUE! | J101: 2.12 | K101: =IF(I101<J101,0,I101-J101) -> #VALUE! | L101: =G101-H101 -> #VALUE! | N101: SelfCare | O101: Social | P101: ='Score Summary'!$E$15 | Q101: ='Score Summary'!$E$17 | R101: =ABS(P101-Q101) -> #VALUE! | S101: 2.04 | T101: =IF(R101<S101,0,R101-S101) -> #VALUE! | U101: =P101-Q101 -> #VALUE!
E102: SlfDirect | F102: Social | G102: ='Score Summary'!$E$16 | H102: ='Score Summary'!$E$17 | I102: =ABS(G102-H102) -> #VALUE! | J102: 1.95 | K102: =IF(I102<J102,0,I102-J102) -> #VALUE! | L102: =G102-H102 -> #VALUE! | N102: SlfDirect | O102: Social | P102: ='Score Summary'!$E$16 | Q102: ='Score Summary'!$E$17 | R102: =ABS(P102-Q102) -> #VALUE! | S102: 1.66 | T102: =IF(R102<S102,0,R102-S102) -> #VALUE! | U102: =P102-Q102 -> #VALUE!
...
